id,telegram,type,date,author,caption,keywords,filename
2116,https://t.me/jotchuacontent/2116,photo,2026-10-08 16:19:39,Oowee,"Jotchua sits small at the far end of a mossy Minecraft stone-brick hallway, iron bars set into the wall. Send this when you are down a long corridor, stuck in a dungeon, or waiting at the back.","minecraft, stone-bricks, hallway, corridor, dungeon, iron-bars, moss, sitting, gaming, pixel",photo_2116_0.jpg
2115,https://t.me/jotchuacontent/2115,photo,2026-10-08 16:15:01,Oowee,"Jotchua sits under a blue sky crowded with floating Fall Guys props, including a burger, a cola can, a Gatorade bottle, a taco, a teddy bear, a sword, a bomb, and a Monster Mash bottle. Send this for Fall Guys or when everything is just hanging in the air.","fall-guys, floating, sky, burger, cola, taco, teddy-bear, sword, bomb, gun, knife, bottle, gatorade, monster-mash, potion, spring, props, gaming",photo_2115_0.jpg
2114,https://t.me/jotchuacontent/2114,photo,2026-10-08 16:12:17,Oowee,"Jotchua stands on a sandy path in a low-poly beach scene, palm trees and a rocky cliff on one side and the ocean on the other, under a starry blue sky. Send this for a game beach, a walk, or vacation.","beach, palm-tree, ocean, path, sand, stars, night, sky, flowers, cliff, low-poly, gaming, vacation",photo_2114_0.jpg
2113,https://t.me/jotchuacontent/2113,photo,2026-10-08 15:54:32,Oowee,"Jotchua sits beside a smiling jack-o-lantern inside SpongeBob's house, the doors open onto a dark blue night. Send this for Halloween at home or a quiet night in.","spongebob, halloween, pumpkin, jack-o-lantern, house, door, night, nickelodeon, cartoon",photo_2113_0.jpg
2112,https://t.me/jotchuacontent/2112,photo,2026-10-08 15:52:51,Oowee,"Jotchua wears cracked gold-and-black armor and a horned helmet wrapped in teal flames, a sword in one paw, a plastic lawn chair and dry hills behind him. Send this when you are fully armored, flaming, or locked in.","armor, helmet, horns, spikes, flames, fire, sword, gold, teal, glowing, fantasy, knight, lawn-chair, backyard",photo_2112_0.jpg
2111,https://t.me/jotchuacontent/2111,photo,2026-10-08 15:47:03,Oowee,"Jotchua in spiked purple armor and a spiked helmet holds a glowing blue blade and a spiked shield, a plastic lawn chair and dry hills behind him. Send this when you are geared up or the boss fight is next.","armor, helmet, spikes, blade, shield, glowing, blue, purple, chainmail, fantasy, knight, lawn-chair, backyard",photo_2111_0.jpg
2110,https://t.me/jotchuacontent/2110,photo,2026-10-08 15:46:28,Oowee,"Jotchua sits low in a field of pink and yellow wildflowers under a magenta sky, power lines and telephone poles stretching behind him. Send this for a pretty sky, sunset, or being outside.","flower, wildflowers, field, sunset, pink, sky, power-lines, telephone-pole, nature, outdoors",photo_2110_0.jpg
2109,https://t.me/jotchuacontent/2109,photo,2026-10-08 15:31:30,Oowee,"Jotchua stands in front of the Krusty Krab at night, a Happy Halloween banner across it, jack-o-lanterns, a full moon, and an Enter sign. Send this for Halloween or pulling up to the party.","spongebob, krusty-krab, halloween, pumpkin, jack-o-lantern, full-moon, night, restaurant, party, banner, enter-sign, nickelodeon, cartoon",photo_2109_0.jpg
2108,https://t.me/jotchuacontent/2108,photo,2026-10-08 15:29:21,Oowee,"Jotchua fills the foreground inside the Krusty Krab, checkered floor and red booths behind him, while a fish in a brown hat sits at the counter. Send this when you showed up at the Krusty Krab.","spongebob, krusty-krab, restaurant, counter, booth, checkered-floor, nickelodeon, cartoon, hat, fish, customer, stools",photo_2108_0.jpg
2107,https://t.me/jotchuacontent/2107,photo,2026-10-08 15:26:23,Oowee,"Jotchua stares into the camera on a sandy Counter-Strike map, Dust II's stone walls, green crates, and mountains behind him. Send this for Counter-Strike or when you are just standing on site.","counter-strike, csgo, dust2, desert, sand, map, crate, mountains, staring, fps, gaming",photo_2107_0.jpg
2106,https://t.me/jotchuacontent/2106,photo,2026-10-08 15:21:30,Oowee,"Jotchua's head pops up over a cluttered Windows XP desktop, the Bliss wallpaper packed with old game icons. Send this when your computer is a mess or you are stuck on an old PC.","windows-xp, desktop, wallpaper, bliss, icons, computer, pc, games, nostalgia, clutter",photo_2106_0.jpg
2105,https://t.me/jotchuacontent/2105,photo,2026-10-08 15:13:41,Oowee,"Jotchua stares into the camera in a dark room, a Christmas tree covered in multicolored lights behind him. Send this when the tree is up or it is Christmas.","christmas, christmas-tree, lights, holiday, night, staring, closeup, glowing, ornaments, cute",photo_2105_0.jpg
2104,https://t.me/jotchuacontent/2104,photo,2026-10-08 14:30:58,Oowee,"Jotchua in a purple-striped witch hat and a black hoodie sits inside an orange jack-o-lantern bucket, a wooden fence behind him. Send this for Halloween, trick-or-treat, or being the candy bucket.","halloween, witch, witch-hat, pumpkin, jack-o-lantern, bucket, hoodie, costume, trick-or-treat, fence, cute",photo_2104_0.jpg
2103,https://t.me/jotchuacontent/2103,photo,2026-10-08 14:22:02,Oowee,"Jotchua in a black bucket hat and small round sunglasses smokes a cigarette, denim jacket over a white shirt, standing in a hallway. Send this when you are being lowkey or cool about it.","bucket-hat, sunglasses, smoking, cigarette, denim, jacket, t-shirt, hallway",photo_2103_0.jpg
2102,https://t.me/jotchuacontent/2102,photo,2026-10-08 14:18:36,Oowee,"Jotchua with dreadlocks and white oval sunglasses lounges on a couch in a The Smiths shirt with Morrissey on it, gold chains and a cross on his chest, smoke coming off a cigarette. Send this for The Smiths, a cool pose, or smoking on the couch.","the-smiths, morrissey, sunglasses, dreadlocks, smoking, cigarette, gold-chain, cross, couch, t-shirt, bracelets, jewelry",photo_2102_0.jpg
2101,https://t.me/jotchuacontent/2101,photo,2026-10-08 14:08:26,Oowee,"Jotchua wears a white Chicago Bulls jersey with 91 on the front and a towel draped over his head like Dennis Rodman, the arena blurred behind him. Send this for Rodman, the Bulls, or coming off the court.","dennis-rodman, chicago-bulls, basketball, nba, jersey, towel, number-91, arena, sports",photo_2101_0.jpg
2100,https://t.me/jotchuacontent/2100,photo,2026-10-08 13:46:37,Oowee,"Jotchua in a black top hat and round glasses smokes a pipe in a black-and-white portrait. Send this when you are fancy, old-fashioned, or pretending to be sophisticated.","top-hat, glasses, pipe, smoking, black-and-white, vintage, gentleman, formal, fancy, monochrome",photo_2100_0.jpg
2099,https://t.me/jotchuacontent/2099,photo,2026-10-08 13:43:35,Oowee,"Jotchua stares out of an oil painting, thick brushstrokes on a dark brown ground. Send this for a portrait, being dramatic, or just looking.","painting, oil-painting, portrait, art, canvas, brushstrokes, staring, closeup",photo_2099_0.jpg
2098,https://t.me/jotchuacontent/2098,photo,2026-10-08 13:39:23,Oowee,"Jotchua in an orange number 8 jersey with Japanese lettering, baggy jeans, and a Jordan cap flips off the camera with a big ring and holds a pistol at his waist. He stands at night in front of an orange Japanese sports car. Send this when you are pissed, rude, or telling someone off.","middle-finger, flipping-off, jersey, number-8, jordan, jumpman, cap, jeans, ring, gun, pistol, car, sports-car, jdm, japan, japanese, night, orange, rude, angry, mad, rage, pissed, annoyed",photo_2098_0.jpg
2097,https://t.me/jotchuacontent/2097,photo,2026-10-08 05:52:58,Oowee,"Jotchua sits at a wooden table with a fan of Uno cards in his paw, a red Uno tin beside him and a green candy wrapper on the table. Send this when you are playing Uno or holding your hand.","uno, cards, card-game, playing, table, chair, candy, tin, game",photo_2097_0.jpg
2096,https://t.me/jotchuacontent/2096,photo,2026-10-08 05:50:38,Oowee,"Jotchua sits in a black vest and a red bow tie against a plain wall. Send this when you are dressed up, fancy, or on your best behavior.","bowtie, vest, formal, fancy, dressed-up, red, black, cute",photo_2096_0.jpg
2095,https://t.me/jotchuacontent/2095,photo,2026-10-08 05:21:12,Oowee,"Jotchua wears a blue-and-white lei and a dark floral shirt on a Waikiki beach, hotels and swimmers behind him. Send this for Hawaii, vacation, or a beach day.","beach, lei, hawaii, waikiki, vacation, ocean, hawaiian-shirt, flowers, hotel, sand, aloha, cute",photo_2095_0.jpg
2094,https://t.me/jotchuacontent/2094,photo,2026-10-08 05:19:35,Oowee,"Jotchua peeks over the table at the camera, next to a plate of boiled dumplings with sour cream and a fork. Cafe wallpaper hangs behind him. Send this when you want the food or you are waiting to be fed.","dumplings, food, staring, hungry, plate, fork, sour-cream, cafe, table, wallpaper",photo_2094_0.jpg
2093,https://t.me/jotchuacontent/2093,photo,2026-10-08 05:14:23,Oowee,"Jotchua in a plaid bandana sits in a green inflatable raft on the ocean, holding a fishing rod with a small fish on the line and an oar beside him. Send this when you caught one, you are out fishing, or the boat is the plan.","fishing, fish, fishing-rod, boat, inflatable, raft, ocean, bandana, oar, catch, sky, waves",photo_2093_0.jpg
2092,https://t.me/jotchuacontent/2092,photo,2026-10-08 05:09:19,Oowee,"Jotchua wears a small straw sombrero with a red brim and a white cloth printed with Our Lady of Guadalupe. Send this for the Mexican fit, Guadalupe, or the sombrero.","sombrero, hat, mexican, poncho, our-lady-of-guadalupe, cloth, red, straw",photo_2092_0.jpg
2091,https://t.me/jotchuacontent/2091,photo,2026-10-08 04:59:41,Oowee,"Jotchua sits in deep snow in a conical straw hat, frost on the brim, with bare snowy trees behind him. Send this for winter, the cold, or a quiet day outside.","snow, winter, cold, straw-hat, conical-hat, hat, sitting, trees, frost, cute",photo_2091_0.jpg
2090,https://t.me/jotchuacontent/2090,photo,2026-10-07 10:45:53,Oowee,"Jotchua sits in the window of a yellow plush Nissan Cube, black wheels and a clear windshield stitched on. Send this when you are riding in the toy car or just parked in something soft.","plush, stuffed, toy, car, yellow, nissan-cube, sitting, wheels, windshield",photo_2090_0.jpg
2089,https://t.me/jotchuacontent/2089,photo,2026-10-06 22:05:17,Titus,"Jotchua as Kakashi, silver hair and a leaf headband, punches Naruto and sends him flying through a cloud of dust, mountains behind them. One eye is the red sharingan. Send this for the Naruto fight, or when you just folded somebody.","kakashi, naruto, anime, ninja, punch, fighting, headband, sharingan, vest, costume, konoha, silver-hair, mountains, orange",photo_2089_0.jpg
2088,https://t.me/jotchuacontent/2088,photo,2026-10-06 21:33:31,Titus,"Jotchua, painted in a red shirt, clutches a microphone with both paws against a blue paneled wall. Send this when you have the mic, are about to sing, or need to say something.","microphone, mic, singing, red, shirt, cartoon, illustration, paws, blue, holding",photo_2088_0.jpg
2087,https://t.me/jotchuacontent/2087,photo,2026-10-06 21:06:27,Titus,"Jotchua's head sits on a cartoon body in white pajamas covered in red, green, and yellow shapes, with a tiny die showing five balanced on top. Send this for the pajama edit or when you are just standing there.","pajamas, pjs, cartoon, costume, illustration, shapes, dice, cute, standing, colorful",photo_2087_0.jpg
2086,https://t.me/jotchuacontent/2086,photo,2026-10-06 16:13:00,Oowee,"Jotchua lies in the sand under palm trees and waves a sandy paw at the camera, sun flaring behind him. Send this as a beach hello, a vacation check-in, or when you are outside and glad to be there.","beach, sand, waving, paw, palm-tree, ocean, coconuts, sun, vacation, tropical, cute, happy, smile, smiling, joy, excited, wholesome",photo_2086_0.jpg
2085,https://t.me/jotchuacontent/2085,photo,2026-10-06 16:06:42,Oowee,"Jotchua sits inside an Indesit washing machine and looks out through the round glass door. Send this when you are in the spin cycle, hiding in the laundry, or stuck in the wash.","washing-machine, laundry, washer, indesit, sitting, peeking, appliance, glass-door",photo_2085_0.jpg
2084,https://t.me/jotchuacontent/2084,photo,2026-10-06 16:02:27,Oowee,Jotchua looks into the camera from a doodle collage while an orange tent burns over a campfire under a cartoon moon. Send this when the plan is on fire and you are still fine.,"tent, fire, burning, campfire, camping, night, crescent-moon, stars, collage, cartoon, unbothered, this-is-fine",photo_2084_0.jpg
2083,https://t.me/jotchuacontent/2083,photo,2026-10-06 13:06:44,Oowee,"Jotchua sits in front of a decorated Christmas tree in a vintage photo, with candles, bows, ornaments, an angel, and wrapped gifts. Send this for Christmas, the tree, or a holiday card.","christmas, christmas-tree, tree, ornaments, presents, gifts, angel, bows, candles, vintage, sitting, holiday",photo_2083_0.jpg
2082,https://t.me/jotchuacontent/2082,photo,2026-10-06 12:35:16,Oowee,"Jotchua plays a green electric guitar in a wide stance on the carpet, red shirt and baggy jeans, with a bright green kid's chair beside him. Send this when you are rocking out or the solo is starting.","guitar, electric-guitar, music, rock, playing, wide-stance, jeans, shirt, red, green, chair, carpet",photo_2082_0.jpg
2081,https://t.me/jotchuacontent/2081,photo,2026-10-06 12:05:29,Oowee,"A man in a coat and gloves crouches to hold a microphone in front of Jotchua while police officers stand around them. Jotchua looks up at the mic. Send this when you are getting interviewed, questioned, or have to explain yourself.","interview, microphone, mic, reporter, news, press, police, cop, officer, man, male, guy, coat, gloves, scarf, crouching",photo_2081_0.jpg
2080,https://t.me/jotchuacontent/2080,photo,2026-10-06 11:06:39,Oowee,"Two Jotchuas drive a silver Porsche through a packed flock of sheep at night, headlights on under a pink sky. Send this when you are stuck in traffic, lost in the crowd, or just rolling through.","porsche, 911, car, driving, sheep, flock, night, headlights, pink, sky, mountains, duo, steering-wheel",photo_2080_0.jpg
2078,https://t.me/jotchuacontent/2078,photo,2026-10-06 10:48:08,Oowee,"Jotchua's head is on a tattooed body in a patterned durag, white tank, and neon sneakers, smoking beside the open door of a car with a bright green interior and a neon duffel on the ground. Send this when you are posted up outside the car, or the fit is the point.","durag, smoking, cigarette, tattoos, tank-top, shorts, sneakers, duffel-bag, car, green, night, chain, watch, dreads, streetwear",photo_2078_0.jpg
2077,https://t.me/jotchuacontent/2077,photo,2026-10-06 10:38:04,Oowee,"Jotchua stands on a surfboard inside a green wave, arms out, beside pink text that says everyone's like jotchua this, jotchua that, jotchua's me bro, let me be me. Send this when people will not let you be yourself.","surfing, surfboard, wave, ocean, green, text, quote, pink, standing, let-me-be-me",photo_2077_0.jpg
2075,https://t.me/jotchuacontent/2075,photo,2026-10-06 09:57:14,Oowee,"Jotchua leans from a car window in a bear-ear hat and an orange hoodie, one finger up, under the line took the E off of emotion and been on go ever since. Send this when you dropped the feelings and you are just on go.","bear-hat, bear, bear-ears, hoodie, orange, pointing, car, window, chain, graphic-tee, text, quote, emotion, motion, bracelet",photo_2075_0.jpg
2074,https://t.me/jotchuacontent/2074,photo,2026-10-06 08:31:38,Oowee,"Jotchua wears pearls, a trucker hat, and a black shirt that reads my last year being broke, beside a person wrapped in white at night. Send this when you are declaring the broke era over or manifesting the come-up.","shirt, t-shirt, text, quote, pearls, necklace, trucker-hat, hat, night, flash, come-up, winning, success, bullish, moon, pump, rich, money, cash, wealth",photo_2074_0.jpg
2073,https://t.me/jotchuacontent/2073,photo,2026-10-06 06:02:58,Oowee,"Jotchua sits in a car in a black-and-white photo, houndstooth flat cap on, under the line don't even joke lad. Send this when you are dead serious and they need to stop playing.","flat-cap, hat, houndstooth, serious, car, black-and-white, monochrome, text, quote, lad",photo_2073_0.jpg
2072,https://t.me/jotchuacontent/2072,photo,2026-10-06 05:55:52,Oowee,"Jotchua poses for a school portrait in black rectangular glasses and a yellow shirt with a red collar, on a plain blue backdrop. Send this for the nerd photo, the yearbook, or when you are locked in.","glasses, nerd, portrait, school-photo, yearbook, yellow, shirt, red, blue, backdrop",photo_2072_0.jpg
2071,https://t.me/jotchuacontent/2071,photo,2026-10-06 05:52:18,Oowee,"Jotchua pulls a pair of orange sunglasses down and looks over the lenses against a blue sky. Send this when you are checking someone, getting suspicious, or just being cool.","sunglasses, shades, orange, closeup, blue, sky, cool, suspicious, looking",photo_2071_0.jpg
2070,https://t.me/jotchuacontent/2070,photo,2026-10-06 05:50:07,Oowee,"Jotchua takes a mirror selfie in a dark green cap and light blue oval sunglasses, holding a blue phone. Send this for the fit check or a cool selfie.","selfie, mirror, cap, hat, green, sunglasses, shades, phone, blue, closeup, cool",photo_2070_0.jpg
2069,https://t.me/jotchuacontent/2069,photo,2026-10-06 05:12:04,Oowee,"Tiny Jotchua stands on yellow tile at night in front of a white railing, a long shadow stretched across the floor. Send this when you feel small, or the shadow is doing too much.","tiny, small, standing, shadow, long-shadow, tile, night, railing, patio, doorway",photo_2069_0.jpg
2068,https://t.me/jotchuacontent/2068,photo,2026-10-06 04:59:44,Oowee,"Jotchua in a blue zip hoodie points at his temple at night, a black SUV parked behind him. Send this when they need to think about it, or the idea is big-brain.","hoodie, blue, pointing, temple, thinking, big-brain, night, suv, parking-lot, trees",photo_2068_0.jpg
2066,https://t.me/jotchuacontent/2066,photo,2026-10-06 04:56:19,Oowee,"Jotchua fills the frame beside a white sign that reads vibes only, against a washed purple wall. Send this when the mood has to be good and bad energy is not welcome.","sign, vibes, vibes-only, text, closeup, purple, wall, mood",photo_2066_0.jpg
2065,https://t.me/jotchuacontent/2065,photo,2026-10-06 04:50:01,Oowee,"Jotchua in a dark cap marked F* gives a thumbs-up out the window of a beige car. Send this when you are good, on the way, or approving the plan.","driving, thumbs-up, cap, black, logo, text, car, beige, steering-wheel, window, driver",photo_2065_0.jpg
2064,https://t.me/jotchuacontent/2064,photo,2026-10-06 04:46:14,Oowee,Jotchua in a tan mesh helmet looks into the camera while gold fireworks burst in the night sky. Send this for fireworks or watching the show.,"helmet, tan, mesh, chin-strap, fireworks, gold, night, sky, watching",photo_2064_0.jpg
2063,https://t.me/jotchuacontent/2063,photo,2026-10-06 04:36:40,Oowee,"Jotchua in a dark green beanie and black sunglasses sits low on a patterned couch against an orange wall. Send this when you are cool, incognito, or posted up.","beanie, sunglasses, shades, green, couch, patterned, cool, chill, sitting, orange, wall, incognito",photo_2063_0.jpg
2062,https://t.me/jotchuacontent/2062,photo,2026-10-06 04:35:12,Oowee,"Jotchua sits on a rocket flame and shoots up through a gray sky, front paws hanging down. Send this when you are launching, pumping, or going to the moon.","rocket, flying, sky, gray, flame, fire, launch, liftoff, smoke, paws, winning, success, bullish, moon, pump, rich, money, cash, wealth",photo_2062_0.jpg
2061,https://t.me/jotchuacontent/2061,photo,2026-10-06 04:25:37,Oowee,"Jotchua holds a newspaper in black and white and looks off to the side, unamused. The caption says ""WELL, THERE IT IS THE STUPIDEST THING I'LL READ TODAY."" Send this when something you just read is dumb.","newspaper, reading, unamused, side-eye, text, black-and-white, judging, reaction, unimpressed, news, caption",photo_2061_0.jpg
2060,https://t.me/jotchuacontent/2060,photo,2026-10-06 04:21:41,Oowee,"Jotchua faces the camera against a grainy purple and pink dusk sky. Send this when the sky is the mood, or you are just out at sunset.","sky, dusk, sunset, purple, pink, grainy, portrait, closeup, evening",photo_2060_0.jpg
2059,https://t.me/jotchuacontent/2059,photo,2026-10-06 04:15:37,Oowee,"Jotchua in a military helmet takes a mirror selfie with a vintage Kodak camera, a '96 date stamp in the corner. Send this when you are taking the picture or feeling old-school.","helmet, military, army, camera, kodak, selfie, mirror, vintage, date-stamp, photo",photo_2059_0.jpg
2058,https://t.me/jotchuacontent/2058,photo,2026-10-06 04:11:53,Oowee,"Jotchua stares into the camera in a blue cap that reads ""PLEASE BE PATIENT I HAVE AUTISM."" Send this when you need people to be patient with you.","cap, hat, blue, please-be-patient, i-have-autism, text, closeup, staring, eyes",photo_2058_0.jpg
2057,https://t.me/jotchuacontent/2057,photo,2026-10-06 02:22:22,Titus,"Jotchua sits on speckled tile against a paneled wall and holds one paw up. Send this when you are waving, saying hi, or want a high five.","waving, paw, sitting, tile, hello, hi, high-five, greeting, cute, floor",photo_2057_0.jpg
2056,https://t.me/jotchuacontent/2056,photo,2026-10-05 05:40:27,Oowee,"Jotchua drives the Mystery Machine along a country road. The blue and green van, with orange flowers, passes a house, trees, and rocky cliffs under a blue sky. Send this for Scooby-Doo, a road trip, or when the gang is heading out.","scooby-doo, mystery-machine, van, driving, cartoon, road, country, green, blue, flowers, orange, road-trip, house, cliffs",photo_2056_0.jpg
2055,https://t.me/jotchuacontent/2055,photo,2026-10-05 05:39:40,Oowee,"Jotchua sits in a Winnie the Pooh bed, a pale green blanket wrapped over his head like a hood. Send this when you are staying in bed, wrapped up, or done for the day.","winnie-the-pooh, blanket, bed, bedtime, sleep, sleepy, sleeping, nap, tired, cartoon, cozy, wrapped, hood, green",photo_2055_0.jpg
2054,https://t.me/jotchuacontent/2054,photo,2026-10-05 05:21:21,Oowee,Jotchua in a small sombrero lies on a red table with a shot glass and a bottle of Jose Cuervo. Send this when it is tequila time.,"sombrero, tequila, jose-cuervo, shot, shot-glass, drinking, alcohol, bottle, mexico, mexican, party, couch, table, lying, red",photo_2054_0.jpg
2053,https://t.me/jotchuacontent/2053,photo,2026-10-05 05:19:48,Oowee,"Jotchua sits in a car and blows into a breathalyzer that a black-gloved hand holds up to him. The screen reads 0.13 while police lights flash outside. Send this when you got pulled over, you are drunk, or you blew over the limit.","police, cop, police-lights, lights, breathalyzer, drunk, dui, drinking, night, pulled-over, busted, glove, car, steering-wheel",photo_2053_0.jpg
2052,https://t.me/jotchuacontent/2052,photo,2026-10-05 05:06:15,Oowee,"Jotchua wears an orange traffic cone as a hat at night, with fireworks in the sky and highway lights behind him. Send this for fireworks, a dumb hat, or a night out.","fireworks, night, traffic-cone, cone, hat, orange, yellow, highway, lights, signs, city",photo_2052_0.jpg
2051,https://t.me/jotchuacontent/2051,photo,2026-10-05 04:10:51,Oowee,"Jotchua sits in a small wooden boat with an oar, floating on a blocky Minecraft river past spruce trees and a dirt cliff. Send this when you are boating in Minecraft or just along for the ride.","minecraft, boat, river, water, oar, trees, spruce, cliff, dirt, blocks, floating, sitting",photo_2051_0.jpg
2050,https://t.me/jotchuacontent/2050,photo,2026-10-05 04:07:57,Oowee,"Snoop Dogg and Jotchua carry a giant white blunt through the woods. Jotchua, in a plaid flannel and a backwards red cap, holds it overhead while Snoop wears a red jacket with DAS on the chest. Send this when the joint is way too big.","snoop-dogg, blunt, joint, weed, 420, forest, woods, plaid, flannel, cap, red, backwards, jacket, varsity, das, carrying, white, man, male, guy",photo_2050_0.jpg
2049,https://t.me/jotchuacontent/2049,photo,2026-10-05 04:06:16,Oowee,"Mark Wahlberg, in a white t-shirt and headband, sits in the dark beside Jotchua with his mouth open. Both hold red cups. Send this when you are at the movies, locked in, or having a drink.","mark-wahlberg, movie, theater, cinema, red-cup, cup, drinking, headband, white-shirt, watching, seats, open-mouth, man, male, guy",photo_2049_0.jpg
2048,https://t.me/jotchuacontent/2048,photo,2026-10-05 04:01:11,Oowee,"Jotchua in a pinstripe suit sits back in a black leather chair, arms spread over a huge Halloween candy haul, with a jack-o-lantern bucket beside him. Send this when the trick-or-treat bag is full or you are the candy boss.","halloween, candy, pumpkin, jack-o-lantern, bucket, suit, pinstripe, chair, leather, chocolate, trick-or-treat, reeses, twix, kitkat, snickers, m-and-ms, twizzlers, sitting, lounging",photo_2048_0.jpg
2047,https://t.me/jotchuacontent/2047,photo,2026-10-05 03:57:06,Oowee,"Five Jotchuas in tuxedos stand over piles of cash, some smoking cigars and some holding drinks. Most wear bow ties, and one wears a necktie. Send this when you are rich, flexing, or the bag just hit.","tuxedo, bow-tie, necktie, suit, cigar, smoking, smoke, drinks, glass, cash, stacks, money, wealth, flex, gangster, winning, success, bullish, moon, pump, rich",photo_2047_0.jpg
2046,https://t.me/jotchuacontent/2046,photo,2026-10-05 03:35:36,Oowee,"Draco Malfoy, in a Slytherin robe and striped tie, holds Jotchua out toward the camera. Send this when you are presenting someone or claiming Slytherin.","draco-malfoy, harry-potter, slytherin, robe, tie, hogwarts, wizard, holding, blonde, uniform, man, male",photo_2046_0.jpg
2044,https://t.me/jotchuacontent/2044,photo,2026-10-05 03:16:28,Oowee,"Jotchua slurps a long strand of spicy orange Buldak ramen at a table at night, chopsticks resting on the cup. Send this when you are eating noodles or they are too spicy.","ramen, noodles, buldak, spicy, eating, chopsticks, korean, food, slurp, night, cup-noodles, table",photo_2044_0.jpg
2043,https://t.me/jotchuacontent/2043,photo,2026-10-05 03:09:29,Oowee,"Jotchua lies back and fills the frame with a huge round belly. Send this when you are full, stuffed, or showing it off.","belly, stomach, chubby, fat, full, stuffed, lying, closeup, round",photo_2043_0.jpg
2042,https://t.me/jotchuacontent/2042,photo,2026-10-05 03:03:38,Oowee,"Jotchua in a black hoodie throws a shaka. Send this when you are chilling, it is all good, or you are hanging loose.","hoodie, black, shaka, hang-loose, chill, hand, gesture, drawstrings",photo_2042_0.jpg
2041,https://t.me/jotchuacontent/2041,video,2026-10-04 10:03:50,Oowee,"Jotchua dances on his hind legs on the Hip Hop Harry set, beside the yellow bear in the red shirt and a girl in a number 8 jersey. Send this when the song is on and you are dancing.","dancing, dance, hip-hop-harry, music, kids-show, tv, kid, girl, woman, female, hind-legs, standing, bear, jersey, set",2041_IMG_3417.MP4
2040,https://t.me/jotchuacontent/2040,photo,2026-10-04 07:52:39,Oowee,"Jotchua wears a red Spider-Man hoodie, the mask's white eyes on the hood and a spider on the chest. Send this when you are Spider-Man or in the suit.","spider-man, costume, superhero, hoodie, hood, marvel, red, blue, mask, eyes",photo_2040_0.jpg
2039,https://t.me/jotchuacontent/2039,photo,2026-10-04 07:49:24,Oowee,"Jotchua stands on the street in baggy jeans and a black shirt that says drama, lighting a cigarette with a lighter. Send this when you are being dramatic, or acting too cool outside.","smoking, cigarette, lighter, smoke, baggy-jeans, street, drama, shirt, black, urban, city, flame",photo_2039_0.jpg
2038,https://t.me/jotchuacontent/2038,photo,2026-10-04 07:41:19,Oowee,"Jotchua stares into the camera in a dark black-and-white closeup, eyes wide and the room behind him almost black. Send this when you are staring, lurking, or up late.","closeup, staring, dark, night, wide-eyes, face, lurking, reaction, indoors, black-and-white",photo_2038_0.jpg
2037,https://t.me/jotchuacontent/2037,photo,2026-10-04 07:39:35,Oowee,"Jotchua holds a teacup in a grainy black-and-white photo, with more cups and saucers on the table. Send this for tea time, or when you are being old-fashioned and fancy.","tea, teacup, saucer, vintage, black-and-white, grainy, table, fancy, old-fashioned",photo_2037_0.jpg
2036,https://t.me/jotchuacontent/2036,photo,2026-10-04 07:36:21,Oowee,"Jotchua peeks out of a patterned blanket wrapped around his head, a striped pillow beside him. Send this when you are bundled up, cozy, or hiding.","blanket, cozy, peeking, pillow, wrapped, hiding, pattern, stripes",photo_2036_0.jpg
2035,https://t.me/jotchuacontent/2035,photo,2026-10-04 07:32:42,Oowee,"Jotchua wears a hat of two turkey drumsticks and sits behind a bowl of food on a plaid tablecloth, with more dishes beside him. Send this for Thanksgiving, or when you showed up as the meal.","turkey, drumstick, hat, thanksgiving, dinner, food, bowl, plaid, table, costume",photo_2035_0.jpg
2034,https://t.me/jotchuacontent/2034,photo,2026-10-04 07:29:57,Oowee,"Jotchua glows green under a white sheet ghost costume, his face showing through the fabric. Send this for Halloween, or when you are the ghost.","ghost, halloween, costume, sheet, glowing, green, dark, eyes",photo_2034_0.jpg
2033,https://t.me/jotchuacontent/2033,photo,2026-10-04 07:26:23,Oowee,Jotchua wears black sunglasses and rests both paws on the steering wheel of a truck. Send this when you are driving or looking cool behind the wheel.,"driving, sunglasses, shades, truck, steering-wheel, paws, seatbelt, cool",photo_2033_0.jpg
2032,https://t.me/jotchuacontent/2032,photo,2026-10-04 03:20:18,Oowee,"Jotchua drives a red-and-yellow plastic toy car down a dirt road, a huge dust cloud behind him. Send this when you are flooring it, or the car is tiny and the dust is not.","toy-car, cozy-coupe, little-tikes, driving, dust, dirt-road, red, yellow, plastic, wheels",photo_2032_0.jpg
2031,https://t.me/jotchuacontent/2031,photo,2026-10-04 02:59:06,Oowee,"Jotchua wears black sunglasses and a tall fleece jacket at an Oklahoma City Thunder press conference, OKC microphones in front of him. Send this when you are facing the press or speaking for the team.","press-conference, sunglasses, shades, basketball, nba, okc-thunder, microphone, fleece, jacket, sherpa, zipper",photo_2031_0.jpg
2030,https://t.me/jotchuacontent/2030,photo,2026-10-04 02:57:14,Oowee,"Jotchua wears a blue beret, rhinestone sunglasses, and a big jeweled chain, holding a flip phone to his ear while two women crowd in. Send this when you are on the phone, being a player, or the center of attention.","beret, sunglasses, shades, rhinestone, blue, flip-phone, jewelry, bling, necklace, bracelet, party, player, woman, female, shirt",photo_2030_0.jpg
2028,https://t.me/jotchuacontent/2028,photo,2026-10-04 02:45:15,Oowee,"Jotchua wears a graduation cap made of dollar bills, with another bill hanging as the tassel. Send this when you graduate, or when the money is the whole point.","graduation, grad, cap, mortarboard, tassel, dollar, bills, cash, money, wealth, winning, success, bullish, moon, pump, rich",photo_2028_0.jpg
2026,https://t.me/jotchuacontent/2026,photo,2026-10-04 02:40:34,Oowee,"Jotchua sits in the leather driver's seat of a Bentley, one paw on the wheel and the other throwing a peace sign. Send this when you are flexing or driving something nice.","bentley, driving, car, luxury, steering-wheel, leather, peace-sign, wood, interior, flex, winning, success, bullish, moon, pump, rich, money, cash, wealth",photo_2026_0.jpg
2025,https://t.me/jotchuacontent/2025,photo,2026-10-04 02:34:16,Oowee,"Jotchua wears hot-pink sunglasses and a red shirt with a white shark-bite graphic, in front of a bright painted wall. Send this when the shades are on or you are feeling cool.","sunglasses, shades, pink, red, shirt, shark, graphic, cool, mural",photo_2025_0.jpg
2024,https://t.me/jotchuacontent/2024,photo,2026-10-04 02:31:01,Oowee,"Jotchua's face fills the frame in a closeup under the Hollywoof sign, with palm trees and power lines behind him. Send this when you are in Los Angeles, famous, or under the sign.","hollywoof, hollywood, closeup, palm-tree, sign, los-angeles, hill, power-lines",photo_2024_0.jpg
2023,https://t.me/jotchuacontent/2023,photo,2026-10-04 02:27:23,Oowee,Jotchua wears a tan coat with white fur trim and holds both paws against the window glass. Send this when it is cold or you are stuck inside looking out.,"coat, jacket, fur-trim, window, glass, winter, cold, paws, buttons, tan",photo_2023_0.jpg
2022,https://t.me/jotchuacontent/2022,photo,2026-10-04 02:23:41,Oowee,"Jotchua sits on a white plastic chair in an empty room, eyes closed, in front of a black standing fan. Send this when you are hot, cooling off, or just sitting there.","fan, plastic-chair, sitting, hot, cooling, summer, carpet, standing-fan, eyes-closed",photo_2022_0.jpg
2021,https://t.me/jotchuacontent/2021,photo,2026-10-04 02:22:10,Oowee,"Jotchua takes a bathroom mirror selfie in blue sunglasses, a brown sweater, a cross necklace, and a black shoulder bag, phone in one paw. Send this when you are checking the fit.","selfie, mirror, sunglasses, shades, blue, sweater, cross-necklace, shoulder-bag, phone, bathroom, outfit, pants, fashion",photo_2021_0.jpg
2020,https://t.me/jotchuacontent/2020,photo,2026-10-03 23:17:56,D Boi,"Jotchua wears a grey suit over a pink shirt and stares ahead, with EMOTIONAL DAMAGE across the bottom. Send this when a comment just hurt.","suit, blazer, pink, shirt, emotional-damage, staring, text, reaction, sad, upset, down, depressed, emo, down-bad, lonely",photo_2020_0.jpg
2019,https://t.me/jotchuacontent/2019,photo,2026-10-03 13:56:05,Oowee,"Jotchua poses in a dark oil portrait, wearing a white powdered wig, a lace cravat, and a black coat. Send this when you are being fancy, formal, or aristocratic.","oil-painting, portrait, powdered-wig, cravat, lace, coat, formal, aristocrat, fancy, black",photo_2019_0.jpg
2018,https://t.me/jotchuacontent/2018,photo,2026-10-03 12:26:23,Oowee,"Jotchua sits on the bathroom floor wrapped in toilet paper beside the toilet, the roll still hanging on the wall. Send this when you are stuck in the bathroom or wrapped up in a mess.","toilet, toilet-paper, bathroom, wrapped, mummy, sitting, roll, floor",photo_2018_0.jpg
2017,https://t.me/jotchuacontent/2017,photo,2026-10-03 04:56:48,Oowee,"A man in an Australia bucket hat with a Union Jack and aviators squats on the grass beside Jotchua, holding a sandwich and throwing a peace sign. Send this for the squat, the peace sign, or posing outside together.","man, male, guy, bucket-hat, flag, union-jack, australia, sunglasses, aviators, peace-sign, squatting, sandwich, tattoos, neck-tattoo, gold-chain, gold-watch, white-shirt, grass, backpack",photo_2017_0.jpg
2016,https://t.me/jotchuacontent/2016,photo,2026-10-03 04:54:17,Oowee,"Jotchua sits in a bubbling hot tub in the snow, holding a short glass of whiskey to his mouth. Send this when you are relaxing, treating yourself, or warm while it is freezing outside.","hot-tub, jacuzzi, snow, winter, cold, whiskey, drink, glass, alcohol, relaxing, bubbles",photo_2016_0.jpg
2015,https://t.me/jotchuacontent/2015,photo,2026-10-03 04:14:53,Oowee,"Jotchua wears a skull-and-crossbones pirate hat, a red bandana, and an eyepatch, with a blue-and-yellow parrot beside him on a ship deck. Send this when you are a pirate or out on the water.","pirate, tricorn, hat, skull-and-crossbones, eyepatch, bandana, parrot, macaw, ship, boat, ocean, cannon, sails, deck, costume",photo_2015_0.jpg
2014,https://t.me/jotchuacontent/2014,photo,2026-10-03 04:12:01,Oowee,"Jotchua holds a cheese pizza slice in his mouth in front of the Leaning Tower of Pisa under a blue sky. Send this when you are eating, traveling, or in Italy.","pizza, eating, pisa, leaning-tower, italy, travel, food, cheese, vacation, sky",photo_2014_0.jpg
2013,https://t.me/jotchuacontent/2013,photo,2026-10-03 04:05:26,Oowee,"Jotchua wears a blue denim cap with a cartoon patch, yellow flowers in front of his face, in a green field with hills and a pink sunset behind him. Send this when something is soft, sweet, or you are just outside.","flower, cap, denim-cap, denim, sunset, field, hills, yellow, patch, house, tree, brim, cute",photo_2013_0.jpg
2012,https://t.me/jotchuacontent/2012,photo,2026-10-03 04:02:01,Oowee,"Jotchua's head is on a preppy teddy bear in a red bucket hat, a green camo jacket, and khakis, standing inside a loop of arrows about waking up to win, seeing friends win, and resetting the vibes after a day of winning. Send this when winning is the routine.","bucket-hat, camo, jacket, khakis, sneakers, loop, cycle, arrows, outfit, preppy, watch, vibes, teddy-bear, sweater, winner, winning, success, bullish, moon, pump, rich",photo_2012_0.jpg
2011,https://t.me/jotchuacontent/2011,photo,2026-10-03 04:00:27,Oowee,"In black and white, Jotchua in a tied headband holds a sheathed sword in profile, with Mount Fuji, a lake, and falling petals behind him. Send this for a samurai, Japan, or a still moment.","samurai, sword, katana, mountain, mount-fuji, japan, headband, lake, black-and-white, petals, cherry-blossom, scabbard",photo_2011_0.jpg
2010,https://t.me/jotchuacontent/2010,photo,2026-10-03 03:46:39,Oowee,"Jotchua salutes beside a green road sign that reads Money, with a white arrow pointing right. Send this when you are heading toward the money.","salute, money, sign, road-sign, arrow, road, green, cash, wealth, winning, success, bullish, moon, pump, rich",photo_2010_0.jpg
2009,https://t.me/jotchuacontent/2009,photo,2026-10-03 03:41:51,Oowee,"Jotchua holds a box labeled crayons and a red and blue crayon, with color smeared around his mouth and on his chest. Red text says lets eat crayons together. Send this when you want to do something dumb as a pair.","crayons, eating, messy, mouth, text, box, together, chest, stained, cute",photo_2009_0.jpg
2008,https://t.me/jotchuacontent/2008,photo,2026-10-03 03:39:33,Oowee,"Jotchua takes a selfie in a pilot helmet from the cockpit, with two fighter jets and a missile streaking through a sunset sky. Send this when you are locked in, airborne, or feeling like the pilot.","pilot, helmet, selfie, jet, fighter-jet, missile, cockpit, sunset, airplane, military, sky",photo_2008_0.jpg
2007,https://t.me/jotchuacontent/2007,photo,2026-10-03 03:23:17,Oowee,"Jotchua sits in the shallow wash and watches the waves roll in. Send this when you are zoning out, taking a break, or staring at the ocean.","beach, ocean, sitting, waves, shore, water, sand, surf, calm",photo_2007_0.jpg
2006,https://t.me/jotchuacontent/2006,photo,2026-10-03 03:17:46,Oowee,"Jotchua wears a pink party hat and a blue tie and holds balloon strings, with pink, blue, orange, and purple balloons around him. Send this for a birthday, a party, or congratulations.","birthday, balloon, party, party-hat, tie, celebration, congrats, happy, smile, smiling, joy, excited, wholesome",photo_2006_0.jpg
2005,https://t.me/jotchuacontent/2005,photo,2026-10-03 03:14:29,Oowee,"Jotchua stands on a Minecraft dirt pillar outside an airplane window, holding a dirt block high above the ground. Send this for Minecraft, or when you built all the way up here.","minecraft, plane, window, airplane, dirt, block, dirt-block, sky, pillar, gaming",photo_2005_0.jpg
2004,https://t.me/jotchuacontent/2004,photo,2026-10-03 03:08:27,Oowee,"Jotchua sits on a rock in a phone screenshot. The bubble says look at my lawyer broo I'm going to jail, next to a smile emoji. Send this when you are in trouble and this is your lawyer.","lawyer, jail, text, screenshot, rock, sitting, message, emoji, trouble, phone",photo_2004_0.jpg
2003,https://t.me/jotchuacontent/2003,photo,2026-10-03 03:06:00,Oowee,Jotchua in a green harness lies on a messy office desk between a keyboard and a water bottle. The text says my brother in christ and let's get this bread. Send this when you are clocking in or hyping the workday.,"office, desk, working, work, brother-in-christ, bread, lets-get-this-bread, harness, keyboard, computer, water-bottle, chair, monitor, hustle, motivation",photo_2003_0.jpg
2002,https://t.me/jotchuacontent/2002,photo,2026-10-03 03:02:34,Oowee,"A red circle shows Jotchua at the wheel, and a red arrow points to the empty lane beside a highway jammed with cars. Send this when you found the way out, left the pack, or are cruising while everyone else is stuck.","driving, circled, circle, traffic, traffic-jam, arrow, car, highway, steering-wheel, escape, leaving, lane",photo_2002_0.jpg
2001,https://t.me/jotchuacontent/2001,photo,2026-10-02 10:19:40,Oowee,"Jotchua sits in a grassy field under a gray sky, holding a banjo. Send this for country music, a quiet afternoon, or playing outside.","banjo, music, sitting, grass, field, instrument, country, outdoors, cute",photo_2001_0.jpg
2000,https://t.me/jotchuacontent/2000,photo,2026-10-02 08:15:40,Oowee,"A drawn portrait gives Jotchua Michael Jackson's black curls and a red military jacket with gold braiding and epaulettes. Send this for Michael Jackson, the hair, or the jacket.","michael-jackson, military, wig, curls, jacket, red, gold, epaulettes, portrait, drawing, hair",photo_2000_0.jpg
1999,https://t.me/jotchuacontent/1999,photo,2026-10-02 04:53:55,D Boi,"Jotchua in a white bucket hat and a color-block windbreaker holds a boombox in front of a graffiti wall, a cassette hanging from a gold chain. Send this for hip-hop, the 80s, or bringing the music.","boombox, graffiti, bucket-hat, windbreaker, cassette, gold-chain, jeans, sneakers, hip-hop, music, jacket, street, color-block, brick",photo_1999_0.jpg
1998,https://t.me/jotchuacontent/1998,photo,2026-10-02 04:53:50,D Boi,"Jotchua faces the camera in a black Supreme trucker hat, a graphic puffer, and stacked chains with a big pendant. Send this when you are dripping, iced out, or flexing.","supreme, chain, rapper, puffer, jewelry, pendant, trucker-hat, cap, ice, winning, success, bullish, moon, pump, rich, money, cash, wealth",photo_1998_0.jpg
1997,https://t.me/jotchuacontent/1997,photo,2026-10-02 04:22:36,D Boi,"Two Jotchuas pose barefoot on the sand in matching sunflower outfits, one in a blue short-sleeve shirt and pants and one in a bikini, with a yellow umbrella and apartment blocks behind them. Send this for a couple, a matching fit, or a beach day.","sunflower, beach, bikini, shirt, pants, button-up, matching, couple, woman, female, man, male, guy, umbrella, barefoot, love, heart, crush, cute",photo_1997_0.jpg
1996,https://t.me/jotchuacontent/1996,photo,2026-10-02 04:14:24,D Boi,"Jotchua rests on a woman in an orange striped bikini as she sunbathes on a crowded beach among colorful umbrellas, with coconuts in the foreground. Send this when you are at the beach or posted up on the towel.","beach, umbrella, bikini, woman, female, sunbathing, towel, coconut, crowd, sand, cute",photo_1996_0.jpg
1995,https://t.me/jotchuacontent/1995,photo,2026-10-02 04:04:18,D Boi,"Two Jotchua heads stand on a sunny street: a shirtless man in a straw hat and orange shorts gives a thumbs-up, and a woman in a striped top and bikini bottoms poses beside him. Send this when you are good, on vacation, or approving.","thumbs-up, straw-hat, shirtless, shorts, bikini, woman, female, man, male, guy, couple, street, vacation, sunny, happy, smile, smiling, joy, excited, wholesome",photo_1995_0.jpg
1994,https://t.me/jotchuacontent/1994,photo,2026-10-02 03:17:33,Oowee,"Jotchua grips the wheel of a beat-up gray car while police cars with their lights on follow down the highway. Send this when you are running, in trouble, or the cops are behind you.","driving, police, car, chase, cops, steering-wheel, highway, police-lights, police-chase",photo_1994_0.jpg
1993,https://t.me/jotchuacontent/1993,photo,2026-10-02 02:20:30,Oowee,"Jotchua sits at a DJ mixer in a yellow-tiled room, headphones around his neck, under a banner that reads oonts four times. Send this for techno, a rave, or when the kick is the whole personality.","dj, headphones, oonts, techno, rave, edm, mixer, music, club, tiles, bathroom",photo_1993_0.jpg
1992,https://t.me/jotchuacontent/1992,photo,2026-10-02 02:07:02,Oowee,"Jotchua sits in the passenger seat of a Lamborghini with tan leather, a katana planted in the console and the word freedom written on the seat. Stars cover the headliner. Send this when you feel free, untouchable, or extra.","lamborghini, sword, katana, night, freedom, leather, passenger, interior, stars, console, steering-wheel",photo_1992_0.jpg
1991,https://t.me/jotchuacontent/1991,photo,2026-10-02 01:56:44,Oowee,"Jotchua sits in the driver seat of both a yellow widebody Lamborghini and a red one, parked at night on a waterfront driveway. Send this when you are rich, doubled up, or flexing the cars.","lamborghini, night, clones, yellow, red, supercar, driveway, waterfront, spoiler, widebody, winning, success, bullish, moon, pump, rich, money, cash, wealth",photo_1991_0.jpg
1990,https://t.me/jotchuacontent/1990,photo,2026-10-02 01:52:44,Oowee,"Jotchua sits in a yellow Ferrari at night with both butterfly doors raised. Send this when you are flexing, or the car is the whole point.","ferrari, yellow, sports-car, supercar, butterfly-doors, night, parking, sitting, winning, success, bullish, moon, pump, rich, money, cash, wealth",photo_1990_0.jpg
1988,https://t.me/jotchuacontent/1988,photo,2026-10-01 21:55:48,Titus,"Jotchua sits on the sidewalk beside a hand holding a black coffee cup. The cup says force yourself to do what needs to be done, and the lid says the best is yet to come. Send this when you have to lock in and get it done.","coffee, cup, black, force-yourself, the-best-is-yet-to-come, motivational, quote, text, sitting, sidewalk, hand, lid",photo_1988_0.jpg
1987,https://t.me/jotchuacontent/1987,photo,2026-09-30 11:27:43,Oowee,"Jotchua stares out of a black background beside white script that reads I farted. Send this right after you fart, or when you are confessing it.","fart, i-farted, staring, closeup, text, black, confession, script",photo_1987_0.jpg
1986,https://t.me/jotchuacontent/1986,photo,2026-09-30 05:57:55,Oowee,"Jotchua wears a black hat with a white skull, round ears, and a red horn, pressed close to a rainy window full of night lights. Send this for a rainy night or the skull hat.","skull, hat, ears, horn, red, rain, window, night, lights, bokeh, closeup, black",photo_1986_0.jpg
1985,https://t.me/jotchuacontent/1985,photo,2026-09-30 05:54:43,Oowee,"Jotchua holds the camera for a close selfie in a purple lavender field, mountains on the horizon. Send this for a pretty day, flowers, or a cute check-in.","lavender, flowers, field, selfie, purple, mountains, sky, closeup, cute, outdoors",photo_1985_0.jpg
1984,https://t.me/jotchuacontent/1984,photo,2026-09-30 05:51:02,Oowee,Jotchua lifts a hind leg against a red fire hydrant under a sign that reads doggie potty station. Send this for a bathroom break or marking the spot.,"fire-hydrant, peeing, pee, potty-station, leg, sign, red, outside, lifting",photo_1984_0.jpg
1983,https://t.me/jotchuacontent/1983,photo,2026-09-30 05:44:44,Oowee,Jotchua stands in front of a burning skyline while the text reads ay cabron. Send this when something just blew up and that is all you can say.,"explosion, fire, flames, smoke, ay-cabron, text, burning, city, reaction, pixelated",photo_1983_0.jpg
1982,https://t.me/jotchuacontent/1982,photo,2026-09-30 05:40:35,Oowee,"Two Jotchuas in yellow sombreros, the smaller one with a fake mustache, pose on a sparkly poster that says check your ego, amigo. Send this when someone needs to check their ego.","sombrero, hat, mustache, mexican, amigo, check-your-ego, text, sparkles, poster, colorful",photo_1982_0.jpg
1981,https://t.me/jotchuacontent/1981,photo,2026-09-30 05:38:34,Oowee,"Jotchua stands on his hind legs in a lobby, pistol in one paw and a black bag in the other, while three women behind the counter throw their hands up. A sign on the wall reads security. Send this for a stickup or a tiny robbery.","robbery, stickup, heist, gun, pistol, bag, hands-up, security, lobby, counter, woman, female, standing",photo_1981_0.jpg
1980,https://t.me/jotchuacontent/1980,photo,2026-09-30 05:32:56,Oowee,"Jotchua is circled in red on a yearbook page under the text who is this, with peace signs and laughing emojis. Send this when you spot someone and have to ask who that is.","yearbook, circled, red-circle, who-is-this, text, emoji, peace-sign, laughing, lol, portraits, school, photo, happy, smile, smiling, joy, excited, wholesome",photo_1980_0.jpg
1979,https://t.me/jotchuacontent/1979,photo,2026-09-30 05:21:58,Oowee,"Jotchua drives a gray pickup through a pine forest under a red sky in a GTA-style game, the radar and cash counter still on screen. Send this for a truck run or a San Andreas drive.","gta, san-andreas, truck, pickup, driving, forest, pines, red-sky, video-game, radar, minimap, low-poly",photo_1979_0.jpg
1978,https://t.me/jotchuacontent/1978,photo,2026-09-30 05:11:16,Oowee,"Jotchua sits in the driver's seat at night with one paw on the steering wheel, looking at the camera. Send this when you are driving, or about to.","driving, car, night, steering-wheel, paw, driver, window, looking, interior",photo_1978_0.jpg
1977,https://t.me/jotchuacontent/1977,photo,2026-09-30 05:00:12,Oowee,"Jotchua wears a fur ushanka, a green scarf, and a brown coat in front of a snowy ski jump, a wooden sled beside him. Send this for winter, the cold, or the hat.","ushanka, fur, hat, scarf, coat, sled, snow, winter, ski, ski-jump, cold, brown, green",photo_1977_0.jpg
1976,https://t.me/jotchuacontent/1976,photo,2026-09-30 04:57:38,Oowee,"Jotchua sits stuffed in a bright green backpack on a couch, paws hanging out, with a bag of treats on a cartoon cup with a yellow lid in the side pocket. Send this when you are packed and ready, or just being cute.","backpack, green, sitting, couch, treats, snacks, cup, cartoon, yellow, pocket, paws, cute",photo_1976_0.jpg
1975,https://t.me/jotchuacontent/1975,photo,2026-09-30 01:14:32,Titus,Orange-haired Jotchua in dark armor with red and gold throws the same Genshin punch into a blue sky. Send this for the orange version.,"genshin, armor, fist, punch, orange, red, gold, blue, anime, gauntlet, sun",photo_1975_0.jpg
1974,https://t.me/jotchuacontent/1974,photo,2026-09-30 01:14:32,Titus,"Blonde Jotchua in white-and-gold armor throws the same Genshin punch into the camera, sun flaring behind him. Send this for the blonde, gold-trimmed version.","genshin, armor, fist, punch, blonde, gold, white, anime, gauntlet, sun",photo_1974_0.jpg
1973,https://t.me/jotchuacontent/1973,photo,2026-09-30 01:14:31,Titus,"Jotchua in white hair and white armor throws a Genshin punch at the camera across a golden field, purple mountains behind him. Send this for the same punch in the white outfit.","genshin, armor, fist, punch, white, silver, anime, field, mountains, gauntlet",photo_1973_0.jpg
1972,https://t.me/jotchuacontent/1972,photo,2026-09-29 17:39:53,Oowee,"Jotchua eats an ear of corn in a bib that says genetically modified, gold DNA strands wrapped around him. A giant eye and a corn cob with a man's face loom behind. Send this for a GMO or conspiracy bite.","corn, eating, bib, genetically-modified, gmo, dna, helix, eye, conspiracy, food, collage, face, man, male",photo_1972_0.jpg
1971,https://t.me/jotchuacontent/1971,photo,2026-09-29 17:34:54,Oowee,"Jotchua sits in a blue spiral holding a Budweiser, a Republican elephant and a Democratic donkey on his shirt. An eye in a pocket watch, a crossed-out gun, a rainbow flag, and a hammer and sickle spin around him. Send this when politics and conspiracies are all blurring together.","budweiser, beer, bottle, spiral, hypnotic, politics, republican, democrat, elephant, donkey, rainbow, hammer-and-sickle, illuminati, eye-of-providence, pocket-watch, no-gun, conspiracy, jeans, sitting",photo_1971_0.jpg
1970,https://t.me/jotchuacontent/1970,photo,2026-09-29 17:32:33,Oowee,"Jotchua in a pinstripe suit holds a game controller on a ship while a missile lifts off over the ocean. The jacket has a Chicago Bulls patch, a hammer and sickle, a square-and-compass pin, and a mushroom cloud. Send this when you are casually launching it.","controller, gamepad, missile, rocket, launch, ocean, ship, suit, pinstripe, chicago-bulls, hammer-and-sickle, communism, masonic, mushroom-cloud, nuclear, nuke",photo_1970_0.jpg
1969,https://t.me/jotchuacontent/1969,photo,2026-09-29 17:28:09,Oowee,"Jotchua stares over a row of syringes and vaccine vials labeled thimerosal, mercury, hepatitis A, and meningitis, with skulls behind him. Send this for a vaccine conspiracy or a needle stare.","vaccine, syringes, needles, injection, vials, thimerosal, mercury, hepatitis, meningitis, skulls, staring, conspiracy, closeup",photo_1969_0.jpg
1968,https://t.me/jotchuacontent/1968,photo,2026-09-29 17:21:10,Oowee,"Jotchua screams with both paws up inside a giant green Prozac capsule marked 20 mg, a blister pack of pills behind him. Send this when the meds have you, or you are not okay.","prozac, pill, capsule, 20-mg, medicine, antidepressant, screaming, trapped, blister-pack, green, sad, upset, down, depressed, emo, down-bad, lonely",photo_1968_0.jpg
1967,https://t.me/jotchuacontent/1967,photo,2026-09-29 15:47:19,D Boi,"A UFO beams Jotchua up over a dark field. His speech bubble says oh sh*t. Send this when you just got taken, or everything went wrong at once.","ufo, flying-saucer, alien, abduction, beam, tractor-beam, speech-bubble, oh-shit, shocked, field, night, sky, vintage",photo_1967_0.jpg
1966,https://t.me/jotchuacontent/1966,photo,2026-09-29 10:53:00,Wagmi,"Jotchua in a red cap that reads HODL JOTCHUA, sunglasses, and a gold chain smokes a cigar against a black sports car. Another Jotchua drives a red Ferrari while a wizard Jotchua on the seawall holds a glowing pill. Send this when you are flexing at sunset or still holding.","hodl, cap, sunglasses, cigar, smoking, gold-chain, sports-car, ferrari, supercar, wizard, pill, sunset, ocean, driving, winning, success, bullish, moon, pump, rich, money, cash, wealth",photo_1966_0.jpg
1965,https://t.me/jotchuacontent/1965,photo,2026-09-29 10:52:59,Wagmi,"In a parking garage, wizard Jotchua charges a glowing pill between a black, a red, and a green Lamborghini. One Jotchua in a red Hodl Jotchua cap, shades, and a chain leans on the black hood, cigar in his mouth, and another sits on the green hood. Send this when you are flexing, holding, or the garage is the point.","lamborghini, lambo, car, garage, wizard, wizard-hat, robe, pill, capsule, glowing, hodl, cap, sunglasses, cigar, chain, smoking, clones, flex, winning, success, bullish, moon, pump, rich, money, cash, wealth",photo_1965_0.jpg
1964,https://t.me/jotchuacontent/1964,photo,2026-09-29 10:52:58,Wagmi,"Jotchua swings a pickaxe in a cave and sparks a glowing pill out of the wall, with more capsules on the ground and a lantern by his side. Send this when you are mining, grinding, or the ore is a pill.","mining, pickaxe, cave, pill, capsule, lantern, glowing, sparks, rocks, grind, cartoon, cute",photo_1964_0.jpg
1963,https://t.me/jotchuacontent/1963,photo,2026-09-29 10:52:57,Wagmi,"Jotchua sits in a wooden rowboat on a misty lake, pines and a mountain under a low sun. Send this when you want quiet, a calm morning, or a reset.","boat, rowboat, lake, mist, fog, sunset, mountain, pine, trees, reflection, calm, cute",photo_1963_0.jpg
1962,https://t.me/jotchuacontent/1962,photo,2026-09-29 10:52:55,Wagmi,"Jotchua roasts a marshmallow over a small campfire on the beach at night, stars out and a closed umbrella stuck in the sand. Send this for a quiet night, a beach fire, or being fine where you are.","beach, campfire, fire, marshmallow, night, stars, ocean, waves, umbrella, sand, calm, cute",photo_1962_0.jpg
1961,https://t.me/jotchuacontent/1961,photo,2026-09-29 10:39:46,Oowee,"Jotchua sits on the toilet in a blue shirt and headphones, jeans at his ankles and a cigarette in his mouth, typing on a keyboard. A pink towel hangs beside him. Send this when you are working from the bathroom or doing too many things at once.","toilet, bathroom, headphones, smoking, cigarette, keyboard, typing, shirt, jeans, pants-down, towel, shoe, multitasking",photo_1961_0.jpg
1960,https://t.me/jotchuacontent/1960,photo,2026-09-29 07:52:41,D Boi,"Winged Jotchua floats over a rainbow that runs across the lake to the sun, planets and a galaxy behind him, while a crowned woman, a robed figure in a headdress, and gray aliens reach up. Send this for a vision, a trip, or when everyone is looking at him.","wings, flying, rainbow, alien, galaxy, planets, stars, space, mountains, lake, sunset, crown, headdress, robe, woman, female, worship, psychedelic, trip, flowers",photo_1960_0.jpg
1959,https://t.me/jotchuacontent/1959,photo,2026-09-29 00:26:53,Wagmi,"A girl in a Stop Being Poor tank and a Gadsden bandana runs with a rifle while Jotchua carries the lasso, and the bear bolts across the hill looking back. Send this when you are chasing the bear off.","bear, bear-market, running, chase, lasso, rifle, gun, mountains, grass, woman, female, girl, sunglasses, tank-top, bandana, gadsden, snake, dont-tread-on-me, stop-being-poor, gray-hair, shorts, winning, success, bullish, moon, pump, rich",photo_1959_0.jpg
1958,https://t.me/jotchuacontent/1958,photo,2026-09-29 00:26:52,Wagmi,"Jotchua sits on a red blanket inside a smashed case labeled Break Glass on Red Days, hammer on the wall, while the girl in the Stop Being Poor tank and Gadsden cap presents him. Send this on a red day, when you are rekt, or when you need the emergency cope.","break-glass, emergency, hammer, red-day, blanket, office, cope, cap, woman, female, girl, sunglasses, tank-top, gadsden, snake, dont-tread-on-me, stop-being-poor, gray-hair, sad, upset, down, depressed, emo, down-bad, lonely, broke, rekt, loss, dumped, bearish, failed, ngmi",photo_1958_0.jpg
1957,https://t.me/jotchuacontent/1957,photo,2026-09-29 00:26:51,Wagmi,"Jotchua sits in the leather boss chair at a boardroom table while a girl in a Stop Being Poor tank and a Gadsden cap points at a huge green arrow. Suits fill the seats. Send this when you are the boss, the chart is climbing, or you are telling them to stop being poor.","office, boardroom, boss, chair, suit, chart, arrow, woman, female, girl, sunglasses, tank-top, cap, gadsden, snake, dont-tread-on-me, stop-being-poor, gray-hair, man, male, winning, success, bullish, moon, pump, rich, money, cash, wealth",photo_1957_0.jpg
1956,https://t.me/jotchuacontent/1956,photo,2026-09-29 00:26:50,Wagmi,"Jotchua's face is the bowling ball in a Wii Sports lane, a hand lining up the roll while Miis watch and the scoreboard reads Jotchua. Send this when you are bowling, about to throw, or the ball is you.","wii-sports, wii, bowling, ball, lane, pins, mii, wii-remote, scoreboard, hand, sports, gaming",photo_1956_0.jpg
1955,https://t.me/jotchuacontent/1955,photo,2026-09-29 00:26:49,Wagmi,"Jotchua waits in a cardboard box on level 4-20 under a pill hung from three ropes, while a finger goes to cut one. A fan blows, a bubble floats, and spikes sit in the corner. Send this when you are stuck on the level, the 420 is the joke, or you are waiting for it to drop.","cut-the-rope, puzzle, level, 420, cardboard, box, pill, capsule, finger, fan, bubble, spikes, stars, waiting, gaming",photo_1955_0.jpg
1954,https://t.me/jotchuacontent/1954,photo,2026-09-29 00:26:46,Wagmi,"Jotchua flaps on tiny wings between green pipes in Flappy Bird, score at 69 and best at 420. Send this when you are threading the gap, the score is the joke, or you are one pipe from losing.","flappy-bird, flying, wings, pipes, score, 69, 420, pixel, sky, gaming, cute",photo_1954_0.jpg
1953,https://t.me/jotchuacontent/1953,photo,2026-09-29 00:26:45,Wagmi,"Jotchua's head is on a penguin body in a snowy Club Penguin town, the marquee crossing out Penguin for his name, and the coin count reads 42069. He says woof while the others ask if that is a dog and call it a rare skin. Send this when you are the rare skin or you do not belong.","club-penguin, penguin, costume, snow, town, winter, sign, woof, speech-bubble, rare, skin, 420, 69, 42069, gaming",photo_1953_0.jpg
1952,https://t.me/jotchuacontent/1952,photo,2026-09-29 00:26:44,Wagmi,"Jotchua's face rides in a tiny claw sub under the water, hovering over a giant blue whale's open mouth where a capsule sits on a pink tongue. Send this when you are going in after the pill or the mission is underwater.","submarine, underwater, claw, pill, capsule, tongue, mouth, whale, ocean, cartoon",photo_1952_0.jpg
1951,https://t.me/jotchuacontent/1951,photo,2026-09-29 00:26:43,Wagmi,"Jotchua sits in a glowing mythic box in a zombies theater on round 23, a question mark on the front, with Hold to Take Jotchua on the prompt and a pistol in first person. The top score reads 42069. Send this when the box gives you him instead of a gun.","call-of-duty, zombies, mystery-box, mythic, question-mark, theater, round, gun, pistol, first-person, glowing, loot, hud, 420, 69, 42069, gaming",photo_1951_0.jpg
1950,https://t.me/jotchuacontent/1950,photo,2026-09-29 00:26:42,Wagmi,"A Clash Royale chest pops a Jotchua Woof Woof card marked +4200, with the counter at 42069 and a 10 on the chest. Send this when you just pulled him, opened the chest, or the numbers are the joke.","clash-royale, chest, card, unlock, woof, 420, 69, 4200, 42069, reward, glowing, gaming",photo_1950_0.jpg
1949,https://t.me/jotchuacontent/1949,photo,2026-09-29 00:26:22,Wagmi,"Jotchua glows on the river bridge in a Clash Royale match at 0:47 overtime, and his card in hand costs 0 elixir. The king sits on the throne above the troops. Send this when you drop him in overtime or he is just sitting on the bridge.","clash-royale, bridge, river, glowing, overtime, king, man, male, tower, elixir, card, troops, arena, gaming",photo_1949_0.jpg
1948,https://t.me/jotchuacontent/1948,photo,2026-09-29 00:26:21,Wagmi,"Jotchua peeks out of the open vent in the Among Us cafeteria while red, blue, yellow, and purple crewmates stand by the emergency button. Send this when you are the impostor, venting, or acting sus.","among-us, impostor, vent, peeking, cafeteria, crewmate, emergency, sus, tasks, gaming",photo_1948_0.jpg
1947,https://t.me/jotchuacontent/1947,photo,2026-09-29 00:26:20,Wagmi,"In Fortnite, Jotchua's face is wrapped on the rifle and set into a glowing blue launch pad on the grass, with squad bars, a minimap, and a town by the water behind. The brick count reads 420. Send this when the loadout is him or you are about to launch.","fortnite, gun, rifle, camo, launch-pad, hud, minimap, squad, grass, town, water, bricks, 420, first-person, gaming",photo_1947_0.jpg
1946,https://t.me/jotchuacontent/1946,photo,2026-09-29 00:26:19,Wagmi,"Jotchua drives a green kart in 1st on Rainbow Road, lap 3 of 3, with a pill in the item slot while Mario, Luigi, and Bowser chase. Send this when you are in first, winning, or leaving everyone behind.","mario-kart, mario, luigi, bowser, rainbow-road, racing, kart, first-place, lap, pill, capsule, space, gaming, winning, success, bullish, moon, pump, rich",photo_1946_0.jpg
1945,https://t.me/jotchuacontent/1945,photo,2026-09-29 00:26:18,Wagmi,"Jotchuas spawn all over a Pokemon Go map around a trainer with a backpack, the nearby panel is nothing but his face, and his level reads 38. Send this when he is everywhere or the map is nothing but him.","pokemon-go, pokemon, map, spawn, pokeball, pokestop, gym, trainer, backpack, nearby, level, man, male, guy, gaming",photo_1945_0.jpg
1944,https://t.me/jotchuacontent/1944,photo,2026-09-29 00:25:47,Wagmi,"Jotchua's giant head is a lit Minecraft house, door open and windows glowing, under a New Home Discovered banner. Wheat, a chest, lanterns, a cow, and a sheep sit out front. Send this when you just got home or the base is him.","minecraft, house, home, giant, build, door, windows, lantern, farm, wheat, cow, sheep, pickaxe, diamond, gaming",photo_1944_0.jpg
1943,https://t.me/jotchuacontent/1943,photo,2026-09-29 00:25:44,Wagmi,"Jotchua's giant head is a night build with a lit nether portal for a mouth, and the banner says Advancement Made: We Need to Go Deeper. A zombie and a skeleton stand off to the side. Send this when you found the portal or you need to go deeper.","minecraft, nether-portal, portal, giant, build, night, advancement, we-need-to-go-deeper, zombie, skeleton, sword, chest, gaming",photo_1943_0.jpg
1942,https://t.me/jotchuacontent/1942,photo,2026-09-29 00:25:43,Wagmi,"A Jotchua totem pops over the lava under the banner Jotchua Saved You, green sparks flying, with another totem in the hotbar and a diamond sword out. Send this when you just got saved, clutched, or should have died.","minecraft, totem, totem-of-undying, saved, clutch, lava, nether, sword, diamond, sparks, hud, hotbar, gaming",photo_1942_0.jpg
1941,https://t.me/jotchuacontent/1941,photo,2026-09-29 00:25:42,Wagmi,"Jotchua's face is the yellow cake in Minecraft Cake Wars, sitting on yellow blocks while red players stand on a red bridge nearby. The board marks yellow and red alive and blue eaten, and the chat says ""Protect your cake!"" Send this when you have to guard the cake, or you are what they want to eat.","minecraft, cake, cake-wars, gaming, blocks, yellow, frosting, hud, scoreboard, protect, bridge",photo_1941_0.jpg
1940,https://t.me/jotchuacontent/1940,photo,2026-09-29 00:25:41,Wagmi,"Jotchua's face is the bed in a Hypixel Bed Wars match. A green player with a sword stands on the fort beside the bed, the item shop is in the back, and the board shows one kill, zero final kills, and zero beds broken. Send this when you are the bed they have to defend, or you are in a Bed Wars game.","minecraft, bed, bed-wars, hypixel, gaming, blocks, sword, shop, green, hud, scoreboard",photo_1940_0.jpg
1939,https://t.me/jotchuacontent/1939,photo,2026-09-29 00:25:40,Wagmi,"Jotchua sits in Minecraft grass in a red collar, four red hearts floating over his head and the health bar full along the bottom. Send this when it is cute, you love them, or the moment is wholesome.","minecraft, grass, blocks, collar, red, gaming, hud, love, heart, crush, cute, happy, smile, smiling, joy, excited, wholesome",photo_1939_0.jpg
1938,https://t.me/jotchuacontent/1938,photo,2026-09-28 23:45:56,Titus,"Jotchua as Spider-Man stands in a subway car with both arms spread, the red and blue suit torn, the doors and glass cracked behind him. Send this when you are holding it together, stopping the train, or making an entrance.","spider-man, subway, train, superhero, costume, suit, arms, cracked, glass, torn, marvel, web, doors, red, blue",photo_1938_0.jpg
1937,https://t.me/jotchuacontent/1937,photo,2026-09-28 13:48:16,Oowee,"Jotchua sits in the driver's seat of an orange McLaren at night, paws on the wheel, the orange hood filling the front of the shot. Send this when you are pulling up, flexing the car, or out for a night drive.","mclaren, sports-car, supercar, car, orange, driving, night, steering-wheel, headlights, driveway, winning, success, bullish, moon, pump, rich, money, cash, wealth",photo_1937_0.jpg
1936,https://t.me/jotchuacontent/1936,photo,2026-09-28 13:27:27,Oowee,"Jotchua pedals a small bike down the street in an oversized white shirt, baggy jeans, sneakers, and a chain necklace, towing a red wagon stacked with banded cash. Send this when you are rich, moving the bag, or flexing the money.","bike, bicycle, bmx, wagon, towing, cash, money, wealth, stacks, necklace, chain, shirt, jeans, baggy, sneakers, street, winning, success, bullish, moon, pump, rich",photo_1936_0.jpg
1935,https://t.me/jotchuacontent/1935,photo,2026-09-28 13:23:39,Oowee,"Jotchua in a grey zip hoodie with the hood up sits at a night cafe, a cigarette in one paw, string lights and other tables behind him. Send this for a late-night smoke, looking unbothered, or posted up outside.","hoodie, hood, smoking, cigarette, night, cafe, patio, lights, grey, chill",photo_1935_0.jpg
1934,https://t.me/jotchuacontent/1934,photo,2026-09-28 13:23:02,Oowee,"Jotchua takes a mirror selfie in a bedroom, phone in both paws, navy sweater on, and baggy jeans pooling at his feet. A bed and a dresser with a Yankees cap sit behind him. Send this for a fit check, a mirror pic, or the baggy jeans.","mirror, selfie, phone, sweater, jeans, baggy, bedroom, yankees, drip, fit-check",photo_1934_0.jpg
1933,https://t.me/jotchuacontent/1933,photo,2026-09-28 13:17:35,Oowee,Jotchua wears a white Gotcha surfwear shirt with the red logo on the chest and stands under a pale moon in a dusk sky. Send this when you are out at sunset or posted up under the moon.,"shirt, gotcha, surfwear, logo, full-moon, sunset, dusk, sky, outdoors",photo_1933_0.jpg
1932,https://t.me/jotchuacontent/1932,photo,2026-09-28 13:14:37,Oowee,"Jotchua sits on a bed zipped into a black puffer jacket, a lamp and pillows behind him. Send this when you are cold, bundled up, or staying in.","puffer, jacket, coat, black, bed, bedroom, cozy, bundled, zipper",photo_1932_0.jpg
1931,https://t.me/jotchuacontent/1931,photo,2026-09-28 13:11:55,Oowee,"Jotchua stands on his hind legs on the dirt and waves both paws, a white shelter with a grey blanket behind him. Send this when you are saying hi, waving someone over, or greeting the chat.","waving, standing, paws, hello, greeting, outdoors, dirt, cute, shelter, blanket",photo_1931_0.jpg
1930,https://t.me/jotchuacontent/1930,photo,2026-09-28 13:09:37,Oowee,"Jotchua stares up from a dark tiled floor, only his head in the bottom of the frame and the rest of the room in shadow. Send this when you want attention, you are waiting to be picked up, or you are looking up at someone.","staring, looking-up, floor, tiles, closeup, eyes, dark, begging, cute",photo_1930_0.jpg
1929,https://t.me/jotchuacontent/1929,photo,2026-09-28 13:07:21,Oowee,"Jotchua peeks through a cutout in a Pepsi Cube carton, The CUBE logo and a caffeine-free mark beside his face and the red, white, and blue globe below him. Send this when you are hiding in the box, popping out, or you came with the soda.","pepsi, cube, box, peeking, soda, cardboard, logo, caffeine-free, hiding",photo_1929_0.jpg
1928,https://t.me/jotchuacontent/1928,photo,2026-09-28 11:20:54,Oowee,"Jotchua in a black bow tie sits at a messy wooden desk covered in open books and papers, a red desk lamp on and shelves behind him. Send this when you are studying, doing homework, or locked in at the desk.","studying, homework, desk, bow-tie, books, papers, lamp, bookshelf, messy",photo_1928_0.jpg
1927,https://t.me/jotchuacontent/1927,photo,2026-09-27 21:40:18,Titus,"Cheese balls float around Jotchua's head on a flat bright orange background. Send this when you are the snack, surrounded by cheese balls, or everything is just orange.","cheese-balls, cheese-puffs, snacks, food, orange, floating, pattern, portrait, closeup, cartoon",photo_1927_0.jpg
1926,https://t.me/jotchuacontent/1926,photo,2026-09-27 19:17:03,Zenith,"Jotchua as Darth Vader, helmet on and chest panel lit, holds a red lightsaber in one paw and a bowl of chocolate chip cookies in the other. The text reads ""JOIN THE BARK SIDE"" and ""WE HAVE COOCKIES."" Send this when you are recruiting someone or the bait is snacks.","darth-vader, star-wars, sith, lightsaber, red, cookies, chocolate-chip, helmet, text, pun, bark, dark-side",photo_1926_0.jpg
1924,https://t.me/jotchuacontent/1924,photo,2026-09-27 02:51:27,Titus,Jotchua stares at the camera in front of a two-door cartoon: a huge crowd pours through the door labeled ATHs while one person walks into Pullback. Send this when everyone is chasing the high and ignoring the dip.,"ath, all-time-high, pullback, crowd, fomo, doors, choosing, trading, staring, reaction",photo_1924_0.jpg
1922,https://t.me/jotchuacontent/1922,photo,2026-09-26 02:11:00,Zenith,"Jotchua rides a tiny blue BMX straight at the camera down a cracked road, paws on the handlebars and hills behind him. Send this when you are on the way, cruising, or pulling up small.","bike, bicycle, bmx, riding, blue, road, handlebars, outdoors, cracked, pavement, hills",photo_1922_0.jpg
1921,https://t.me/jotchuacontent/1921,photo,2026-09-26 02:10:59,Zenith,"Jotchua lifts one paw high and reaches the other toward the camera, shot from below against a bright blue sky. Send this when you are waving hello, saying hi, or asking to be picked up.","waving, paw, hello, reaching, sky, clouds, blue, low-angle, cute",photo_1921_0.jpg
1920,https://t.me/jotchuacontent/1920,photo,2026-09-26 02:10:59,Zenith,"Jotchua's face shows through the three slanted bars of the Solana logo, inside a black circle with a teal-to-purple gradient. Send this as a Solana picture, a sol post, or when the logo is him.","solana, sol, logo, icon, pfp, gradient, teal, purple, black, closeup",photo_1920_0.jpg
1919,https://t.me/jotchuacontent/1919,photo,2026-09-26 02:10:58,Zenith,"A Lord of the Rings movie poster is recast with Jotchua faces and titled Jotchua of the Rings. Aragorn holds a sword in chainmail, curly-haired Frodo wears a green cloak in the center, and Gandalf has long white hair. An elf, Legolas with a bow, small hobbits, and a battle along the bottom fill out the poster. Send this for the fellowship or when the whole crew shows up.","lotr, lord-of-the-rings, poster, fellowship, movie, hobbit, wizard, gandalf, frodo, aragorn, legolas, elf, sword, chainmail, cloak, bow, archer, battle, fantasy",photo_1919_0.jpg
1918,https://t.me/jotchuacontent/1918,photo,2026-09-26 02:10:58,Zenith,"Jotchua as Frodo wears a green cloak pinned with a leaf brooch over a brown vest, a wooden staff beside him and a rolled bedroll on his back, hills behind. Send this when you are a hobbit on the road or just starting the quest.","frodo, hobbit, lotr, lord-of-the-rings, cloak, brooch, leaf, vest, staff, bedroll, backpack, fantasy, mountains",photo_1918_0.jpg
1917,https://t.me/jotchuacontent/1917,photo,2026-09-26 02:10:57,Zenith,"Jotchua wears Gandalf's tall grey hat and cloak and holds a wooden staff with a glowing tip, mountains behind him. Send this for a wizard entrance or a you-shall-not-pass moment.","gandalf, wizard, staff, hat, cloak, brooch, leaf, lotr, lord-of-the-rings, glowing, magic, fantasy, mountains, you-shall-not-pass",photo_1917_0.jpg
1916,https://t.me/jotchuacontent/1916,photo,2026-09-26 02:10:56,Zenith,"Jotchua's face is baked into a sliced white loaf on a wooden board, one piece already cut and sitting in front. Send this when you are the bread, getting sliced up, or you are toast.","bread, loaf, slice, food, kitchen, cutting-board, crust, bakery, toast",photo_1916_0.jpg
1915,https://t.me/jotchuacontent/1915,photo,2026-09-25 20:05:14,Titus,"Jotchua sits behind a plate of mooncakes under glowing floral lanterns, with a full moon and tiled pavilion roofs in the night sky. Send this for Mid-Autumn Festival or a mooncake night.","mooncake, lantern, full-moon, night, festival, mid-autumn, chinese, flowers, plate, pavilion, sky, cute",photo_1915_0.jpg
1914,https://t.me/jotchuacontent/1914,photo,2026-09-25 03:36:51,Oowee,"In a painted cartoon, Jotchua in yellow-framed sunglasses talks on a black landline beside a round table stacked with green banded cash. Send this when you are closing a deal, counting money, or too rich to text.","sunglasses, phone, telephone, landline, money, cash, wealth, stacks, table, cartoon, chair, green, flex, winning, success, bullish, moon, pump, rich",photo_1914_0.jpg
1913,https://t.me/jotchuacontent/1913,photo,2026-09-25 03:24:49,Oowee,"Jotchua prays in a white durag, tank top, and chains beside a black Ferrari at night, the prancing-horse badge on the panel and his reflection in the paint. Send this when you are praying for the bag, posted by the whip, or flexing.","ferrari, sports-car, praying, prayer, hands, durag, tank-top, chain, jewelry, belt, night, flex, winning, success, bullish, moon, pump, rich, money, cash, wealth",photo_1913_0.jpg
1912,https://t.me/jotchuacontent/1912,photo,2026-09-25 03:20:15,Oowee,Jotchua sits on the carpet in a red baseball cap with a gold patch on the side. Send this for a simple fit check or a low-angle portrait.,"baseball-cap, red, patch, gold, carpet, sitting, indoors, portrait, cute",photo_1912_0.jpg
1911,https://t.me/jotchuacontent/1911,photo,2026-09-25 03:18:26,Oowee,"Jotchua is bundled in a blue hoodie with the hood up, Pawlenciaga and 2017 across the chest in a Balenciaga parody. Send this for the fit, a bootleg logo, or hiding in a hoodie.","hoodie, hood, blue, balenciaga, pawlenciaga, parody, bootleg, logo, fashion, drawstring, bundled, drip, cute",photo_1911_0.jpg
1910,https://t.me/jotchuacontent/1910,photo,2026-09-25 03:11:23,Oowee,"Jotchua wears a black headset in front of a monitor running a desert first-person shooter, a gun in the lower corner and a backlit keyboard below. Send this when you are queued, locked in, or gaming.","headphones, headset, gaming, fps, shooter, first-person, desert, gun, keyboard, monitor, screen",photo_1910_0.jpg
1909,https://t.me/jotchuacontent/1909,photo,2026-09-25 03:08:43,Oowee,"Jotchua stands in a wooden viking boat in a horned helmet, sword in one paw and a gold-dragon shield in the other, mountains across the water. Send this for a raid, a voyage, or showing up ready.","viking, horned-helmet, horns, sword, shield, dragon, boat, longship, water, mountains",photo_1909_0.jpg
1908,https://t.me/jotchuacontent/1908,photo,2026-09-25 03:06:13,Oowee,"Jotchua's huge round body fills a star field, with Earth and a ringed Saturn on his belly, a moon at his side, and smaller planets orbiting him. Send this when someone is ridiculously chonky or the center of everything.","space, planets, solar-system, earth, saturn, mars, stars, orbit, chonky, round, chubby",photo_1908_0.jpg
1907,https://t.me/jotchuacontent/1907,photo,2026-09-25 03:01:23,Oowee,"Jotchua in a lime hard hat sits in the grass holding a Zoomies can, in front of a yellow truck. The bar says ""Ok only 7hrs and 59min left"". Send this when the shift just started and the day is still basically eight hours long.","hard-hat, helmet, lime, zoomies, energy-drink, can, truck, yellow, countdown, text, work, shift, grass, leaves, outdoors, sitting",photo_1907_0.jpg
1906,https://t.me/jotchuacontent/1906,photo,2026-09-25 02:57:40,Oowee,"Jotchua wears a tall yellow cone hat that reads KING SIZE DUNCE. Send this when you did something dumb, or when someone else is the clown.","dunce, dunce-cap, hat, cone, yellow, king-size, text, dumb, stupid",photo_1906_0.jpg
1905,https://t.me/jotchuacontent/1905,photo,2026-09-25 02:49:21,Oowee,"Jotchua wears a navy-and-red bucket hat, a silver chain, and a camo shirt that says NAVY SPADS over little planes and an anchor. Send this for the fit or a streetwear check.","bucket-hat, chain, camo, shirt, navy, spads, anchor, airplane, drip, red",photo_1905_0.jpg
1904,https://t.me/jotchuacontent/1904,photo,2026-09-25 00:58:37,Titus,"Jotchua sits upright on a dark blue couch in a long white dress, paws sticking out of the sleeves. Send this when you are dressed up, sitting pretty, or waiting nicely.","dress, gown, white, couch, sofa, sitting, blue, cute",photo_1904_0.jpg
1903,https://t.me/jotchuacontent/1903,photo,2026-09-24 22:47:04,Oowee,"Jotchua wears a fuzzy orange jack-o'-lantern costume with a green stem on the hood and a leaf collar of colorful pom-poms. Send this for Halloween, a pumpkin fit, or October.","halloween, pumpkin, jack-o-lantern, costume, orange, fuzzy, stem, pom-poms, leaves, cute",photo_1903_0.jpg
1902,https://t.me/jotchuacontent/1902,photo,2026-09-24 02:00:56,Oowee,"Jotchua in a white t-shirt and jeans lies on the wood floor fanning cash, while hundred-dollar bills on the rug spell THANK. Send this as a thank-you, or when the money is how you say thanks.","thank, thanks, thank-you, text, money, cash, wealth, bills, hundreds, fanning, jeans, t-shirt, watch, socks, rug, floor, lying-down",photo_1902_0.jpg
1901,https://t.me/jotchuacontent/1901,photo,2026-09-24 01:54:45,Oowee,"Jotchua lies on scattered pink bills in a black shirt with a green triangle logo, gold bracelet on, one finger pointing up, a bill stuck to his shoulder. Send this when you are on the money, pointing at the play, or flexing.","money, cash, wealth, bills, pink, pointing, black-shirt, triangle, logo, green, bracelet, gold, lying-down, flex, winning, success, bullish, moon, pump, rich",photo_1901_0.jpg
1900,https://t.me/jotchuacontent/1900,photo,2026-09-24 01:49:26,Oowee,"Jotchua in a black Thrasher beanie, chain, and white shirt lounges on the bed beside piles of banded hundreds. Send this when you are counting money, flexing, or surrounded by cash.","thrasher, beanie, skate, money, cash, wealth, stacks, hundreds, bands, bed, blanket, chain, shirt, flex, winning, success, bullish, moon, pump, rich",photo_1900_0.jpg
1899,https://t.me/jotchuacontent/1899,photo,2026-09-24 00:51:55,Titus,"Jotchua is tucked under white covers, hugging a small brown teddy, with a MacBook open in front of the bed. Send this when you are cozy, cuddling, or in bed with the laptop.","bed, blanket, sheets, pillows, laptop, macbook, teddy-bear, plush, hugging, cuddle, cozy, cute",photo_1899_0.jpg
1898,https://t.me/jotchuacontent/1898,photo,2026-09-22 21:16:31,Titus,"A four-panel Variety interview shows Jotchua peeking out of Sydney Sweeney's neckline while she smiles and holds the mic, across from a dark-haired woman in a beige sweater. Send this when you are hiding in plain sight, tucked in her shirt, or third-wheeling the interview.","sydney-sweeney, woman, female, interview, variety, microphone, cleavage, neckline, peeking, collage, couch, black-top, blonde, sweater",photo_1898_0.jpg
1897,https://t.me/jotchuacontent/1897,photo,2026-09-22 02:26:14,Oowee,"Jotchua sits in the driver's seat in a brown shirt and camo cargo pants, gold grill flashing, fanning a thick stack of hundreds. Send this when you are paid, flexing, or riding around with cash.","grillz, gold-teeth, gold, money, cash, wealth, bills, hundreds, fanning, car, driver, camo, cargo-pants, t-shirt, flex, winning, success, bullish, moon, pump, rich",photo_1897_0.jpg
1896,https://t.me/jotchuacontent/1896,video,2026-09-21 12:36:02,MW,"Buff Jotchua in black shorts heaves a barbell from his thighs to lockout overhead inside a warehouse gym. A tiny figure in black with a red-and-white shield hangs in the rafters. Send this when you are lifting, getting strong, or putting in the work.","video, gym, warehouse, barbell, weights, plates, lifting, overhead-press, muscles, buff, shorts, workout, strong, shield, rafters, red-white",1896_file_1896_0.mp4
1895,https://t.me/jotchuacontent/1895,photo,2026-09-21 12:35:56,MW,"Jotchua in a burglar mask, striped shirt, and beanie pushes a wheelbarrow of cash with a dollar-sign bag on his back. The bubble reads ""ANOT BAD FOR EXTRA BUYING JOTCHUA COINS."" Send this when a buy still looks fine or you are loading up anyway.","burglar, mask, beanie, striped-shirt, money-bag, wheelbarrow, cash, money, wealth, bills, coin, buying, speech-bubble, text, warehouse, winning, success, bullish, moon, pump, rich",photo_1895_0.jpg
1894,https://t.me/jotchuacontent/1894,photo,2026-09-21 12:35:51,MW,"Jotchua winks in blue cloud pajamas and a matching nightcap, one paw up, with a little sun and the words GOOD MORNING over a bright park. Send this as a good-morning greeting.","good-morning, morning, greeting, text, pajamas, nightcap, clouds, wink, winking, sun, park, outdoors, blue, happy, smile, smiling, joy, excited, wholesome",photo_1894_0.jpg
1893,https://t.me/jotchuacontent/1893,photo,2026-09-21 12:35:45,MW,"Jotchua in a black tactical suit leaps with a scratched red-and-white shield and points upward. Send this when you are calling the shot, leading the push, or telling everyone where to look.","shield, red-white, tactical, suit, black, pointing, jumping, airborne, soldier, boots, pouches",photo_1893_0.jpg
1892,https://t.me/jotchuacontent/1892,photo,2026-09-21 12:35:45,MW,"Green Hulk Jotchua stands wide in torn brown pants, fists clenched and shoulders hunched. Send this when you are mad, hulking out, or about to smash something.","hulk, marvel, superhero, green, brown, muscles, muscular, fists, torn-pants, pants, barefoot, smash, angry, mad, rage, pissed, annoyed",photo_1892_0.jpg
1891,https://t.me/jotchuacontent/1891,photo,2026-09-21 12:35:44,MW,"Jotchua in gray Iron Man armor flies at the camera, blue repulsors lit in both palms and thrusters firing from the boots. Send this for Iron Man, flying in, or blasting off.","iron-man, avengers, superhero, armor, flying, repulsor, thrusters, glowing, blue, costume",photo_1891_0.jpg
1890,https://t.me/jotchuacontent/1890,photo,2026-09-21 12:35:44,MW,"Jotchua as Thor, winged helmet and red cape over armor, holds Mjolnir up with blue lightning cracking off the hammer. Send this for Thor, calling the lightning, or bringing the hammer.","thor, avengers, superhero, hammer, mjolnir, lightning, cape, helmet, armor, costume, red, blue",photo_1890_0.jpg
1889,https://t.me/jotchuacontent/1889,photo,2026-09-21 12:35:43,MW,"Jotchua as Hawkeye kneels in a black suit, white shirt, tie, and sunglasses, drawing a compound bow with a quiver on his back. Send this for Hawkeye, taking the shot, or locked in.","hawkeye, avengers, superhero, compound-bow, arrow, quiver, sunglasses, suit, tie, kneeling, aiming, black, costume",photo_1889_0.jpg
1888,https://t.me/jotchuacontent/1888,photo,2026-09-21 12:35:43,MW,"Jotchua as Black Widow, red hair in a ponytail, aims a pistol in a black tactical suit with a holster on the thigh. Send this for Black Widow, a standoff, or showing up armed.","black-widow, avengers, superhero, wig, ponytail, red, gun, pistol, aiming, tactical, holster, costume, black",photo_1888_0.jpg
1887,https://t.me/jotchuacontent/1887,photo,2026-09-21 10:08:50,D Boi,"Jotchua sits on the sand under a yellow umbrella at sunset, a speech bubble saying ""beach bod for da beeches,"" next to a YETI cooler, a beer bottle, and a checkered towel. Footprints lead in past a palm tree. Send this when you are claiming a beach bod or posted up on the sand.","beach, beach-bod, umbrella, yellow, yeti, cooler, beer, bottle, towel, sunset, palm-tree, footprints, ocean, speech-bubble",photo_1887_0.jpg
1886,https://t.me/jotchuacontent/1886,photo,2026-09-20 23:52:13,MW,"Hulk Jotchua stands in a ruined street under a red sky, fists clenched, with Iron Man, Thor, Hawkeye in a suit, Black Widow, and a black-suited figure holding a red-and-white shield around him. Send this when the squad rolls out or the Avengers show up.","avengers, hulk, iron-man, thor, hawkeye, black-widow, fists, superhero, squad, ruins, shield, bow, hammer, lightning, gun, green, red, flying, costume",photo_1886_0.jpg
1885,https://t.me/jotchuacontent/1885,photo,2026-09-20 19:36:59,MW,"A two-panel fishing meme. On top, under ""POV : TRYING TO FISH IN THE SEA,"" Jotchua in a straw hat rows a little inflatable boat into a sunset. On the bottom he has sunglasses on, the rod bent, a shark on the line, and the text ""DYMMMM BRO DYMMMN."" Send this when a chill plan hooks something way too big.","fishing, shark, boat, inflatable, straw-hat, sunglasses, sunset, ocean, pov, dock, oar, two-panel, text, reaction",photo_1885_0.jpg
1884,https://t.me/jotchuacontent/1884,photo,2026-09-20 18:24:01,Titus,"Jotchua stands indoors in a yellow Rilakkuma bib with a blue gingham ruffle, little figures and a bright screen behind him. Send this when something is cute or soft.","rilakkuma, bib, yellow, bear, gingham, blue, indoors, cute, costume",photo_1884_0.jpg
1883,https://t.me/jotchuacontent/1883,photo,2026-09-20 17:21:46,MW,"On Mars, Jotchua in flower sunglasses and a glitter heart offers Elon Musk a rose and asks if Jotchua is the number one dog meme. Elon, in a leather jacket, laughs and gives two thumbs up, thinking ""YES YES YOU ARE THE CHAMPION."" A tiny Jotchua by the rover says ""DYMM BRO."" Send this when you want to be called number one, you are shooting your shot, or you need the thumbs-up.","elon-musk, man, male, thumbs-up, mars, rose, flower-sunglasses, leather-jacket, champion, thought-bubble, happy, smile, smiling, joy, excited, wholesome, laughing, lol, love, heart, crush, cute, winning, success, bullish, moon, pump, rich",photo_1883_0.jpg
1882,https://t.me/jotchuacontent/1882,photo,2026-09-20 16:08:47,MW,"In a garage, Jotchua in a welding helmet holds a wrench in front of a red car with the hood up on a lift, question marks around him. A tiny Jotchua floats in the middle thinking ""DYMM BRO BOS,"" and a close-up Jotchua with angry eyebrows thinks ""WHAT YOU DO"" beside a hammer. Send this when the boss is asking what you did, or you are lost on the job and someone is pissed.","mechanic, garage, welding-helmet, wrench, hammer, car, lift, confused, question-mark, boss, thought-bubble, angry, mad, rage, pissed, annoyed",photo_1882_0.jpg
1881,https://t.me/jotchuacontent/1881,photo,2026-09-20 16:08:46,MW,"Two Jotchuas stand in the grass by a silver car at the ocean, sharing one thought: five hundred dollars plus a pup equals stacks of cash. Send this when you are doing the math on a bag or pricing him in.","thinking, thought-bubble, math, equation, car, ocean, grass, stacks, winning, success, bullish, moon, pump, rich, money, cash, wealth",photo_1881_0.jpg
1878,https://t.me/jotchuacontent/1878,photo,2026-09-20 01:18:58,Oowee,"Jotchua faces the camera in a black-and-white portrait, a straw boater with a black band, round glasses, a suit, and a polka-dot tie. Send this when you are dressed up, acting classy, or playing the little gentleman.","boater, straw-hat, round-glasses, suit, tie, polka-dot, gentleman, black-and-white, portrait, classy",photo_1878_0.jpg
1877,https://t.me/jotchuacontent/1877,photo,2026-09-19 05:16:44,Oowee,"Jotchua rides a yellow toy car with a face on the front, airborne over a road through the woods while the background streaks with speed. Send this when you are zooming, racing, or taking off.","toy-car, toy, yellow, racing, driving, speeding, airborne, motion-blur, woods, forest, road",photo_1877_0.jpg
1876,https://t.me/jotchuacontent/1876,photo,2026-09-19 05:12:33,Oowee,"Jotchua sits at a steakhouse in a black shirt and a gold watch, chin on his paw, empty plate in front of him. A rare steak, broccoli, a tall dripping candle, and a glass of water cover the table. Send this when you are waiting at dinner, bored at a nice table, or out for steak.","steak, dinner, restaurant, date-night, candle, gold-watch, water, empty-plate, waiting, bored, broccoli, black, shirt, table",photo_1876_0.jpg
1875,https://t.me/jotchuacontent/1875,photo,2026-09-19 05:10:20,Oowee,"Jotchua sits in the passenger seat of a gray car and looks ahead, the steering wheel empty beside him. Send this when you are riding shotgun, waiting in the car, or not the one driving.","car, passenger-seat, shotgun, sitting, steering-wheel, window, waiting, gray, cute",photo_1875_0.jpg
1874,https://t.me/jotchuacontent/1874,photo,2026-09-19 05:07:52,Oowee,"Jotchua sits on a white beach chair in a black shirt, clutching a Goyard bag, with a crowded beach and an Ibiza shirt behind him. Send this when you are on vacation, dressed up, or flexing.","goyard, bag, designer, black, shirt, beach, chair, ibiza, beach-club, winning, success, bullish, moon, pump, rich",photo_1874_0.jpg
1872,https://t.me/jotchuacontent/1872,photo,2026-09-19 04:51:26,Oowee,Jotchua stands at a gas pump at night and holds a green nozzle in the filler of a dark car. The lot is wet and the price signs glow down the street. Send this when you are getting gas or stuck at the pump.,"gas-station, gas-pump, nozzle, pumping, night, car, wet, standing, green, cute",photo_1872_0.jpg
1871,https://t.me/jotchuacontent/1871,photo,2026-09-19 04:46:01,Oowee,"Jotchua in a straw hat holds chopsticks with a sushi roll and a paper bag of salmon nigiri, standing by a red bridge with a Japanese castle across the water. Send this for sushi, Japan, or a food run.","sushi, nigiri, salmon, chopsticks, takeout, straw-hat, castle, japanese, japan, bridge, water",photo_1871_0.jpg
1870,https://t.me/jotchuacontent/1870,photo,2026-09-19 04:40:29,Oowee,"Pirate Jotchua stands on the beach at sunset in a skull hat, red bandana, and studded vest, holding a dagger beside a treasure chest and a money bag. A sailing ship sits on the horizon. Send this for pirates, treasure, or heading out.","pirate, pirate-hat, skull-and-crossbones, bandana, vest, studs, dagger, knife, treasure, chest, money-bag, beach, ocean, sunset, pirate-ship, costume",photo_1870_0.jpg
1869,https://t.me/jotchuacontent/1869,photo,2026-09-19 04:36:15,Oowee,"Cowboy Jotchua stands outside at night in a black hat, green western shirt, boots, and a big belt buckle, one paw on a six-pack of Modelo Especial. Send this when you are bringing the beers or going full cowboy.","cowboy, cowboy-hat, western, shirt, boots, belt-buckle, modelo-especial, beer, six-pack, night",photo_1869_0.jpg
1868,https://t.me/jotchuacontent/1868,photo,2026-09-19 04:19:35,Oowee,"Jotchua lies in bed under a Shrek and Donkey blanket, holding a lit iPhone up to his face. Send this when you are in bed on your phone, scrolling, or tucked in for the night.","shrek, donkey, blanket, bed, phone, iphone, texting, scrolling, night, cute, sleep, sleepy, sleeping, nap, tired, bedtime",photo_1868_0.jpg
1867,https://t.me/jotchuacontent/1867,photo,2026-09-19 04:06:51,Oowee,"Jotchua is held up close on a sandy beach, fur dusty with sand, turquoise water and mountains behind him under a clear blue sky. Send this for the beach, a vacation, or a sunny selfie.","beach, ocean, sand, selfie, vacation, mountains, sky, tropical, turquoise, cute",photo_1867_0.jpg
1866,https://t.me/jotchuacontent/1866,photo,2026-09-17 22:42:05,Titus,"A cartoon Jotchua pushes a giant Pokéball mural across a concrete wall, motion lines behind him and bushes along the top. Send this for Pokémon or when you are shoving something huge.","pokemon, pokeball, graffiti, mural, wall, pushing, cartoon, motion-lines, concrete",photo_1866_0.jpg
1865,https://t.me/jotchuacontent/1865,photo,2026-09-17 22:41:00,Titus,"Jotchua's head peeks from the bottom corner of a giant weathered Pokéball painted on a concrete wall, with bushes along the top. Send this for Pokémon, hiding, or peeking out.","pokemon, pokeball, graffiti, mural, wall, peeking, hiding, concrete, bushes, cute",photo_1865_0.jpg
1864,https://t.me/jotchuacontent/1864,photo,2026-09-17 14:38:47,D Boi,"Mullet Jotchua in a patterned wool jacket and bandana stands in front of bare trees, hands clasped, and says ""let da dawg be... my time is inevitable."" The picture is on a screen. Send this when you are telling people to wait or your moment is coming.","mullet, jacket, wool, patterned, bandana, speech-bubble, inevitable, let-da-dawg-be, clasped-hands, screen, trees, waiting",photo_1864_0.jpg
1863,https://t.me/jotchuacontent/1863,photo,2026-09-17 14:38:42,D Boi,"The Lawrence of Arabia poster is retitled ""JOTCHUA OF ARABIA,"" with Jotchua's face in the white keffiyeh, figures in the desert on both sides, and a camel charge along the bottom. Send this for a movie poster or a desert epic.","lawrence-of-arabia, poster, movie, keffiyeh, desert, camel, parody, sunset, soldiers",photo_1863_0.jpg
1862,https://t.me/jotchuacontent/1862,photo,2026-09-17 00:19:17,Titus,"A Jotchua plush sits on a couch beside three Pokemon plushes, Plusle, Minun, and Emolga, tags still hanging. Send this for a plush haul or a cute lineup.","pokemon, plush, plusle, minun, emolga, toys, couch, tags, cute",photo_1862_0.jpg
1861,https://t.me/jotchuacontent/1861,photo,2026-09-16 02:31:56,peacefuldestroy,"Jotchua wears an oversized brown leather cowboy hat while a hand points a small revolver at the camera. Send this for a standoff, a cowboy bit, or telling someone to freeze.","cowboy, cowboy-hat, leather, revolver, gun, pointing, hand, standoff",photo_1861_0.jpg
1860,https://t.me/jotchuacontent/1860,photo,2026-09-16 02:31:56,peacefuldestroy,"Jotchua's face is pasted on an anime maid with a blonde wig that fades pink, a frilled headdress, a blue vest, and a pink tie. Send this for a maid fit or an anime edit.","anime, maid, wig, blonde, headdress, tie, vest, pink, woman, female, girl, face-swap",photo_1860_0.jpg
1859,https://t.me/jotchuacontent/1859,photo,2026-09-16 02:31:55,peacefuldestroy,"Jotchua stares in a close-up with long cyan cartoon tears on his cheeks. Send this when you are sad, crying, or down bad.","sad, upset, down, depressed, emo, down-bad, lonely, crying, tears, sobbing, closeup, cyan, cartoon",photo_1859_0.jpg
1858,https://t.me/jotchuacontent/1858,photo,2026-09-16 02:31:55,peacefuldestroy,"Jotchua's face is smeared into a yellow blob with tiny eyes and a warped mouth, a plastic chair behind him. Send this for a derp, a cursed pic, or when nothing is loading.","derp, cursed, distorted, closeup, staring, blurry, weird, blob, chair, warped",photo_1858_0.jpg
1857,https://t.me/jotchuacontent/1857,photo,2026-09-16 02:31:54,peacefuldestroy,"Jotchua stares in a close-up with hearts, stars, and sparkles piled on his head, including a heart-eyes emoji. Send this when you love something, have a crush, or you are being soft.","love, heart, crush, cute, emoji, sparkles, stars, closeup, staring, heart-eyes",photo_1857_0.jpg
1856,https://t.me/jotchuacontent/1856,photo,2026-09-16 02:31:53,peacefuldestroy,A sketchy cartoon Jotchua stares forward with huge round eyes on a plain white background. Send this for a blank stare or a simple little portrait.,"cartoon, drawing, staring, eyes, closeup, sketch, cute, portrait, blank-stare",photo_1856_0.jpg
1855,https://t.me/jotchuacontent/1855,video,2026-09-16 01:12:46,Titus,"The KLCC fountain throws pink and gold jets at night in front of lit skyscrapers. A faint dog-face constellation in the sky brightens into a glowing blue outline. Send this for a light show, a night out, or looking up.","fountain, night, constellation, city, skyline, skyscraper, lights, glowing, stars, video, water, klcc, kuala-lumpur, malaysia",1855_klcc_dog_constellation.mp4
1854,https://t.me/jotchuacontent/1854,photo,2026-09-15 01:22:39,Titus,"Jotchua lies under a wooden bed with his chin on his paws, looking out over a tile floor. Send this when you are hiding, lurking, or staying small.","hiding, peeking, bed, under-bed, paws, floor, tile, wood, cute",photo_1854_0.jpg
1853,https://t.me/jotchuacontent/1853,photo,2026-09-14 12:00:27,D Boi,"Giant Jotchua floats on his back in the ocean off a palm-lined resort beach and sprays a thin jet of water into the air. Send this for a beach day, a float, or spitting.","giant, beach, ocean, surf, floating, spray, spout, spitting, water, palms, resort, tropical, waves, hotel",photo_1853_0.jpg
1852,https://t.me/jotchuacontent/1852,photo,2026-09-14 01:07:47,D Boi,"Jotchua looks back over a huge round fluffy butt, a plastic chair and a green bag beside him in the hills. Send this for a big butt, a look back, or being cute about it.","looking-back, butt, fluffy, round, cute, chair, mountains, green-bag",1852_HN5HszYWoAEYm7w.jpg
1851,https://t.me/jotchuacontent/1851,photo,2026-09-14 01:07:46,D Boi,"Jotchua sits in a brown armchair in a silver jeweled robe and pearl headphones, paws clasped, under ""Sometimes I say I don't know but I'm knowing."" A framed portrait hangs on the wood wall. Send this when you say you don't know but you do, or the line barely makes sense.","robe, headphones, armchair, pearls, jewels, silver, quote, knowing, medallion, portrait, sitting, sequins, text",1851_file_00000000499c81f59e5622a028a3bf65.png
1850,https://t.me/jotchuacontent/1850,photo,2026-09-14 01:07:45,D Boi,"Jotchua sits up in a spiked silver bed like a throne, wearing a silver cape trimmed with pearls, sleep mask pushed up over cat-eye sunglasses, with a starry night sky behind him. Send this when you just woke up, you are tired, or you are still the royalty.","throne, royalty, sleep-mask, sunglasses, cat-eye, pearls, jewels, silver, cape, spikes, bed, night, stars, sleep, sleepy, sleeping, nap, tired, bedtime",1850_file_00000000b93c81f5bcadbe20c643dfb0.png
1849,https://t.me/jotchuacontent/1849,photo,2026-09-14 01:07:44,D Boi,"Jotchua lounges on forest moss in a pink jeweled robe and rhinestone cat-eye sunglasses, both hind legs kicked up, under the lines ""Stop asking me my sign. I am literally a sign from the universe."" Send this when someone asks your sign or you are the main character.","zodiac, astrology, horoscope, sunglasses, cat-eye, robe, pink, forest, moss, pearls, jewels, lounging, text, smug, main-character",1849_file_0000000041f081f58afcbf268ecf0fed.png
1848,https://t.me/jotchuacontent/1848,photo,2026-09-14 01:07:43,D Boi,"Only Jotchua's head shows in a turquoise mountain lake under a bright sky, with a bubble that says ""jotchua!"" Send this when you pop up, get spotted, or you are in the water.","lake, mountains, turquoise, speech-bubble, floating, swimming, water, peeking",1848_file_00000000fad081f482fc236737f0fe71.png
1847,https://t.me/jotchuacontent/1847,photo,2026-09-14 01:07:42,D Boi,"Jotchua peeks out of the foam on a Zillertal beer mug a hand is holding, says ""cheers,"" with snowy mountains and a patio umbrella behind him. Send this for a toast, a beer, or drinks with a view.","beer, cheers, mug, foam, mountains, alps, snow, umbrella, drinking, toast, hand, speech-bubble, zillertal",1847_file_00000000f41881fd8b060bd5f6189181.png
1846,https://t.me/jotchuacontent/1846,photo,2026-09-14 01:07:38,D Boi,"A watercolor reads ""You're either a smart fella or a fart smella."" One Jotchua wears a grad cap and round glasses. The other sticks his tongue out next to a green fart cloud. Send this for the smart one, the smelly one, or graduation.","graduation, grad-cap, glasses, fart, smart-fella, fart-smella, watercolor, cartoon, twins, tongue, tassel, text, cute",1846_file_00000000edcc81f5996be5807c98907e.png
1845,https://t.me/jotchuacontent/1845,photo,2026-09-14 01:07:37,D Boi,"Jotchua walks a crosswalk in blue headphones, an oversized light-blue tee, camo pants, and yellow sneakers, carrying a Pawpower tote with tulips. Send this for a fit check, running errands, or heading out.","walking, headphones, crosswalk, tote-bag, pawpower, tulips, flowers, camo, sneakers, yellow-shoes, t-shirt, street, outfit",1845_file_00000000453481f5a5a41524d55a799f.png
1844,https://t.me/jotchuacontent/1844,photo,2026-09-14 01:07:37,D Boi,"Jotchua leans on a boat rail in cat-eye sunglasses and a blue daisy bandana, red wine in one paw, under the line ""Me knowing everything will work out since I saw 11:11 on the microwave."" Send this when you saw a sign and decided it is all going to be fine.","wine, red-wine, wine-glass, sunglasses, cat-eye, bandana, daisies, boat, ocean, 11-11, microwave, angel-number, manifesting, text, confident",1844_file_00000000485881f79b2ed572198184f3.png
1843,https://t.me/jotchuacontent/1843,photo,2026-09-14 01:07:36,D Boi,"Jotchua sets his paws on a windowsill beside Bart Simpson, who holds the window and looks unimpressed. A pink closet and a hanger sit behind them. Send this when you are peeking out or nosing around.","simpsons, bart-simpson, window, peeking, closet, hanger, cartoon, unimpressed, paws, cute",1843_file_000000007f54822f983ad995e0b85d48.png
1842,https://t.me/jotchuacontent/1842,photo,2026-09-14 01:07:35,D Boi,"Fairy Jotchua in a pink tutu, tiara, pearls, and wings holds a star wand under the line ""stable? that's for horses."" Send this when someone says stable and you mean the barn.","fairy, tutu, wand, pink, wings, tiara, pearls, ballet, dancing, stable, horses, text, costume",1842_file_000000005670822fbfe8fedf1b6e8616.png
1841,https://t.me/jotchuacontent/1841,photo,2026-09-14 01:07:33,D Boi,"A giant Jotchua floats in a Rio bay at sunset, boats and the lit city around him, and says ""don't forget Jotchua."" Send this as a reminder, a cameo, or when you want him in the picture.","giant, rio, brazil, bay, sunset, boats, beach, city, skyline, speech-bubble, floating, water, reminder",1841_file_000000000f58822f8ab603f203113b08.png
1840,https://t.me/jotchuacontent/1840,photo,2026-09-14 01:07:31,D Boi,"Jotchua dances in a wood-paneled living room in a blue tracksuit that reads ""PAW POWER BITCHES,"" headphones on and both fingers up. A yellow couch and a glowing CRT sit behind him. Send this when you are vibing, locked in, or feeling yourself.","dancing, headphones, tracksuit, blue, paw-power, sneakers, fingers, couch, television, living-room, crt, retro, happy, smile, smiling, joy, excited, wholesome",1840_file_00000000367881f58c4eda0246498c71.png
1839,https://t.me/jotchuacontent/1839,photo,2026-09-14 01:07:30,D Boi,"Jotchua in a yellow suit, aviators, and a gold chain points at the camera, barefoot, while the TV behind him runs a live news hit: ""BREAKING: $JOTCHUA to $4 BILLION."" Send this when you are rich, flexing, or the number just went vertical.","suit, yellow, sunglasses, aviators, gold-chain, pointing, barefoot, news, breaking-news, television, live, news-anchor, man, male, guy, billion, money, cash, wealth, winning, success, bullish, moon, pump, rich",1839_file_00000000cfbc81f5931c198d57355884.png
1838,https://t.me/jotchuacontent/1838,photo,2026-09-14 01:07:29,D Boi,"Jotchua walks a crosswalk in headphones, a loose tie, and cuffed jeans, smoking and carrying a thank-you grocery bag. Send this when you are running errands, walking it off, or tuned out on the way home.","smoking, cigarette, headphones, walking, crosswalk, groceries, plastic-bag, tie, dress-shirt, jeans, sneakers, street, cars",1838_file_00000000c81481f5aa90f0393dc22649.png
1837,https://t.me/jotchuacontent/1837,photo,2026-09-14 01:07:28,D Boi,"A tiny Jotchua lies inside a neon-striped head while a bubble says he has entered your consciousness. A square tunnel with a crescent moon at the far end sits behind the head, and a little striped figure stands inside beside a sun. Send this when you are in someone's head or the timeline will not leave you alone.","trippy, psychedelic, brain, consciousness, mind, head, silhouette, lying-down, speech-bubble, stripes, crescent-moon, sun, surreal",1837_file_0000000040fc81f5be621cbec72d95f6.png
1836,https://t.me/jotchuacontent/1836,photo,2026-09-14 01:07:28,D Boi,"Jotchua stands on a flowered ridge in a sparkling blue hooded cloak, holding a glowing staff, with mountains, a sunset, and a crescent moon behind him. Send this for a fantasy entrance or when you feel magical.","wizard, cloak, hood, staff, glowing, magic, stars, crescent-moon, sunset, mountains, fantasy, flowers, sparkles",1836_file_000000008650822fa5600b767c20fb5b.png
1835,https://t.me/jotchuacontent/1835,photo,2026-09-14 01:07:27,D Boi,"Across a desk, a manager tells Jotchua, in a pink blazer with a pink bow on his head, that the salary is high for someone with no experience. Jotchua answers that the job will be hard because he does not know what he is doing. Send this for an interview, asking for too much, or having no clue.","interview, job, salary, office, work, pink, blazer, bow, manager, man, male, guy, glasses, suit, desk, city, unqualified, experience, diploma",1835_file_000000009a9481f598741e9b12d5f801.png
1834,https://t.me/jotchuacontent/1834,photo,2026-09-14 01:07:25,D Boi,"Jotchua stands and points at you beside an empty tan fur onesie. The bubble says ""Put it on! Join the cult."" Send this when you are recruiting, peer pressuring, or telling someone to suit up.","cult, pointing, onesie, costume, fur, fursuit, speech-bubble, recruiting, standing",1834_file_00000000a1e081f5b5bf5a01f1701da9.png
1833,https://t.me/jotchuacontent/1833,photo,2026-09-14 01:07:24,D Boi,"In a beige hoodie with bedhead, Jotchua stares from a corner under the line about trying to process the intense symbolism from his dreams. Send this the morning after a weird dream.","hoodie, beige, staring, confused, morning, dreams, bedhead, corner, text, symbolism",1833_file_00000000f84081f59ee0467b989d320f.png
1832,https://t.me/jotchuacontent/1832,photo,2026-09-14 01:07:22,D Boi,"Jotchua sits cross-legged in a pearl-trimmed silver and pink robe among giant crystals, a galaxy behind him, with the word meditachua overhead. Send this when you are meditating, zoning out, or going full crystal.","meditating, meditation, crystals, galaxy, space, robe, stars, sitting, pearls, jewels, spiritual",1832_file_00000000d0e081f5a45fbaf65b0669ec.png
1831,https://t.me/jotchuacontent/1831,photo,2026-09-14 01:07:21,D Boi,"Jotchua's face floats in a swirling checkerboard vortex with a bubble that says ""dreamtchua."" Send this for a weird dream, a trip, or when everything looks like that.","trippy, psychedelic, checkerboard, vortex, spiral, closeup, staring, speech-bubble, dream, surreal",1831_file_00000000301481f587aeb7149fe46619.png
1830,https://t.me/jotchuacontent/1830,photo,2026-09-14 01:07:20,D Boi,"Wizard Jotchua in a purple starry robe and a bubble helmet stands on a jeweled UFO under dark storm clouds and an orange sky, one hand sparking, with smaller saucers around him. Send this when the exit is dramatic or you are leaving in bad weather.","wizard, robe, ufo, flying-saucer, space, alien, astronaut, helmet, sparkle, jewels, storm, clouds, orange",1830_file_00000000a8b081f58a3e5b5f90f654cd~2.jpg
1829,https://t.me/jotchuacontent/1829,photo,2026-09-14 01:07:19,D Boi,"Wizard Jotchua in a starry purple robe and a bubble helmet stands on a jeweled UFO, one hand sparking, and says ""beam em up,"" with more saucers in the night sky. Send this when you want out of here or you are calling the ship.","wizard, robe, ufo, flying-saucer, space, alien, astronaut, helmet, sparkle, jewels, star-trek, beam-em-up, speech-bubble, night, stars",1829_file_00000000a6b081f5842a341a0be7e172.png
1828,https://t.me/jotchuacontent/1828,photo,2026-09-14 01:02:47,D Boi,"Jotchua's face fills the head of a Grateful Dead dancing bear, centered on a rainbow tie-dye circle. Send this for the Dead, a show, or a psychedelic mood.","grateful-dead, dancing-bear, deadhead, tie-dye, rainbow, psychedelic, music, band, logo",photo_1828_0.jpg
1827,https://t.me/jotchuacontent/1827,photo,2026-09-14 01:02:42,D Boi,"A skeleton with Jotchua's head holds a cup of coffee and says ""ain't dead yet."" Send this when you are exhausted, running on coffee, or somehow still here.","skeleton, bones, coffee, mug, drinking, speech-bubble, alive, aint-dead-yet, sleep, sleepy, sleeping, nap, tired",photo_1827_0.jpg
1826,https://t.me/jotchuacontent/1826,photo,2026-09-14 01:02:37,D Boi,"Jotchua peeks out of a thick field of clouds and says ""higher!"" Send this when you want it higher, you are already up, or you are not ready to come down.","clouds, sky, speech-bubble, higher, peeking, winning, success, bullish, moon, pump, rich",photo_1826_0.jpg
1825,https://t.me/jotchuacontent/1825,photo,2026-09-14 01:02:32,D Boi,"Jotchua floats in the turquoise water off a palm-lined resort beach and spits a tall spout like a whale. Send this for vacation, the beach, or cooling off.","beach, ocean, floating, water, spitting, spout, whale, palm-tree, resort, vacation, tropical, sand, waves",photo_1825_0.jpg
1824,https://t.me/jotchuacontent/1824,photo,2026-09-14 01:02:24,D Boi,"Jotchua lies on the tongue of a neon green and yellow Rolling Stones logo, geometric patterns filling the tongue. Send this for the band, a show, or a loud graphic.","rolling-stones, tongue, lips, logo, neon, green, yellow, music, band, rock",photo_1824_0.jpg
1822,https://t.me/jotchuacontent/1822,photo,2026-09-13 02:56:48,Oowee,"Jotchua in a chef hat and apron holds a rolling pin over floured rounds of dough. Send this when you are cooking, baking, or about to start.","chef, chef-hat, apron, cooking, baking, rolling-pin, dough, kitchen, food",photo_1822_0.jpg
1821,https://t.me/jotchuacontent/1821,photo,2026-09-12 22:16:38,Titus,"Jotchua is in front of a yellow splat painted across the brick sidewalk. A little blue lightning is scribbled on the paint above his head, and Pikachu graffiti is on the wall behind him. Send this for Pokemon, a shock, or standing in the blast.","pikachu, pokemon, graffiti, lightning, splat, yellow, sidewalk, brick, wall, paint",photo_1821_0.jpg
1820,https://t.me/jotchuacontent/1820,photo,2026-09-12 16:58:50,Oowee,"Jotchua's face is pressed into a round pink mochi. Send this for dessert, something squishy, or a sweet.","mochi, pink, dessert, food, sweet, snack, japanese, closeup, cute",photo_1820_0.jpg
1819,https://t.me/jotchuacontent/1819,photo,2026-09-12 16:55:55,Oowee,"Jotchua's face is the yolk of a cracked egg. Send this for breakfast, hatching, or when you just came out of the shell.","egg, yolk, breakfast, food, shell, cracked, closeup, cute",photo_1819_0.jpg
1818,https://t.me/jotchuacontent/1818,photo,2026-09-12 16:46:55,Oowee,"Jotchua in SpongeBob pajamas sits up in bed holding a black iPhone, with a Gary the snail plush beside him. Send this when you are in bed, scrolling late, or done for the night.","spongebob, pajamas, phone, iphone, bed, gary, snail, plush, blanket, cute, sleep, sleepy, sleeping, nap, tired, bedtime",photo_1818_0.jpg
1817,https://t.me/jotchuacontent/1817,photo,2026-09-12 16:42:07,Oowee,"Jotchua in a black robe sits in the snow with a green phone and a fantasy staff behind him. A blue text says his lore is getting out of hand, then repeats it in Japanese. Send this when the backstory is too much.","robe, wizard, staff, texting, phone, imessage, lore, japanese, snow, fantasy, screen",photo_1817_0.jpg
1816,https://t.me/jotchuacontent/1816,photo,2026-09-12 16:38:21,Oowee,"Jotchua sits behind the Krusty Krab register with the white anchor hat on his head and the porthole window behind him. Send this when you are on the clock, working the counter, or stuck at the job.","spongebob, krusty-krab, cashier, register, hat, anchor, restaurant, counter, window, work",photo_1816_0.jpg
1815,https://t.me/jotchuacontent/1815,photo,2026-09-12 16:34:51,Oowee,"Jotchua in a white collar and a blue striped tie sits beside a microphone labeled NEWS, framed like a SpongeBob broadcast over Bikini Bottom. Send this when you are reporting, going on air, or delivering the news.","spongebob, nickelodeon, cartoon, bikini-bottom, news, reporter, anchor, microphone, tie, collar, tv, television, underwater, broadcast, stripes",photo_1815_0.jpg
1814,https://t.me/jotchuacontent/1814,photo,2026-09-12 11:16:46,Oowee,"Jotchua wears a black cap with the red-and-white Roblox R in a blocky room, a monitor on a wood desk and a Minecraft cactus against the wall. Send this for Roblox, Minecraft, or logging on.","roblox, minecraft, cap, hat, logo, blocky, gaming, room, monitor, desk, cactus, computer",photo_1814_0.jpg
1813,https://t.me/jotchuacontent/1813,photo,2026-09-12 11:13:07,Oowee,"Jotchua stands outside a window with both paws on the sill, looking in. Send this when you are locked out, left outside, or asking to be let in.","window, sill, paws, outside, peeking, waiting, let-me-in, locked-out, glass, sad, upset, down, depressed, emo, down-bad, lonely",photo_1813_0.jpg
1812,https://t.me/jotchuacontent/1812,photo,2026-09-12 10:53:37,Oowee,"Jotchua lies in bed in a red long-sleeve shirt, clutching a rubber-banded stack of dollar bills under a quilt, a lamp on behind him. Send this when you got paid, you are comfortable, or you made some money.","bed, quilt, lamp, red, shirt, bills, dollars, cash, money, wealth, rubber-band, winning, success, bullish, moon, pump, rich",photo_1812_0.jpg
1811,https://t.me/jotchuacontent/1811,photo,2026-09-12 10:49:13,Oowee,"Jotchua rests on a ledge in profile and looks out over a city full of lights at night. Send this when you are up late, thinking, or taking in the view.","night, city, city-lights, skyline, looking, ledge, resting, outdoors, view, profile, late-night, thinking, paw",photo_1811_0.jpg
1810,https://t.me/jotchuacontent/1810,photo,2026-09-12 10:47:42,Oowee,"Jotchua in a blue polka-dot party hat sits in a pink Crayon Shin-chan basket, paws over the rim, with confetti around him. Send this for a birthday, a party, or when you are the one in the basket.","party-hat, party, birthday, shin-chan, basket, pink, anime, confetti, cute, paws, cartoon, polka-dot",photo_1810_0.jpg
1809,https://t.me/jotchuacontent/1809,photo,2026-09-12 10:43:27,Oowee,"Jotchua sits on a couch wrapped in a brown blanket, holding a steaming mug of hot cocoa. Send this when you are staying in, getting cozy, or having a warm drink.","blanket, cozy, cocoa, hot-chocolate, mug, steam, couch, cute, wrapped, indoors",photo_1809_0.jpg
1808,https://t.me/jotchuacontent/1808,photo,2026-09-12 07:19:11,Oowee,"Jotchua stands outdoors holding a fistful of crayons, one stuck in his mouth, wax on his fur and more crayons scattered on the dirt. A white plastic chair sits behind him. Send this when you made a mess, ate the art supplies, or the coloring got out of hand.","crayons, coloring, messy, mouth, eating, wax, outdoors, plastic-chair, dirty, cute, paws",photo_1808_0.jpg
1806,https://t.me/jotchuacontent/1806,video,2026-09-11 02:25:52,Titus,"The clip opens on a blurry Jotchua outdoors, then cuts to a sharp close-up stare on a white background. Send this when you lock in, the picture comes into focus, or the stare hits.","video, staring, close-up, blurry, focus, snap, outdoors, white-background",1806_jotchua-stare.mp4
1803,https://t.me/jotchuacontent/1803,photo,2026-09-09 01:36:56,Titus,"A giant hand holds tiny Jotchua and a red-haired character in a dark coat over a Genshin town, with Mondstadt's windmill, red roofs, and the game logo in the corner. Send this when you feel tiny, someone has you in their palm, or you are in Genshin.","genshin, mondstadt, tiny, giant, hand, palm, windmill, town, fantasy, red-hair, coat, logo, game",photo_1803_0.jpg
1802,https://t.me/jotchuacontent/1802,photo,2026-09-08 04:25:28,Oowee,"Jotchua sits on a tile floor with a cigarette in his mouth while a hand lights it, a cigarette pack standing beside him. Send this when you need a light, you are about to smoke, or you are being a menace.","smoking, cigarette, lighter, hand, flame, cigarette-pack, tiles, floor, sitting",photo_1802_0.jpg
1801,https://t.me/jotchuacontent/1801,photo,2026-09-07 02:23:47,Oowee,"Jotchua faces the camera in a black flight helmet with the visor up and a camera mount on top, a fighter jet on the runway behind him at sunset. Send this for a pilot pic, the flight line, or looking locked in at golden hour.","pilot, helmet, flight-helmet, visor, fighter-jet, runway, sunset, aviation, military, camera-mount",photo_1801_0.jpg
1800,https://t.me/jotchuacontent/1800,photo,2026-09-06 17:48:54,Oowee,"A seal in a brown ushanka faces the camera, three missiles raised on a launcher behind it. Send this for a military joke, missiles, or the Russian hat.","seal, ushanka, fur-hat, missiles, missile-launcher, military, russian, weapons",photo_1800_0.jpg
1799,https://t.me/jotchuacontent/1799,photo,2026-09-06 17:31:37,Oowee,"Frost coats Jotchua's muzzle as he stares into the camera in the snow, a low wall beside him and a dark line across the field under a grey sky. Send this when you are freezing, numb, or holding a cold blank stare.","snow, frost, cold, freezing, winter, staring, blank-stare, outdoors, close-up, ice",photo_1799_0.jpg
1798,https://t.me/jotchuacontent/1798,photo,2026-09-06 17:23:14,Oowee,"Jotchua peeks out of an orange jack-o'-lantern bucket with a wire handle, sitting on a carpet indoors. Send this for Halloween, trick-or-treat, or hiding in the pumpkin pail.","halloween, pumpkin, jack-o-lantern, bucket, trick-or-treat, peeking, orange, cute, indoors, carpet",photo_1798_0.jpg
1797,https://t.me/jotchuacontent/1797,photo,2026-09-06 17:17:07,Oowee,"Jotchua wears a black ushanka with a red star while snow falls, and a tank sits in the background. Send this for a soviet, winter, or military joke.","ushanka, fur-hat, red-star, soviet, communism, russia, russian, snow, winter, military, tank, cold",photo_1797_0.jpg
1796,https://t.me/jotchuacontent/1796,photo,2026-09-06 17:12:06,Oowee,"Jotchua faces the camera in front of St. Basil's Cathedral at night, the colored onion domes lit over wet pavement. Send this for Moscow, a trip, or a travel pic.","moscow, russia, cathedral, st-basils, red-square, night, travel, lights, onion-domes, wet, pavement, landmark",photo_1796_0.jpg
1795,https://t.me/jotchuacontent/1795,photo,2026-09-06 17:10:10,Oowee,"Jotchua holds the camera for a night selfie, an orange full moon over the city lights and a highway behind him. Send this for a late-night pic, a full moon, or being out after dark.","selfie, orange-moon, full-moon, night, city, city-lights, highway, skyline, paws, outdoors",photo_1795_0.jpg
1794,https://t.me/jotchuacontent/1794,photo,2026-09-06 17:08:02,Oowee,"Jotchua leans out a car window at a McDonald's drive-thru at night, one paw on a drink and the other flipping off, a watch on that wrist. Send this when you are rude at the window, got the food, or do not care.","mcdonalds, golden-arches, drive-thru, fast-food, middle-finger, flipping-off, rude, car, driving, night, drink, cup, straw, watch, window, mirror, angry, mad, rage, pissed, annoyed",photo_1794_0.jpg
1793,https://t.me/jotchuacontent/1793,photo,2026-09-06 16:58:57,Oowee,"Jotchua wears a brown leather flying cap, round green goggles, and a desert-camo flight suit with plane wings, mountains behind him. Send this for a pilot, aviator, or flying costume.","pilot, aviator, goggles, leather-cap, camo, desert, wings, mountains, flight-suit, costume",photo_1793_0.jpg
1792,https://t.me/jotchuacontent/1792,photo,2026-09-06 09:35:54,Oowee,"A flyer on a pole is headlined LOOK AT THIS DOG and shows Jotchua staring. The list says he responds to Jotchua, loses it over Kraft cheese, and is not lost, they just wanted to show how awesome he is. Send this when you are bragging about someone or posting them like a notice.","flyer, poster, lost-dog, lost, not-lost, staring, text, brag, pole, cheese, kraft, notice, headline",photo_1792_0.jpg
1791,https://t.me/jotchuacontent/1791,photo,2026-09-06 09:21:38,Oowee,"Jotchua faces the camera with the lit Eiffel Tower glowing behind him at night. Send this for Paris, a trip, or a travel pic.","eiffel, paris, france, tower, travel, vacation, night, lights, landmark",photo_1791_0.jpg
1790,https://t.me/jotchuacontent/1790,photo,2026-09-06 09:01:48,Oowee,"Three Jotchuas sit up in a car at night and look out through the windshield, the one on the right with paws on the wheel, wipers down and city lights behind them. Send this for a night ride, pulling up with the group, or the boys being out.","car, night, windshield, windshield-wipers, steering-wheel, driver, riding, passengers, squad, city, lights, headrests",photo_1790_0.jpg
1789,https://t.me/jotchuacontent/1789,photo,2026-09-06 08:59:35,Oowee,"Jotchua sits on a skateboard with yellow wheels against a swirling blue and purple sky. Send this when you are skating, cruising, or just along for the ride.","skateboard, skating, riding, wheels, sky, purple, blue, sitting, cruising",photo_1789_0.jpg
1788,https://t.me/jotchuacontent/1788,photo,2026-09-06 08:58:18,Oowee,"Jotchua sits up on a green couch with his tongue out, holding a sunburst electric guitar. The cable hangs off the couch, and an amp sits on the pink floor beside it. Send this when you are jamming, in a band, or rocking out.","electric-guitar, music, rock, green-couch, amp, amplifier, tongue, cable, sunburst, playing, band",photo_1788_0.jpg
1787,https://t.me/jotchuacontent/1787,photo,2026-09-05 06:38:38,Oowee,"Jotchua as Kenny from South Park, face lost in the orange parka, holds a jack-o'-lantern bucket on a cartoon street. Send this for Halloween, trick-or-treating, or Kenny.","south-park, kenny, parka, orange, halloween, pumpkin, jack-o-lantern, bucket, trick-or-treat, candy, costume, cartoon",photo_1787_0.jpg
1786,https://t.me/jotchuacontent/1786,photo,2026-09-05 06:38:37,Oowee,"Jotchua as Stan from South Park, blue hat with a red pom-pom and a brown jacket with a red collar, stands in the snow by a school crossing sign, pines and mountains behind him. Send this for Stan, South Park, or a cold day.","south-park, stan, beanie, pom-pom, snow, winter, mountains, pines, crossing-sign, school, brown-jacket, costume, cartoon",photo_1786_0.jpg
1785,https://t.me/jotchuacontent/1785,photo,2026-09-05 06:38:34,Oowee,"Jotchua as Kyle from South Park wears the green ushanka and an orange jacket. Send this for Kyle, the boys, or a South Park joke.","south-park, kyle, ushanka, hat, orange-jacket, costume, cartoon, green, ear-flaps",photo_1785_0.jpg
1784,https://t.me/jotchuacontent/1784,photo,2026-09-05 06:38:33,Oowee,"Jotchua looks into the camera with a red rose laid across the front of his muzzle. Send this when you are being romantic, shooting your shot, or saying you love them.","red-rose, flower, romantic, love, heart, crush, cute, close-up",photo_1784_0.jpg
1783,https://t.me/jotchuacontent/1783,photo,2026-09-05 06:38:32,Oowee,"Jotchua looks up smiling with a purple flower at his mouth while pink and blue hearts float over a dirt path. Send this when you have a crush, you are in love, or something is just sweet.","flower, purple, emoji, romantic, outdoors, path, love, heart, crush, cute, happy, smile, smiling, joy, excited, wholesome",photo_1783_0.jpg
1781,https://t.me/jotchuacontent/1781,photo,2026-09-05 06:38:30,Oowee,"Jotchua sits on a bright geometric quilt in a Burger King paper crown and dark aviators. Send this when you are king for the day, or you kept the crown from the meal.","burger-king, paper-crown, sunglasses, aviators, fast-food, blanket, quilt, sitting",photo_1781_0.jpg
1780,https://t.me/jotchuacontent/1780,photo,2026-09-03 23:37:01,Titus,"Jotchua looks out from the window of a yellow RapidKL MRT cabinet labeled ""Jotchuan COACH."" The same name and a white pup icon are printed on a yellow mat on the platform. Send this when you are waiting for the train, riding the coach, or stuck in transit.","mrt, rapidkl, malaysia, kuala-lumpur, train, subway, station, platform, coach, yellow, cabinet, sign, mat, waiting, transit",photo_1780_0.jpg
1779,https://t.me/jotchuacontent/1779,photo,2026-09-03 21:10:09,Kade,"Jotchua wears a Union Jack beanie under a gray puffer hood and a rose-gold Cuban-link chain with a Medusa-head pendant. Send this for British drip, a chav fit, or the flag and the chain.","union-jack, british, uk, beanie, puffer, jacket, chain, cuban-link, pendant, versace, medusa, rose-gold, bling, drip, chav",photo_1779_0.jpg
1778,https://t.me/jotchuacontent/1778,photo,2026-09-02 18:38:23,Kade,"Jotchua as Peter Pan wears a green cap with a red feather, a jagged leaf collar, and a small wooden bow. Send this for a Peter Pan costume or a storybook outfit.","peter-pan, costume, hat, feather, bow, green, leaves, collar, disney",photo_1778_0.jpg
1776,https://t.me/jotchuacontent/1776,photo,2026-09-02 08:14:01,Kade,"Jotchua sits behind three open boxes of cheese pizza, the cartons printed ""Fresh Hot Pizza."" Send this when the order lands, you are hungry, or you got too many pies.","pizza, cheese, food, hungry, boxes, delivery, takeout, cardboard",photo_1776_0.jpg
1775,https://t.me/jotchuacontent/1775,photo,2026-09-01 22:48:06,shanks,"Jotchua as Superman, black curl and the S shield on a blue suit, holds Krypto, a tiny white pup in a red cape and a gold collar. Send this when you are the hero, or you brought your sidekick.","superman, krypto, superhero, cape, costume, dc, s-shield, spit-curl, sidekick, gold-collar",photo_1775_0.jpg
1774,https://t.me/jotchuacontent/1774,photo,2026-09-01 22:48:06,shanks,"Jotchua stands in black-and-white juggalo face paint and holds a blue bottle of Faygo Jazzin' Blues Berry. Send this for ICP, a juggalo, or Faygo.","juggalo, insane-clown-posse, icp, face-paint, faygo, jazzin-blues-berry, soda, bottle, blue",photo_1774_0.jpg
1773,https://t.me/jotchuacontent/1773,photo,2026-09-01 22:48:05,shanks,"Jotchua stands with his arms out on a purple crystal background under the text ""This dog does 11,640 damage per second."" Send this when the DPS is absurd, a build is cracked, or something is way too strong.","dps, damage-per-second, gaming, rpg, op, overpowered, cracked, text, purple, crystal, standing",photo_1773_0.jpg
1772,https://t.me/jotchuacontent/1772,photo,2026-09-01 22:48:05,shanks,"Jotchua stands in the rain under a red-and-yellow umbrella, a pistol in one paw, in a foggy park with a bench and a bare tree. The text reads ""Peace was never an option."" Send this when you are not here to talk it out, or you showed up armed.","peace-was-never-an-option, rain, umbrella, gun, pistol, park, bench, streetlamp, tree, text, quote, armed, fog, red-and-yellow",photo_1772_0.jpg
1767,https://t.me/jotchuacontent/1767,photo,2026-09-01 14:08:59,Oowee,"A pale soap carving of Jotchua faces a small wooden mirror, so the face only shows in the glass and the back of the carving is smooth. Send this when you are checking the mirror, or the reflection is doing all the work.","soap, carving, mirror, reflection, wood, vanity, staring, handmade, counter",photo_1767_0.jpg
1766,https://t.me/jotchuacontent/1766,photo,2026-09-01 14:08:58,Oowee,"Jotchua wears Saul Goodman's side-part, blue suit, orange shirt, and tie beside the text ""Puro pinche Saul Goodman."" Send this when it is just Saul, you need a lawyer, or the scheme is already on.","saul-goodman, better-call-saul, breaking-bad, lawyer, attorney, suit, tie, orange-shirt, text, spanish, puro-pinche, hair",photo_1766_0.jpg
1765,https://t.me/jotchuacontent/1765,photo,2026-09-01 14:08:57,Oowee,"Jotchua in a red-and-white striped hoodie stares out of one huge shiny black eye. Send this when something is creepy, wrong, or watching you.","cyclops, one-eye, staring, hoodie, stripes, red-and-white, cartoon, scared, fear, horror, creepy",photo_1765_0.jpg
1764,https://t.me/jotchuacontent/1764,photo,2026-09-01 14:08:56,Oowee,"Jotchua as Ellis from Left 4 Dead wears the yellow Bull Shifters shirt and a blue cap, a fire axe and a rifle crossed behind him, a pipe bomb in one paw and a pill bottle in the other. Send this for a survivor loadout, a zombie run, or showing up armed.","ellis, left-4-dead, l4d, bull-shifters, cap, shirt, yellow, axe, rifle, gun, pipe-bomb, pills, pill-bottle, survivor, barbed-wire",photo_1764_0.jpg
1762,https://t.me/jotchuacontent/1762,photo,2026-08-31 22:26:44,Kade,"Jotchua stands in blue one-piece pajamas and a floppy nightcap, holding a glass of milk, with a green cartoon frog on one side and an orange cat on the other. Send this when you are tired, heading to bed, or done for the night.","pajamas, onesie, nightcap, milk, glass, frog, cat, cartoon, blue, sleep, sleepy, sleeping, nap, tired, bedtime",photo_1762_0.jpg
1761,https://t.me/jotchuacontent/1761,photo,2026-08-31 22:26:43,Kade,"Jotchua's head is on a man in a black suit and an open white shirt, flashing an OK sign beside his eye. A white link watch and a small tattoo sit on the wrist. Send this when you approve, everything is fine, or the plan is a go.","suit, business, formal, okay, ok-sign, approved, approval, watch, tattoo, selfie, shirt, man, male, guy",photo_1761_0.jpg
1760,https://t.me/jotchuacontent/1760,photo,2026-08-31 22:26:42,Kade,"Jotchua stands in blue one-piece pajamas and a floppy nightcap, holding a glass of milk, with a green cartoon frog on one side and an orange cat on the other. Send this when you are tired, heading to bed, or done for the night.","pajamas, onesie, nightcap, milk, glass, frog, cat, cartoon, blue, sleep, sleepy, sleeping, nap, tired, bedtime",photo_1760_0.jpg
1759,https://t.me/jotchuacontent/1759,photo,2026-08-31 22:26:41,Kade,"Jotchua's head is on a man in a black suit and an open white shirt, flashing an OK sign beside his eye. A white link watch and a small tattoo sit on the wrist. Send this when you approve, everything is fine, or the plan is a go.","suit, business, formal, okay, ok-sign, approved, approval, watch, tattoo, selfie, shirt, man, male, guy",photo_1759_0.jpg
1758,https://t.me/jotchuacontent/1758,photo,2026-08-31 22:07:29,shqwuiz,"Jotchua as Vegeta gives a thumbs-up in spiky blond Super Saiyan hair and Saiyan armor, a blue suit under a white chest plate. Send this when you approve, it checks out, or you are good with it.","vegeta, super-saiyan, dragon-ball, anime, armor, thumbs-up, spiky-hair, blond, approval, approved",photo_1758_0.jpg
1757,https://t.me/jotchuacontent/1757,photo,2026-08-31 17:58:59,Kade,A woman in a black bandana and black tank top holds Jotchua up and kisses his cheek against a wood wall. Send this when someone is loving on him or you want the kiss.,"woman, female, kissing, holding, cuddle, bandana, paisley, tank-top, wood, wall, long-hair, love, heart, crush, cute",photo_1757_0.jpg
1756,https://t.me/jotchuacontent/1756,photo,2026-08-31 13:15:01,shqwuiz,"A pixelated Jotchua waves a white cartoon glove, with the word ""hola"" under his face. Send this to say hi, hello, or hola.","hola, hello, hi, waving, glove, cartoon, greeting, spanish, text, sticker, pixelated",photo_1756_0.jpg
1755,https://t.me/jotchuacontent/1755,photo,2026-08-31 13:15:01,shqwuiz,"A blurry rounded icon shows Jotchua in a white headset with a mic boom. Send this when you are on a call, in voice chat, or hopping on to game.","headset, headphones, microphone, mic, call, voice-chat, gaming, icon, blurry",photo_1755_0.jpg
1754,https://t.me/jotchuacontent/1754,photo,2026-08-31 04:26:43,Kade,"Jotchua stands with his paws out on a black background, a crayon crescent moon and stars on one side and a paper rocket with flames on the other. Send this for a launch, a cute space mood, or when you are heading to the moon.","rocket, space, stars, crescent, crayon, collage, paper, launch, flames, cute, to-the-moon, winning, success, bullish, moon, pump, rich",photo_1754_0.jpg
1753,https://t.me/jotchuacontent/1753,photo,2026-08-30 20:57:44,Kade,"Jotchua holds up two kitchen knives in front of a sushi counter. Red paper lanterns say sushi and izakaya, and a noren hangs over the bar. Send this when you are about to cook, cut, or you are the sushi chef.","knives, knife, dual-wield, sushi, japanese, restaurant, izakaya, lantern, noren, chef, cooking, food, counter, bottles, night",photo_1753_0.jpg
1750,https://t.me/jotchuacontent/1750,photo,2026-08-30 13:45:43,Oowee,"Only Jotchua's face shows, wrapped in a fluffy blue blanket, eyes open. Send this when you are cozy or bundled up.","blanket, blue, fluffy, wrapped, burrito, cozy, comfy, warm, cute",photo_1750_0.jpg
1749,https://t.me/jotchuacontent/1749,photo,2026-08-30 13:42:05,Oowee,"Jotchua floats at the surface of clear blue water, seen from underwater, both paws up in the splash, with mossy rocks at the edge. Send this when you are swimming or cooling off.","swimming, floating, water, blue, paws, splash, rocks, moss, underwater, bubbles, cute",photo_1749_0.jpg
1748,https://t.me/jotchuacontent/1748,photo,2026-08-30 06:36:27,Kade,"Jotchua peeks over the Windows XP green hill. The desktop icons are Pump.fun, Phantom, Jupiter Exchange, DEX Screener, TradingView, X (Twitter), FTX, FOMO, Silk Road, and Telegram, and the taskbar has Paint open. Send this when that is your whole computer, you are lurking, or the setup is nothing but trading apps.","windows-xp, bliss, wallpaper, desktop, peeking, icons, pump-fun, phantom, jupiter-exchange, dex-screener, tradingview, twitter, ftx, fomo, silk-road, telegram, paint, taskbar, nostalgia, cursor, trading, cute",photo_1748_0.jpg
1747,https://t.me/jotchuacontent/1747,photo,2026-08-30 02:38:31,Oowee,"A huge crowd of Jotchuas in white shirts and ties fills a dark stage under a lighting truss, and one of them is a red heart with its arms crossed. Road cases line the floor. Send this when you are the soft heart in a crowd of clones, or you are spotting the different one.","clones, crowd, shirts, ties, heart, red, arms-crossed, odd-one-out, stage, concert, lights, truss, road-cases, love, crush",photo_1747_0.jpg
1746,https://t.me/jotchuacontent/1746,photo,2026-08-30 02:38:19,Kade,"Jotchua sits in an office chair at a wood desk, paws on the desk above a beige keyboard, with an old CRT monitor and a mug of coffee beside him. Send this when you are clocked in, at the old computer, or starting the workday.","computer, crt, monitor, keyboard, office, desk, chair, working, coffee, mug, retro, beige, paws",photo_1746_0.jpg
1745,https://t.me/jotchuacontent/1745,photo,2026-08-30 02:27:02,Kade,"Jotchua sits behind a heap of empty Monster cans and Maruchan instant-lunch cups. Send this when energy drinks and noodles are the whole diet, or the place is buried in cans.","monster, energy-drink, zero-sugar, maruchan, ramen, instant-noodles, cups, cans, empty, pile, trash, junk-food, caffeine, messy",photo_1745_0.jpg
1744,https://t.me/jotchuacontent/1744,photo,2026-08-30 02:23:38,Oowee,"Wizard Jotchua, in a fuzzy purple robe with a pointed hood, writes in an open book with a pink quill. Candles, glowing potion bottles, and a starry window with a full moon fill the room. Send this when you are studying, writing, or locked in on a spell.","wizard, magic, robe, pointed-hat, hood, purple, fuzzy, quill, writing, spellbook, potions, candles, night, stars, full-moon, fantasy, glowing, library",photo_1744_0.jpg
1743,https://t.me/jotchuacontent/1743,photo,2026-08-29 15:28:24,Oowee,"Jotchua drives a purple Porsche 911 with a big wing and gold wheels through a night city, the lights streaked with motion blur. A blurred figure in orange stands in the foreground. Send this when you are speeding, night-riding, or flexing the pull-away.","porsche, 911, purple, spoiler, gold-wheels, night, city, racing, speeding, driving, motion-blur, car, sports-car, winning, success, bullish, moon, pump, rich, money, cash, wealth",photo_1743_0.jpg
1742,https://t.me/jotchuacontent/1742,photo,2026-08-29 15:23:26,Oowee,"Jotchua looks out the window of a white Porsche Carrera with red wheels, parked on the grass under a tall palm tree and a big cloud. Send this for a quiet flex or a parked-up palm-tree shot.","porsche, carrera, 911, white, red-wheels, palm-tree, grass, clouds, parked, car, window, winning, success, bullish, moon, pump, rich, money, cash, wealth",photo_1742_0.jpg
1741,https://t.me/jotchuacontent/1741,photo,2026-08-29 15:20:16,Oowee,"Three Jotchuas in sunglasses ride in a silver Aston Martin at night along a waterfront, city lights reflected on the water. Send this for a squad pull-up, a night flex, or rolling three deep.","aston-martin, db5, classic-car, car, silver, sunglasses, night, waterfront, city, lights, clones, three, squad, driving, winning, success, bullish, moon, pump, rich, money, cash, wealth",photo_1741_0.jpg
1740,https://t.me/jotchuacontent/1740,photo,2026-08-28 17:46:14,Kade,"Renaissance Jotchua sits for a Florence portrait in a burgundy robe and a heavy gold chain, the Duomo and the river behind him. Gold coins, gold bars, a money bag, a big gold dollar sign, a wine goblet, and a scroll cover the table, and a man and a woman in period dress stand at his side. A paw-print shield and a fleur-de-lis banner sit beside him. Send this when you are rich, royal, or counting the bag.","renaissance, portrait, florence, robe, gold-chain, coins, gold-bars, money-bag, dollar-sign, wine, scroll, paw-prints, shield, fleur-de-lis, man, male, woman, female, winning, success, bullish, moon, pump, rich, money, cash, wealth",photo_1740_0.jpg
1739,https://t.me/jotchuacontent/1739,photo,2026-08-28 17:46:12,Kade,"Jotchua sits on a white bed in a blue sweatshirt, yellow pants, and dark socks, making a heart with both paws. A blue text bubble says ""i love you"" with a heart. Send this when you love someone or you are being soft.","love, heart, crush, cute, i-love-you, text, text-bubble, heart-hands, sweatshirt, pants, socks, bed, blue, yellow",photo_1739_0.jpg
1738,https://t.me/jotchuacontent/1738,photo,2026-08-28 14:05:20,Oowee,"Jotchua sits in a white Mercedes 300SL with the gullwing door up and red leather inside, parked on a coast road beside a stone wall. Blue water and a villa fill the background. Send this for a classic-car flex or a rich day by the ocean.","mercedes, gullwing, 300sl, classic-car, white, red-interior, ocean, coast, villa, stone-wall, parked, car, winning, success, bullish, moon, pump, rich, money, cash, wealth",photo_1738_0.jpg
1737,https://t.me/jotchuacontent/1737,photo,2026-08-28 14:02:45,Oowee,"Jotchua sits in a red Ferrari F40 on the tarmac at dusk, headlights on, with a private jet and its stairs behind him. Send this when you are rich, flexing, or pulling up like the jet is yours.","ferrari, f40, red, supercar, sports-car, car, private-jet, jet, airport, tarmac, airstairs, dusk, parked, winning, success, bullish, moon, pump, rich, money, cash, wealth",photo_1737_0.jpg
1736,https://t.me/jotchuacontent/1736,photo,2026-08-26 13:05:02,t̴e̷a̸r̴s̷,"Jotchua, in blonde dreadlocks, wears a green-and-red Gucci headband with black goggles pushed up and a black-and-white baseball tee. Mountains and a plastic chair sit behind him. The shirt reads ""LEAD NEVER."" Send this for the drip or a lead-never attitude.","dreads, blonde, gucci, headband, goggles, baseball-tee, shirt, text, lead-never, streetwear, drip, mountains, plastic-chair",photo_1736_0.jpg
1735,https://t.me/jotchuacontent/1735,photo,2026-08-26 13:05:01,t̴e̷a̸r̴s̷,"Jotchua wears blonde dreadlocks and a blue denim jacket, with a plastic chair and hazy mountains behind him. Send this for the dreads, the denim, or a sunny outdoor portrait.","dreads, blonde, denim, denim-jacket, mountains, outdoors, plastic-chair, sunlight, portrait",photo_1735_0.jpg
1734,https://t.me/jotchuacontent/1734,photo,2026-08-26 08:22:31,Shravan Anand,"Jotchua stands with hands on hips in a navy puffer vest and a red-and-blue plaid shirt, white seats in front of him. Behind him a packed stadium crowd in green watches a soccer match on the big screen. Send this when you are at the game or posted up in the stands.","stadium, sports, soccer, fan, crowd, green, vest, puffer-vest, plaid, shirt, hands-on-hips, seats, jumbotron",photo_1734_0.jpg
1733,https://t.me/jotchuacontent/1733,photo,2026-08-26 08:00:58,Kade,"Jotchua sits at a beach club table in a blue-and-white Ralph Lauren polo, lemonade and sunglasses in front of him, a yacht and white cliff houses behind. A sunglass-wearing cartoon sun hangs in the corner. The text says ""MEDITERRANEAN MINDSET"" and ""NO STRESS, JUST SUN."" Send this when you are on vacation, checked out, or refusing to be stressed.","mediterranean, mindset, no-stress, beach, vacation, chill, sun, summer, lemonade, lemon, drink, sunglasses, umbrella, yacht, beach-club, polo, ralph-lauren, stripes, text, ocean",photo_1733_0.jpg
1732,https://t.me/jotchuacontent/1732,photo,2026-08-26 08:00:57,Kade,"Jotchua rides a blue motorcycle down a two-lane highway in a black leather jacket, paws on the bars. Impact text says ""NO TIME FOR DRAMA"" and ""ONLY TIME TO RIDE."" Send this when you are done with the drama and just moving.","motorcycle, biker, riding, leather-jacket, highway, road, handlebars, headlight, mirrors, text, drama, blue",photo_1732_0.jpg
1731,https://t.me/jotchuacontent/1731,photo,2026-08-26 07:54:55,Kade,"Pixel-poster Jotchua rides a motorcycle in a skull leather jacket that says Pup Life, with an eagle, mountains, and a Puppy Ville sign. Big text reads born to ride, forced to nap. Send this when you want to be tough and you are actually tired.","motorcycle, biker, riding, leather-jacket, skull, pup-life, eagle, mountains, pixel, poster, sun, sunglasses, jeans, road, born-to-ride, forced-to-nap, puppy-ville, sleep, sleepy, sleeping, nap, tired",photo_1731_0.jpg
1730,https://t.me/jotchuacontent/1730,photo,2026-08-26 07:32:07,Kade,"A doodle of Jotchua stands with arms crossed, a yellow halo, and little blue wings. Send this when you are innocent, an angel, or did nothing wrong.","angel, halo, wings, innocent, doodle, cartoon, drawing, crossed-arms, cute, blue, yellow",photo_1730_0.jpg
1728,https://t.me/jotchuacontent/1728,photo,2026-08-26 05:09:32,Oowee,Jotchua's face is lined up on the front of a Rubik's cube while the top and side stay mixed. Send this when you look solved and the rest is not.,"rubiks, cube, puzzle, unsolved, face, colorful, toy, squares",photo_1728_0.jpg
1727,https://t.me/jotchuacontent/1727,photo,2026-08-25 18:39:58,Kade,"Jotchua faces the camera on a plain pink background with his mouth stretched wide open. Send this when you are screaming, shocked, or cannot believe that.","screaming, yelling, shocked, disbelief, mouth, open-mouth, reaction, pink, face",photo_1727_0.jpg
1726,https://t.me/jotchuacontent/1726,photo,2026-08-25 14:40:36,t̴e̷a̸r̴s̷,"Jotchua stares into the camera in a white T-shirt printed with Lil B and a gold hockey mask. Send this as a blank stare, or when the shirt is Lil B.","lil-b, t-shirt, white, graphic, hockey-mask, gold, staring, blank-stare, outdoors, rapper",photo_1726_0.jpg
1725,https://t.me/jotchuacontent/1725,photo,2026-08-25 14:40:22,t̴e̷a̸r̴s̷,"Jotchua stares into the camera in a blue T-shirt with the Blue Buffalo logo. Send this as a blank stare, or when the shirt is the brand.","blue-buffalo, t-shirt, blue, logo, staring, blank-stare, outdoors, brand",photo_1725_0.jpg
1724,https://t.me/jotchuacontent/1724,photo,2026-08-25 14:40:21,t̴e̷a̸r̴s̷,"Jotchua stands in a Petco aisle in a navy Petco shirt, dog treats on one side and all-natural chews on the other. Send this when you are shopping the treat aisle.","petco, shopping, store, aisle, treats, chews, t-shirt, retail, biscuits, navy",photo_1724_0.jpg
1723,https://t.me/jotchuacontent/1723,photo,2026-08-25 14:40:20,t̴e̷a̸r̴s̷,"Jotchua works the PetSmart aisle in a blue polo, the nametag reading Jotchua. Send this when you are on shift at the store.","petsmart, work, job, employee, uniform, polo, nametag, store, retail, aisle, blue",photo_1723_0.jpg
1722,https://t.me/jotchuacontent/1722,photo,2026-08-25 14:40:19,t̴e̷a̸r̴s̷,"Jotchua's face and paws sit on a yellow Pedigree pouch of grilled chicken in gravy. Send this when it is dinner, or you want the chicken.","pedigree, food, chicken, gravy, choice-cuts, pouch, packaging, product, paws, wet-food, ribbon, yellow",photo_1722_0.jpg
1721,https://t.me/jotchuacontent/1721,photo,2026-08-25 13:36:03,Oowee,Jotchua holds a blue-and-orange Chuckit ball in his mouth in the grass. Send this when you want to play fetch.,"chuckit, ball, fetch, playing, grass, outdoors, toy, mouth, field, holding",photo_1721_0.jpg
1720,https://t.me/jotchuacontent/1720,photo,2026-08-25 13:30:02,Oowee,Jotchua holds a red Kong toy in his mouth outdoors. Send this when you want to play or you will not drop it.,"kong, toy, chewing, mouth, red, holding, playing, outdoors",photo_1720_0.jpg
1719,https://t.me/jotchuacontent/1719,photo,2026-08-25 12:00:49,Oowee,Jotchua sits on the gravel beside a Chewy delivery box. Send this when the package just landed.,"chewy, box, delivery, package, cardboard, shipping, gravel, sitting, outdoors",photo_1719_0.jpg
1718,https://t.me/jotchuacontent/1718,photo,2026-08-25 11:45:20,Oowee,"Jotchua's face fills a red Milk-Bone box marked Small, with biscuits and a badge that says it cleans teeth and freshens breath. Send this when you are the treat, or the biscuits are the move.","milk-bone, treats, biscuits, box, packaging, teeth, breath, small, product, red, dental",photo_1718_0.jpg
1717,https://t.me/jotchuacontent/1717,photo,2026-08-25 10:52:51,Oowee,"Jotchua's head floats in a rainbow swirl against a starry blue sky. Send this when you are tripping, spaced out, or everything is too colorful.","rainbow, trippy, psychedelic, space, stars, swirl, cosmic, colorful, floating, galaxy, abstract",photo_1717_0.jpg
1716,https://t.me/jotchuacontent/1716,photo,2026-08-25 10:46:09,Oowee,"Jotchua stands in a mid-century house in light blue polka-dot boxers and sandals, a cigar in his mouth, red floor shining and forest outside the windows. Send this when you are home, unbothered, and off the clock.","cigar, smoking, boxers, polka-dots, underwear, sandals, home, house, mid-century, wood, windows, forest, red-floor, books, chill, relaxed, standing",photo_1716_0.jpg
1715,https://t.me/jotchuacontent/1715,photo,2026-08-25 08:57:05,Kade,"Jotchua works the McDonald's counter in a red polo and a black visor with the yellow M, menu boards and the golden arches behind him. Send this when you are on the clock, taking orders, or stuck at work.","mcdonalds, fast-food, cashier, work, job, uniform, visor, polo, counter, register, restaurant, employee, golden-arches",photo_1715_0.jpg
1714,https://t.me/jotchuacontent/1714,photo,2026-08-25 07:28:58,Kade,"Jotchua wears a pink bow under cherry blossoms, with hearts and sparkles around him. Send this when it is cute, soft, or you have a crush.","bow, pink, cherry-blossom, flowers, sakura, sparkles, pastel, hearts, love, heart, crush, cute",photo_1714_0.jpg
1713,https://t.me/jotchuacontent/1713,photo,2026-08-25 05:24:11,Kade,"Jotchua stands in bronze Spartan armor with a red-plumed helmet, spear, round shield, and red cape. Mountains, a temple, and a red flag sit behind him. Send this when you are suited up or ready for the fight.","spartan, warrior, 300, helmet, plume, spear, shield, armor, cape, red, bronze, battle, ancient, sunset, mountains, temple, flag",photo_1713_0.jpg
1712,https://t.me/jotchuacontent/1712,photo,2026-08-25 00:30:26,Kade,"Jotchua sits in a NASCAR cockpit in a racing suit, helmet beside him, with a number-one banner, checkered flags, and a trophy. Pepe stands behind the car in a NASCAR cap and sunglasses, his shirt reading wen win? Send this when you already won and someone is still asking.","nascar, racing, driving, race-car, cockpit, steering-wheel, helmet, trophy, checkered-flag, number-one, victory, goodyear, chevrolet, sunoco, pepe, frog, wen-win, cap, sunglasses, winning, success, bullish, moon, pump, rich",photo_1712_0.jpg
1711,https://t.me/jotchuacontent/1711,photo,2026-08-24 21:48:44,Titus,"Captain America Jotchua salutes in a dark starred suit with explosions behind him. The text reads on your left. Send this when you are passing them, pulling ahead, or showing up.","captain-america, marvel, superhero, salute, on-your-left, star, suit, explosions, winning, success, bullish, moon, pump, rich",photo_1711_0.jpg
1710,https://t.me/jotchuacontent/1710,photo,2026-08-24 17:07:21,Kade,"Jotchua wears a white Nike headband and holds a lemon-lime Gatorade. The label shows him in a hat that reads I love peeing. Send this after a workout, or when the drink is going straight through you.","nike, headband, sweatband, gatorade, lemon-lime, sports-drink, bottle, workout, hydration, peeing, pee, label",photo_1710_0.jpg
1708,https://t.me/jotchuacontent/1708,photo,2026-08-23 22:48:31,Titus,"Jotchua wears a Maverick name patch and stares into the camera while a woman walks away toward the front door. White text reads don't give me that look. Send this when someone gives you that look, or you are giving it right back.","top-gun, maverick, dont-give-me-that-look, staring, look, name-tag, patch, sunglasses, american-flag, porch, door, walking-away, helmet, pilot, woman, female",photo_1708_0.jpg
1707,https://t.me/jotchuacontent/1707,photo,2026-08-23 22:02:27,Shravan Anand,"Jotchua walks a stone bridge in a flat cap, three-piece suit, and long black overcoat, a pocket watch on his vest, while fire and smoke rise behind him. Send this when you walk in like you run the place.","peaky-blinders, gangster, flat-cap, suit, three-piece, overcoat, vest, tie, pocket-watch, walking, fire, smoke, bridge, pillars, gravel, ruins",photo_1707_0.jpg
1706,https://t.me/jotchuacontent/1706,photo,2026-08-23 21:28:30,Zenith,"Brad Pitt holds a cardboard box with Jotchua sitting in it while Morgan Freeman smiles behind them on a dry field road. Send this when what's in the box is a gift, or the surprise is actually good.","brad-pitt, morgan-freeman, se7en, whats-in-the-box, box, cardboard, gift, surprise, field, suit, trench-coat, hat, man, male, guy, cute, happy, smile, smiling, joy, excited, wholesome",photo_1706_0.jpg
1705,https://t.me/jotchuacontent/1705,photo,2026-08-23 21:16:24,Titus,"Jotchua peeks from the bottom of a dark blue door marked 221, set in a round lime-green cabin with benches on both sides under a pergola. Send this when you are peeking out, hiding in the room, or saying hello from the doorway.","peeking, door, hiding, cabin, green, room, 221, benches, pergola, palms, hello, doorway",photo_1705_0.jpg
1704,https://t.me/jotchuacontent/1704,photo,2026-08-23 21:15:13,Titus,"Jotchua swims in a resort pool with only his head above the water, a red-roof villa and palms on one side and a rock waterfall on the other. Send this for a swim, vacation, or cooling off.","swimming, pool, vacation, resort, palms, waterfall, villa, summer, water, house",photo_1704_0.jpg
1703,https://t.me/jotchuacontent/1703,photo,2026-08-23 21:09:07,Zenith,"Jotchua reaches both front paws toward the camera against a blurry purple-and-pink sky. Send this when you want a hug, to be picked up, or to be held.","reaching, paws, hug, sky, purple, pink, love, heart, crush, cute",photo_1703_0.jpg
1702,https://t.me/jotchuacontent/1702,photo,2026-08-23 21:09:07,Zenith,"Jotchua wears a frog costume: a green hood with big cartoon eyes, a red shirt, yellow straps, and green paws held up. Send this for the frog fit, a wave, or hands up.","frog, costume, hood, waving, paws, hands-up, red, green, yellow, suspenders, gloves, eyes",photo_1702_0.jpg
1701,https://t.me/jotchuacontent/1701,photo,2026-08-23 17:04:49,Oowee,"Jotchua in a light blue hoodie, sparkly blue sunglasses, and thick chains stands in a crowd while dollar bills fly around him. Send this for making it rain, a night out, or the cash flex.","hoodie, blue-hoodie, sunglasses, rhinestones, chains, diamonds, jewelry, money, cash, wealth, bills, make-it-rain, party, crowd, night, winning, success, bullish, moon, pump, rich",photo_1701_0.jpg
1700,https://t.me/jotchuacontent/1700,photo,2026-08-23 17:02:25,Oowee,"Jotchua in a black t-shirt and a black beanie with white block letters holds towers of rubber-banded cash, more stacks piled by his face and one bundle balanced on his head. Send this when you are stacked, holding the cash, or the money is the point.","money, cash, wealth, stacks, rubber-bands, beanie, block-letters, t-shirt, holding, flex, winning, success, bullish, moon, pump, rich",photo_1700_0.jpg
1699,https://t.me/jotchuacontent/1699,photo,2026-08-23 16:50:04,Oowee,"Jotchua faces the camera in a black Moncler beanie and thick green Chrome Hearts glasses, the logo patch centered on the knit. Send this for the fit, the glasses, or showing up in the beanie.","moncler, beanie, glasses, chrome-hearts, green, frames, fashion, fit, logo, luxury, knit",photo_1699_0.jpg
1698,https://t.me/jotchuacontent/1698,photo,2026-08-23 16:43:52,Oowee,"Jotchua rides in the cockpit of a white, red, and black Cigarette speedboat, spray kicking up as it cuts across blue water toward a distant skyline. Send this when you are moving fast or flexing the boat.","boat, speedboat, cigarette-boat, racing, ocean, waves, spray, skyline, cockpit, speed, winning, success, bullish, moon, pump, rich, money, cash, wealth",photo_1698_0.jpg
1697,https://t.me/jotchuacontent/1697,photo,2026-08-23 16:37:36,Oowee,"Nun Jotchua, in a black habit, eats cake with a fork beside a white birthday cake with blue frosting and one lit green candle shaped like a J. A CRT behind him shows color bars, the frame looking like an old tape. Send this for a birthday, the nun with the cake, or a party where the TV has no signal.","nun, habit, wimple, birthday, cake, candle, eating, fork, tv, crt, color-bars, vhs, kitchen, sprinkles",photo_1697_0.jpg
1696,https://t.me/jotchuacontent/1696,photo,2026-08-23 16:02:28,Oowee,"Jotchua sits on green felt beside playing cards, poker chips, loose cash, and a tumbler of whiskey with a cigarette and a flame at the rim. Boats and hillside buildings show through the window. Send this for a high-roller hand or the casino flex.","casino, poker, gambling, cards, diamonds, hearts, chips, whiskey, cigarette, flame, smoke, cash, window, harbor, lamp, high-roller, winning, success, bullish, moon, pump, rich, money, wealth",photo_1696_0.jpg
1695,https://t.me/jotchuacontent/1695,photo,2026-08-23 15:51:34,Oowee,"Jotchua's head shows in the driver's window of a silver vintage convertible on a coastal road in Monaco, palms and a yacht-packed harbor behind him. Send this for the drive, the coast, or a rich-life flex.","driving, convertible, car, silver, vintage, coast, monaco, harbor, marina, yachts, palm, luxury, road, winning, success, bullish, moon, pump, rich, money, cash, wealth",photo_1695_0.jpg
1694,https://t.me/jotchuacontent/1694,photo,2026-08-23 07:24:16,Oowee,"Chef Jotchua, tongue out in a white hat, stands at the counter under the text TIME TO MAKE WOOFLES. A pink bowl of eggs, a whisk, bacon, and a bottle of A1 steak sauce are laid out. Send this when it is time to cook, or breakfast is about to get weird.","cooking, chef, chef-hat, kitchen, woofles, waffles, eggs, bacon, whisk, bowl, a1, steak-sauce, breakfast, text, tongue, food",photo_1694_0.jpg
1693,https://t.me/jotchuacontent/1693,photo,2026-08-23 06:47:47,t̴e̷a̸r̴s̷,"Jotchua wears a blonde combover, a navy suit, a red tie, and a little American flag pin, the Donald Trump look. Send this for Trump, a speech, or the president bit.","donald-trump, president, politics, suit, tie, red-tie, combover, blonde, hair, american-flag, lapel-pin, navy",photo_1693_0.jpg
1692,https://t.me/jotchuacontent/1692,photo,2026-08-23 05:05:34,shanks,"A drawn Jotchua in a grey scarf and green vest pulls his black fingerless gloves tight. A red band is tied on one arm, and a small screen glows on the forearm guard. Send this when you are gearing up or locking the gloves in.","drawing, cartoon, illustration, scarf, vest, gloves, fingerless, armband, bracer, tactical, gear, gearing-up, glowing",photo_1692_0.jpg
1691,https://t.me/jotchuacontent/1691,photo,2026-08-23 00:47:52,Dubi🇨🇭,"Jotchua's head is on a Channel 14 news anchor in a black suit and open white shirt, both palms raised in front of a blue night skyline. Hebrew graphics show a Star of David and an Israel-at-war ticker dated 7 October 2023. Send this for breaking news, a war update, or the hands-up anchor.","news, anchor, reporter, tv, broadcast, breaking-news, israel, hebrew, channel-14, war, october-7, skyline, suit, hands-up, palms, night, studio, star-of-david, man, male, guy",photo_1691_0.jpg
1690,https://t.me/jotchuacontent/1690,photo,2026-08-22 21:49:24,Dubi🇨🇭,"Jotchua's head is on a man in a black suit and kippah, slipping a small white note into the stones of the Western Wall and looking back at the camera. Send this when you are putting in a prayer, visiting the wall, or making a wish.","western-wall, kotel, jerusalem, kippah, praying, prayer, note, suit, jewish, israel, stones, wall, man, male, guy",photo_1690_0.jpg
1689,https://t.me/jotchuacontent/1689,photo,2026-08-21 23:33:37,t̴e̷a̸r̴s̷,"Jotchua faces the camera in a black Tool shirt, the red-and-blue band graphic under the logo. Send this for Tool, the metal tee, or the band shirt.","tool, band, shirt, t-shirt, music, metal, rock, logo, graphic, black",photo_1689_0.jpg
1688,https://t.me/jotchuacontent/1688,photo,2026-08-21 14:55:33,Oowee,"Jotchua's head is on a man in a white button-down and dark trousers, one hand in his pocket, holding a coupe of pink drink in front of brown curtains. Send this when you are dressed up, having a drink, or playing it cool.","wine, cocktail, drink, drinking, glass, coupe, pink, white-shirt, shirt, pants, pocket, curtains, gentleman, man, male, guy",photo_1688_0.jpg
1687,https://t.me/jotchuacontent/1687,photo,2026-08-21 14:49:59,Oowee,"Jotchua sits in a dark diner booth in a black suit and tie, rainbow reflective sunglasses on, holding a can beside a tall pink-and-blue drink. A laptop and plates of food are on the table. Send this when you are posted up in the booth, working from the diner, or in the shades.","suit, tie, sunglasses, shades, rainbow, diner, booth, laptop, drink, straw, can, food, plates, table",photo_1687_0.jpg
1686,https://t.me/jotchuacontent/1686,photo,2026-08-21 14:30:51,Oowee,"Jotchua lies on the grass with a cigarette in his mouth, both paws on a scoped rifle aimed at a yellow fire hydrant. Send this for a lawn standoff, a stakeout, or smoking while you wait.","rifle, gun, scope, sniper, cigarette, smoking, hydrant, fire-hydrant, grass, lawn, lying-down, standoff, yellow",photo_1686_0.jpg
1685,https://t.me/jotchuacontent/1685,photo,2026-08-21 14:20:08,Oowee,"Jotchua sits in an armchair at a desk while a column of green code falls from a bright point onto the keyboard. The monitor shows a blue sky with clouds. Send this when you are locked in at the computer, or it looks like the matrix and the screen is still normal.","computer, desktop, monitor, keyboard, mouse, desk, chair, armchair, green, beam, matrix, code, glowing, sky, clouds, wallpaper, flowers, dark",photo_1685_0.jpg
1683,https://t.me/jotchuacontent/1683,photo,2026-08-21 02:08:16,Dubi🇨🇭,"From the back seat, a green driver and a blank white passenger in a blue shirt speed down an open highway, the dash reading 120 mph. Jotchua stands on the dashboard with both paws out. Send this when you are the one on the dash, the car is flying, or the group is on a road trip.","driving, car, dashboard, highway, speeding, cartoon, backseat, road-trip, green, driver, passenger, red-seats, desert, speedometer",photo_1683_0.jpg
1681,https://t.me/jotchuacontent/1681,photo,2026-08-20 11:54:12,t̴e̷a̸r̴s̷,"Jotchua faces the camera in a black Korn shirt, the band's jagged logo across the chest. Send this for Korn, nu-metal, or the black band tee.","korn, band, shirt, t-shirt, music, metal, nu-metal, logo, black",photo_1681_0.jpg
1680,https://t.me/jotchuacontent/1680,photo,2026-08-20 11:54:11,t̴e̷a̸r̴s̷,"Jotchua faces the camera in a white Sonic Youth shirt, the pink-and-blue logo over a black-and-white singer at a mic. Send this for the band, the shirt, or indie rock.","sonic-youth, band, shirt, t-shirt, music, rock, indie, logo, graphic, microphone, white",photo_1680_0.jpg
1679,https://t.me/jotchuacontent/1679,photo,2026-08-20 11:54:10,t̴e̷a̸r̴s̷,"Jotchua wears a navy Primus t-shirt, the band name in red over an orange graphic of the three members. Send this for Primus or a band tee.","primus, band, t-shirt, shirt, music, graphic, navy, orange",photo_1679_0.jpg
1678,https://t.me/jotchuacontent/1678,photo,2026-08-20 11:53:53,t̴e̷a̸r̴s̷,"Jotchua wears a yellow Los Angeles Lakers jersey with number 8, Kobe Bryant's number. Send this for the Lakers, Kobe, or a basketball fit.","lakers, jersey, basketball, nba, number-8, kobe-bryant, yellow, sports",photo_1678_0.jpg
1677,https://t.me/jotchuacontent/1677,photo,2026-08-20 11:53:52,t̴e̷a̸r̴s̷,"Jotchua wears a red Chicago Bulls jersey with number 23, Michael Jordan's number. Send this for the Bulls, Jordan, or a basketball fit.","chicago-bulls, jersey, basketball, nba, number-23, michael-jordan, red, sports",photo_1677_0.jpg
1676,https://t.me/jotchuacontent/1676,photo,2026-08-20 09:18:42,t̴e̷a̸r̴s̷,"Jotchua wears big black headphones and a Metallica Ride the Lightning shirt, the electric chair and lightning under his chin. Send this when you are locked into a song, on metal, or tuning everyone out.","headphones, metallica, ride-the-lightning, metal, band, shirt, music, electric-chair, listening, black",photo_1676_0.jpg
1675,https://t.me/jotchuacontent/1675,photo,2026-08-20 00:28:43,Zenith,"Jotchua in a long dark purple coat and gloves stands in front of a mountain of burning cash with a gun in one paw, the Joker money-fire scene. Send this when money is burning, you have cash to burn, or you do not care about the pile.","joker, dc, the-dark-knight, coat, vest, gloves, gun, money, cash, wealth, fire, burning, dollars, purple",photo_1675_0.jpg
1674,https://t.me/jotchuacontent/1674,photo,2026-08-19 19:26:17,Dubi🇨🇭,"In a storybook drawing, Jotchua in a purple robe holds a pink mug by a fireplace, a lit cigarette in his mouth and logs stacked beside him. Send this for a slow morning, coffee and a smoke, or staying in.","robe, hood, coffee, mug, cigarette, smoking, fireplace, logs, illustration, cartoon, cozy, purple",photo_1674_0.jpg
1673,https://t.me/jotchuacontent/1673,photo,2026-08-19 14:53:57,Oowee,"Jotchua in a spacesuit is inside a glowing wireframe cube on a black field, nonsense equations written along the lines. Send this when you are stuck in your head, overthinking, or living in a simulation.","astronaut, spacesuit, cube, wireframe, math, equations, glowing, science, space, simulation, overthinking, grid",photo_1673_0.jpg
1672,https://t.me/jotchuacontent/1672,photo,2026-08-19 10:56:34,Oowee,"Jotchua peeks from the window of a lime-green widebody race car with pink and orange stripes, parked against a plain wall. Send this when you are peeking, showing a loud build, or too small for the car.","racing, race-car, sports-car, car, green, pink, orange, stripes, peeking, widebody, wheels, parked",photo_1672_0.jpg
1671,https://t.me/jotchuacontent/1671,photo,2026-08-19 10:54:30,Oowee,"Jotchua peeks from the window of a white Porsche 911 parked on the grass at night, palm trees behind the whale-tail spoiler. Send this for a night car shot or posting the Porsche.","porsche, 911, sports-car, car, night, parked, palm-trees, peeking, spoiler, whale-tail, grass, wheels",photo_1671_0.jpg
1670,https://t.me/jotchuacontent/1670,photo,2026-08-18 23:18:07,Titus,"Jotchua fills the foreground of a night selfie under the Petronas Twin Towers, the skybridge between them and Malaysian flags along the base. Send this when you are traveling, in Kuala Lumpur, or posting the tourist shot.","petronas, twin-towers, kuala-lumpur, malaysia, night, skyline, travel, selfie, skybridge, flag, towers, tourist",photo_1670_0.jpg
1668,https://t.me/jotchuacontent/1668,photo,2026-08-18 16:18:46,t̴e̷a̸r̴s̷,"Jotchua wears a plain white t-shirt with the red Supreme box logo. Send this for a hype tee, a box logo, or keeping the fit simple.","supreme, box-logo, t-shirt, shirt, white, logo, streetwear, hype",photo_1668_0.jpg
1667,https://t.me/jotchuacontent/1667,photo,2026-08-18 16:18:45,t̴e̷a̸r̴s̷,"Jotchua wears a camo Chrome Hearts trucker hat. The patch reads Chrome Hearts with a gothic CH and Hollywood, USA, and the black hoodie has the horseshoe logo and a dagger zipper. Send this for a Chrome Hearts fit.","chrome-hearts, hat, camo, trucker-hat, hoodie, horseshoe, zipper, dagger, cross, hollywood, streetwear, drip",photo_1667_0.jpg
1666,https://t.me/jotchuacontent/1666,photo,2026-08-18 15:49:40,t̴e̷a̸r̴s̷,"Jotchua has side-swept emo bangs covering one eye, a black zip hoodie over a black-and-white striped shirt, and a tattoo on one arm. Send this for scene hair or an emo fit.","bangs, side-swept, hair, blonde, hoodie, zip-up, stripes, striped-shirt, scene, tattoo, black",photo_1666_0.jpg
1665,https://t.me/jotchuacontent/1665,photo,2026-08-18 15:44:13,t̴e̷a̸r̴s̷,"Jotchua wears a lime Toy Story alien hat with three eyes and an antenna, backpack straps, and a white tee with a neon yellow front and a dog tag. Send this for an alien, a toy run, or a Pizza Planet look.","toy-story, alien, hat, three-eyes, antenna, backpack, dog-tag, necklace, neon, yellow, lime, white, shirt, pizza-planet",photo_1665_0.jpg
1664,https://t.me/jotchuacontent/1664,photo,2026-08-18 15:44:12,t̴e̷a̸r̴s̷,"Jotchua wears a brown BAPE camo shark hoodie over a blue plaid shirt, the ape logo showing on the tee underneath. Send this for a camo fit or another BAPE day.","bape, shark-hoodie, camo, plaid, flannel, ape, brown, streetwear, hoodie, teeth",photo_1664_0.jpg
1663,https://t.me/jotchuacontent/1663,photo,2026-08-18 15:44:11,t̴e̷a̸r̴s̷,"Jotchua wears a grey hooded cloak pinned with the green elven leaf brooch, a dark vest, and a leather strap. Send this for a hobbit, a Lord of the Rings quest, or heading out on an adventure.","hobbit, lotr, lord-of-the-rings, cloak, hood, brooch, leaf, vest, fantasy, middle-earth, strap",photo_1663_0.jpg
1662,https://t.me/jotchuacontent/1662,photo,2026-08-18 15:44:10,t̴e̷a̸r̴s̷,"Jotchua wears a black McDonald's cap and work vest over a red polo, golden arches on the hat and vest, with the I'm lovin' it line on the vest. Send this when you are on a shift or stuck at work.","mcdonalds, hat, cap, vest, uniform, worker, fast-food, golden-arches, polo, job, shift, im-lovin-it",photo_1662_0.jpg
1661,https://t.me/jotchuacontent/1661,photo,2026-08-18 15:44:09,t̴e̷a̸r̴s̷,"Jotchua wears an orange and blue striped polo with the collar popped, a gold chain, and backpack straps on his shoulders. Send this for a preppy fit or a popped-collar look.","polo, stripes, orange, blue, collar, popped-collar, gold-chain, pendant, preppy, backpack",photo_1661_0.jpg
1660,https://t.me/jotchuacontent/1660,photo,2026-08-18 15:44:06,t̴e̷a̸r̴s̷,"Jotchua wears a blue Boston Red Sox cap with a red B and a white pinstripe jersey that reads Red Sox, with the socks logo and an Est. 1901 patch. Send this for a Red Sox game, baseball, or repping Boston.","red-sox, boston, baseball, jersey, cap, hat, pinstripe, mlb, sports",photo_1660_0.jpg
1659,https://t.me/jotchuacontent/1659,photo,2026-08-18 15:44:05,t̴e̷a̸r̴s̷,"Jotchua wears an oversized brown fedora, two strands of pearls, and a green Adidas track jacket with gold stripes and the trefoil, over a white collar. Send this for an eccentric fit or dressing louder than the occasion.","fedora, hat, pearls, necklace, adidas, trefoil, track-jacket, jacket, stripes, green, gold, collar",photo_1659_0.jpg
1658,https://t.me/jotchuacontent/1658,photo,2026-08-18 15:44:04,t̴e̷a̸r̴s̷,"Jotchua wears a dark pork-pie hat, rectangular glasses, and a tan jacket over a blue striped shirt. Send this for a dressed-up, professor, or trying-to-look-serious fit.","pork-pie, hat, glasses, jacket, tan, shirt, stripes, button-up, professor, formal",photo_1658_0.jpg
1657,https://t.me/jotchuacontent/1657,photo,2026-08-18 15:44:03,t̴e̷a̸r̴s̷,"Jotchua has Jimmy Neutron's tall swirl of hair and a red shirt with a yellow atom. Send this when you are being a nerd, a boy genius, or too smart about it.","jimmy-neutron, hair, swirl, atom, shirt, red, nerd, science, genius, cartoon",photo_1657_0.jpg
1656,https://t.me/jotchuacontent/1656,photo,2026-08-18 15:44:03,t̴e̷a̸r̴s̷,"Jotchua wears a purple BAPE camo shark hoodie, teeth along the hood, over a white tee with a blue star. Send this for a BAPE fit or streetwear.","bape, shark-hoodie, camo, purple, star, teeth, streetwear, hype, hoodie",photo_1656_0.jpg
1655,https://t.me/jotchuacontent/1655,photo,2026-08-18 15:44:02,t̴e̷a̸r̴s̷,"Jotchua wears a brown cowboy hat, a red paisley bandana, and a blue denim vest. Send this for a western fit or playing cowboy.","cowboy, cowboy-hat, hat, bandana, paisley, vest, denim, western, yeehaw",photo_1655_0.jpg
1654,https://t.me/jotchuacontent/1654,photo,2026-08-18 07:02:46,Oowee,"Hooded Jotchua stirs a black cauldron of glowing green potion in a cluttered attic, and the smoke climbs into a starry sky of green and purple over pines and distant lights. Candles, bottles, and papers cover the desk. Send this when you are cooking something up, brewing, or scheming.","wizard, cauldron, potion, magic, stirring, brewing, green, glowing, cloak, hood, night, stars, candles, bottles, books, smoke, attic",photo_1654_0.jpg
1653,https://t.me/jotchuacontent/1653,photo,2026-08-17 22:28:59,Titus,"Jotchua's head, cocked almost sideways, sits on a baby in a pale pink onesie crawling across the floor, tiny hands planted in front. Send this when you are a baby, brand new, confused, or just figuring it out.","baby, crawling, onesie, pink, floor, head-tilt, hands, cute",photo_1653_0.jpg
1646,https://t.me/jotchuacontent/1646,photo,2026-08-15 23:43:01,Dubi🇨🇭,"A screenshot of Gunna's Instagram story shows a smiling man at dinner in a white t-shirt printed with Jotchua holding two pistols. A candle is on the table, wood slats and plants fill the background, and the song sticker reads On One Tonight. Send this when you catch the shirt in the wild or Gunna posts it.","gunna, instagram, story, screenshot, t-shirt, guns, pistol, dual-wield, dinner, restaurant, candle, necklace, music, on-one-tonight, man, male, guy",photo_1646_0.jpg
1645,https://t.me/jotchuacontent/1645,photo,2026-08-15 16:04:45,shanks,"Jotchua wears a white astronaut helmet against a starfield, the full moon sitting just behind the top of the helmet. Send this for a space portrait or the full moon behind the helmet.","astronaut, helmet, space, stars, visor, full-moon, white, portrait",photo_1645_0.jpg
1644,https://t.me/jotchuacontent/1644,photo,2026-08-15 16:04:35,shanks,"Jotchua sits cross-legged in a straw conical hat, black robes, and arm guards, hands together, while a giant black bull spirit with teal horns, glowing eyes, and a nose ring looms in the mist. Send this when you are meditating, locked in, or facing something huge.","meditating, meditation, straw-hat, conical-hat, robes, martial-arts, necklace, bull, spirit, horns, glowing-eyes, nose-ring, teal, mist, fantasy, sitting",photo_1644_0.jpg
1643,https://t.me/jotchuacontent/1643,photo,2026-08-15 16:04:24,shanks,"Jotchua wears a red Spider-Man suit and a brown side-part wig against a plain white background. Send this for the superhero fit, the wig, or showing up in the suit.","spider-man, marvel, superhero, costume, wig, hair, side-part, webs, red",photo_1643_0.jpg
1641,https://t.me/jotchuacontent/1641,photo,2026-08-15 14:23:24,Titus,"Jotchua stands on a dirt road with a black bull draped over his shoulders, its geometric green horns and eyes glowing. Send this when you are bullish, carrying the market, or just too strong.","bull, horns, glowing, green, glowing-eyes, carrying, shoulders, strong, road, mountains, fantasy, winning, success, bullish, moon, pump, rich",photo_1641_0.jpg
1640,https://t.me/jotchuacontent/1640,photo,2026-08-12 07:09:35,Indr4aura,"Jotchua wears a red-and-white checkered ghutra held by a black agal, hills behind him. Send this for the Gulf fit, a headscarf look, or dressing the part.","ghutra, shemagh, agal, keffiyeh, headscarf, scarf, red, white, checkered, arab, gulf",photo_1640_0.jpg
1637,https://t.me/jotchuacontent/1637,photo,2026-08-12 06:49:25,Kade,"Jotchua poses in a black fedora, pinstripe suit, and tie in front of a vintage car at night. The sign behind him reads Gino's Speakeasy, with two men in hats by the door. Send this for a gangster entrance, a 1920s fit, or pulling up like the boss.","gangster, mafia, fedora, pinstripe, suit, tie, pocket-square, speakeasy, ginos-speakeasy, car, vintage, 1920s, night",photo_1637_0.jpg
1636,https://t.me/jotchuacontent/1636,photo,2026-08-12 02:35:24,Titus,"Six Jotchua heads are packed into one group photo. The one in front wears a brown-and-white striped shirt, purple shows on the left, and black shirts fill the right. Send this for the whole group, a clone pile, or everyone being the same guy.","clones, group, crowd, six, heads, multiple, striped-shirt, purple, black, shirts, squad",photo_1636_0.jpg
1635,https://t.me/jotchuacontent/1635,photo,2026-08-12 02:33:36,Kade,"Jotchua wears a black suit, white shirt, and black tie with a paper bag over his head and two torn eye holes. A plastic chair and hills sit behind him. Send this when you cannot show your face, you are staying anonymous, or the fit is a suit and a bag.","paper-bag, bag, mask, eyes, suit, tie, anonymous, hiding, incognito, outdoors",photo_1635_0.jpg
1633,https://t.me/jotchuacontent/1633,photo,2026-08-12 01:24:37,Kade,"Jotchua wears a pink fleece Hello Kitty hoodie, bow and ears on the hood, with hills and a plastic chair behind him. Send this when you want something cute, soft, or Sanrio.","hello-kitty, sanrio, hoodie, fleece, pink, bow, zipper, ears, costume, outdoors, cute",photo_1633_0.jpg
1632,https://t.me/jotchuacontent/1632,photo,2026-08-11 22:18:57,Titus,"Jotchua in a red kit slides in low on the grass while Erling Haaland, in the neon green Manchester City shirt with Etihad across the chest, shields the ball. Send this for a slide tackle, going in for the ball, or when the other guy still has it.","erling-haaland, manchester-city, man-city, etihad, soccer, football, tackle, slide-tackle, ball, jersey, premier-league, green, red, man, male, guy",photo_1632_0.jpg
1631,https://t.me/jotchuacontent/1631,photo,2026-08-11 21:34:55,Titus,"Only Jotchua's face shows from a huge pile of colorful laundry heaped on a bed, lamps and plants on the nightstands. Send this when the laundry won, the chores buried you, or you are hiding in the clothes.","laundry, clothes, pile, bed, hiding, messy, chores, peeking, bedroom",photo_1631_0.jpg
1630,https://t.me/jotchuacontent/1630,photo,2026-08-11 21:34:55,Titus,"Jotchua in a black suit and tie clutches both sides of his head, a green forest behind him. Send this when you are stressed, your head hurts, or it is all too much.","stressed, stress, headache, overwhelmed, suit, tie, hands, head, forest, sad, upset, down, depressed, emo, down-bad, lonely",photo_1630_0.jpg
1629,https://t.me/jotchuacontent/1629,photo,2026-08-11 17:23:18,Kade,"Jotchua in sage green pajamas looks into the camera outdoors, a plastic chair, a green bag, and hills behind him. Send this for a soft portrait or the pajama fit.","pajamas, sage, green, outdoors, portrait, hills, plastic-chair, golden-hour, cute",photo_1629_0.jpg
1628,https://t.me/jotchuacontent/1628,photo,2026-08-11 17:13:30,Kade,"Jotchua sits in a white armchair in sage green pajamas and white socks, holding a patterned cup of tea. Send this for a cozy sit, tea time, or staying in.","pajamas, sage, green, tea, teacup, socks, armchair, chair, cozy, sitting",photo_1628_0.jpg
1627,https://t.me/jotchuacontent/1627,photo,2026-08-11 03:25:21,Dubi🇨🇭,Muscular Jotchua in a blue t-shirt hugs a split log while the doctor line says they finally fixed your butthole and then the credit card declines. Send this when the card declines after the work is already done.,"doctor, butthole, credit-card, declined, log, split, muscles, strong, t-shirt, broke, rekt, loss, dumped, bearish, failed, ngmi, sad, upset, down, depressed, emo, down-bad, lonely",photo_1627_0.jpg
1626,https://t.me/jotchuacontent/1626,photo,2026-08-10 12:20:43,Oowee,"In black and white, Jotchua stands on a sidewalk in an oversized white t-shirt, a baseball cap, and two braids. The sign behind him reads Hungry Harold's with a Coca-Cola logo, and a donut sign sits farther down the street. Send this when you are outside, the shirt is huge, or you are just posted up.","black-and-white, street, sidewalk, oversized, t-shirt, baggy, baseball-cap, braids, hungry-harolds, coca-cola, donut, standing",photo_1626_0.jpg
1625,https://t.me/jotchuacontent/1625,photo,2026-08-10 09:36:26,Oowee,"Jotchua sits alone on the floor of a dark concrete tunnel while one beam of light cuts across him. Send this when you are by yourself, in your feelings, or sitting in the dark.","tunnel, spotlight, dark, alone, sitting, concrete, underground, light, sad, upset, down, depressed, emo, down-bad, lonely",photo_1625_0.jpg
1624,https://t.me/jotchuacontent/1624,photo,2026-08-10 06:51:13,Kade,"Jotchua sits in a chair in a brown t-shirt, denim shorts, white socks, and red sneakers, throwing rock horns with both hands. The man behind him throws the same sign, a woman stands off to the side, and blue LEDs glow under the desk. Send this when you are hyped, posted in the chair, or on that rock-on timing.","rock-on, horns, chair, leds, blue, desk, t-shirt, denim, shorts, socks, sneakers, woman, female, man, male, guy",photo_1624_0.jpg
1623,https://t.me/jotchuacontent/1623,photo,2026-08-09 21:03:53,Kade,"Jotchua as Bob Ross, afro and white shirt, paints a mountain lake on the easel with a brush and palette. Pines and a pink sky fill the canvas. Send this when you are painting, in your artist era, or making a happy little mountain.","bob-ross, painting, painter, artist, afro, easel, palette, brush, canvas, mountains, landscape, lake, trees, jeans",photo_1623_0.jpg
1621,https://t.me/jotchuacontent/1621,photo,2026-08-09 20:35:24,Kade,"A tiny Jotchua sits in a pair of giant cartoon hands, a blue sleeve at the wrist and a window behind them. Send this when something is pocket-sized, you are holding a little guy, or it is just too small.","tiny, small, hands, palm, cartoon, window, holding, cute",photo_1621_0.jpg
1620,https://t.me/jotchuacontent/1620,photo,2026-08-09 20:16:34,Kade,"Shirtless Jotchua in black shorts holds a wide horse stance on a snowy peak, one palm at his chest and the other turned up, with a black pile of clothes in the snow beside him. It is the Wim Hof cold pose. Send this when you are locking in, out in the cold, or doing the breathing.","wim-hof, iceman, shirtless, shorts, barefoot, snow, mountain, cold, horse-stance, pose, breathing",photo_1620_0.jpg
1619,https://t.me/jotchuacontent/1619,photo,2026-08-09 20:08:59,Titus,"Jotchua sits in a gray penguin costume beside a red bowl of Chinese sweet soup, sago pearls, purple taro balls, and orange balls in the milk. A red pick reading 喜二糖水 sticks out of the bowl, with a menu on the table behind. Send this when you are posted up next to dessert.","penguin, costume, plush, dessert, food, bowl, taro, sago, pearls, sweet-soup, chinese, milk, spoon, restaurant, table, hungry",photo_1619_0.jpg
1618,https://t.me/jotchuacontent/1618,photo,2026-08-09 20:08:41,Titus,"Jotchua's head is on a person in a pale t-shirt, brown suspenders, and pleated pants, holding two plungers lashed end to end with both palms open. Send this when the tool is a plunger or this is what you brought.","plunger, plungers, plumber, suspenders, pants, hands, t-shirt, diy, man, male, guy",photo_1618_0.jpg
1617,https://t.me/jotchuacontent/1617,photo,2026-08-08 02:01:37,Oowee,"Jotchua takes a mirror selfie in a hot-dog costume, phone up, mustard squiggle down the front, a bed and bookshelf behind him. Send this when you are the snack or the costume is the whole outfit.","hot-dog, costume, selfie, mirror, phone, bedroom, mustard, bun, bookshelf, bed",photo_1617_0.jpg
1616,https://t.me/jotchuacontent/1616,photo,2026-08-07 06:45:08,peacefuldestroy,"A text from Mom asks if you are bringing a girl home for Christmas this year, over a fake YouTube thumbnail titled Jotchua History: an army of Jotchuas in Roman cloaks, one in gold armor and an orange cape pointing up. The video title is The Entire History of Jotchua Explained, 753 BC to 1453 AD, runtime 4:23:51. Send this as the reply when mom asks.","mom, christmas, text-message, imessage, girlfriend, youtube, thumbnail, documentary, history, army, roman, armor, cape, orange, pointing, spears, columns, temple, ancient, uncharted-mysteries, soldiers, four-hours",photo_1616_0.jpg
1615,https://t.me/jotchuacontent/1615,photo,2026-08-07 02:41:33,Shravan Anand,"Jotchua's head is on a man in a brown tweed jacket, white shirt, and red tie, one hand on his hip, the other checking a wristwatch in a field of yellow flowers. Send this when you are waiting, someone is late, or you are checking the time.","suit, tweed, tie, watch, wristwatch, waiting, late, impatient, field, flowers, yellow, hand-on-hip, man, male, guy",photo_1615_0.jpg
1614,https://t.me/jotchuacontent/1614,video,2026-08-07 01:34:27,peacefuldestroy,"Cartoon Jotchua lies in bed under a teal blanket with his eyes closed, sits up stretching, then stands in the kitchen and pours Coca-Cola from the bottle into a blue cup. Send this for waking up and going straight to the soda.","cartoon, bed, blanket, waking-up, stretching, morning, kitchen, coca-cola, coke, soda, pouring, bottle, cup, stove, sleep, sleepy, sleeping, nap, tired, bedtime",1614_IMG_0303.MP4
1613,https://t.me/jotchuacontent/1613,video,2026-08-07 01:34:26,peacefuldestroy,"A path leads up to a castle with yellow windows at night. Cartoon Jotchua walks a red carpet into a columned hall and stands under three portraits: a crowned shiba, a shiba in a military coat, and classic Doge lying down. Send this when you have arrived or you are looking over the lineup.","cartoon, castle, night, gate, path, windows, hall, portraits, columns, carpet, crown, shiba, doge, painting, uniform, medal, walking, red-carpet",1613_IMG_0302.MP4
1612,https://t.me/jotchuacontent/1612,video,2026-08-07 01:34:08,peacefuldestroy,"Cartoon Jotchua watches a CRT where Pepe lies in a field beside a sitting shiba, then a long-haired dog in white crawls out of the static the way The Ring does, and a green-and-white capsule fills the screen. He ends in close-up with those pills for eyes and a controller in his paw. Send this when the timeline cooked you.","cartoon, tv, crt, watching, pepe, frog, shiba, doge, the-ring, static, pill, pills, eyes, capsule, controller, scared, fear, horror, creepy",1612_IMG_0322.MP4
1611,https://t.me/jotchuacontent/1611,photo,2026-08-07 01:34:00,peacefuldestroy,"Jotchua sits on a black orb stamped with the Solana logo, perched on a dark mountain peak, while a green beam shoots straight up through the storm clouds. Send this when the signal is on or Solana is calling.","solana, logo, orb, laser, beam, green, mountain, peak, clouds, storm, signal, beacon, sitting",photo_1611_0.jpg
1610,https://t.me/jotchuacontent/1610,photo,2026-08-06 20:07:18,Titus,"Three panels of deadpan Jotchua in a plaid shirt and pink pants: full body labeled congrats, then close-ups labeled happy for you and nice. Send this when the congratulations are fake and you are not actually impressed.","sarcastic, sarcasm, deadpan, congrats, congratulations, nice, plaid, shirt, pants, unimpressed, fake, three-panel, happy-for-you, passive-aggressive, shoes",photo_1610_0.jpg
1608,https://t.me/jotchuacontent/1608,photo,2026-08-06 09:10:23,3Dogs,"Jotchua points at a dark candlestick chart, speech bubble saying buy and hold, while an arrow marks we are here at the base of a green line that goes vertical. Send this when you are early and telling everyone to hold.","chart, candlestick, pointing, buy-and-hold, we-are-here, arrow, green, early, trading, price, speech-bubble, winning, success, bullish, moon, pump, rich, money, cash, wealth",photo_1608_0.jpg
1607,https://t.me/jotchuacontent/1607,photo,2026-08-06 09:10:22,3Dogs,"Jotchua winks one eye in a black ski mask, the other eye showing, with a plastic chair and hills behind him. Send this when you are sneaking, scheming, or trying not to be recognized.","ski-mask, balaclava, wink, winking, sneaky, mask, disguise, shady, incognito",photo_1607_0.jpg
1606,https://t.me/jotchuacontent/1606,photo,2026-08-06 09:10:21,3Dogs,"Jotchua wears Ricky Bobby's white Wonder Bread NASCAR suit and matching cap, flames up the sleeves and the name Ricky Bobby stitched on the belt. Send this when you are suited up to race.","ricky-bobby, talladega-nights, nascar, racing, driver, suit, firesuit, cap, hat, wonder-bread, flames, flag, belt",photo_1606_0.jpg
1605,https://t.me/jotchuacontent/1605,photo,2026-08-06 09:10:21,3Dogs,"Jotchua's head is on the 2009 NBA Finals press conference, grey pinstripe suit and an NBA TV mic, the bar quoting Jotch Not Finished beside a grimacing, eyes-shut sweat emoji. It is the Kobe Bryant job's-not-finished line. Send this when it is not over and you are not done yet.","kobe-bryant, nba, basketball, finals, 2009, press-conference, interview, microphone, suit, pinstripe, quote, jotch-not-finished, nba-tv, emoji, man, male, guy",photo_1605_0.jpg
1604,https://t.me/jotchuacontent/1604,photo,2026-08-06 09:10:20,3Dogs,"Jotchua poses in a shiny white shirt and thin glasses, diamond grill showing, an iced-out watch on the wrist and a big ring on the paw under his chin. Send this when you are dripping, flexed, or too iced.","grill, grillz, diamonds, glasses, watch, ring, bling, jewelry, drip, white-shirt, flex, iced-out, rapper, winning, success, bullish, moon, pump, rich, money, cash, wealth",photo_1604_0.jpg
1603,https://t.me/jotchuacontent/1603,photo,2026-08-06 09:10:19,3Dogs,"In the Drake layout, Jotchua in an orange puffer holds a paw to his ear beside Community, then points at Cult in a yellow Jumpman shirt. Send this when you are rejecting the community and picking the cult.","drake, hotline-bling, reject, approve, no, yes, pointing, ear, choice, prefer, jacket, orange, puffer, community, cult, jordan, jumpman, yellow, shirt",photo_1603_0.jpg
1600,https://t.me/jotchuacontent/1600,photo,2026-08-06 09:10:17,3Dogs,"Jotchua flies at the camera in a red cape, blue tights, and laced red wrestling boots on a Nacho Libre poster titled Jotchua Libre. The line under him reads Der Held von nebenan, with a little mission church below. Send this when you are the luchador or the hero flying in.","nacho-libre, wrestling, lucha, luchador, cape, boots, flying, poster, movie, red, hero, tights, church",photo_1600_0.jpg
1599,https://t.me/jotchuacontent/1599,photo,2026-08-06 09:10:17,3Dogs,"Jotchua flies as Cupid against a cracked painted sky, small dark wings with red tips on his back, a wooden bow in one paw and the arrow drawn back. Send this when you are shooting your shot or playing matchmaker.","cupid, bow, arrow, wings, flying, cherub, painting, fresco, valentine, love, heart, crush, cute, red",photo_1599_0.jpg
1593,https://t.me/jotchuacontent/1593,photo,2026-08-06 09:10:14,3Dogs,"Jotchua doubles on a Shawshank Redemption DVD titled The Jotchank Redemption, billed as Tim Robbins and Morgan Freeman, one of them in a gray beanie in the rain. A tiny Jotchua stands arms-out in the downpour, and the spine says we're gonna reverse so hard. Send this for the movie, the stretch inside, or a hard reverse.","shawshank-redemption, dvd, movie, poster, prison, rain, beanie, tim-robbins, morgan-freeman, reverse, spine, arms-out, cover",photo_1593_0.jpg
1591,https://t.me/jotchuacontent/1591,photo,2026-08-06 09:10:13,3Dogs,"Jotchua is the sepia poster for The Jotchfather, in a tuxedo and bow tie with a red rose, one finger raised, puppet strings in the title. Send this when you are making the offer or the boss has spoken.","godfather, mafia, tuxedo, bow-tie, rose, poster, movie, finger, sepia, suit, puppet, strings, boss, offer, man, male",photo_1591_0.jpg
1590,https://t.me/jotchuacontent/1590,photo,2026-08-06 09:10:13,3Dogs,Jotchua is held up outdoors with glowing white eyes while purple lightning crackles off both paws and rings of light circle him. Send this when the powers just turned on.,"superpower, powers, lightning, purple, glowing, eyes, paws, magic, energy, aura, electric, rings, outdoors",photo_1590_0.jpg
1588,https://t.me/jotchuacontent/1588,photo,2026-08-06 09:10:12,3Dogs,"Jotchua is held up outdoors and grins with every tooth showing, eyes narrowed, a plastic chair and hills behind him. Send this for an awkward, cursed, or too-wide smile.","grin, teeth, squint, awkward, cursed, hand, held, close-up, outdoors, chair",photo_1588_0.jpg
1587,https://t.me/jotchuacontent/1587,photo,2026-08-06 09:10:11,3Dogs,"Doctor Jotchua, badge reading Puppy MD, wears blue scrubs and a stethoscope and checks the blood pressure of Jotchua sitting up in a hospital gown. The bar says he is diagnosing a severe case of no $Jotchua. Send this when someone does not hold any.","doctor, hospital, scrubs, stethoscope, patient, bed, gown, diagnosis, blood-pressure, cuff, medical, badge, sick, blanket, window",photo_1587_0.jpg
1581,https://t.me/jotchuacontent/1581,photo,2026-08-06 09:10:08,3Dogs,"Jotchua streaks across a starry night sky with a long golden comet tail, sunset still on the horizon. Send this when you are flying through, taking off, or leaving a trail.","comet, shooting-star, stars, night, sky, space, flying, trail, golden, galaxy, milky-way, sunset",photo_1581_0.jpg
1577,https://t.me/jotchuacontent/1577,photo,2026-08-06 09:10:06,3Dogs,"Jotchua sits in silver plate armor and a red cape, a sword in one paw and a shield with a gold lion in the other. Send this when you are suited up, on guard, or playing the knight.","knight, armor, sword, shield, cape, red, lion, gold, medieval, fantasy, sitting, costume, metal",photo_1577_0.jpg
1576,https://t.me/jotchuacontent/1576,photo,2026-08-06 09:10:06,3Dogs,"Jotchua's face is the glowing eye on the dollar-bill pyramid, the all-seeing eye, inside the Great Seal with Annuit Coeptis and Novus Ordo Seclorum around the ring. Send this for Illuminati, the eye on the dollar, or when someone is watching.","dollar, currency, illuminati, pyramid, all-seeing-eye, eye, conspiracy, great-seal, latin, glowing, 1776, annuit-coeptis, novus-ordo-seclorum",photo_1576_0.jpg
1574,https://t.me/jotchuacontent/1574,photo,2026-08-06 09:10:05,3Dogs,"Jotchua's head sticks out under a burlap sack tied shut at the top with rope. Send this when you are bagged, packaged, or stuck in the sack.","sack, burlap, bag, rope, tied, knotted, peeking, cute",photo_1574_0.jpg
1569,https://t.me/jotchuacontent/1569,photo,2026-08-06 09:10:02,3Dogs,"Jotchua is held up outdoors in a blue vented helmet with a chin strap, both paws in the air. Send this when you are geared up, being safe, or about to go.","helmet, blue, safety, chin-strap, vents, sport, paws-up, cute, outdoors",photo_1569_0.jpg
1565,https://t.me/jotchuacontent/1565,photo,2026-08-06 09:09:59,3Dogs,"Jotchua as David Wooderson (Matthew McConaughey) from Dazed and Confused, feathered blonde hair and a mustache, sits in the car and gestures with one arm. Another Jotchua in a knit cap sits in the back. Yellow text says ""Be a lot cooler if you did."" Send this when you are telling someone to just do it.","dazed-and-confused, wooderson, matthew-mcconaughey, car, driving, mustache, blonde, beanie, quote, text, movie, window, 70s, man, male, guy",photo_1565_0.jpg
1564,https://t.me/jotchuacontent/1564,photo,2026-08-06 09:09:58,3Dogs,"A jacked Jotchua with a full set of muscles stands next to a tiny normal Jotchua sitting on a blank background, a blue tear on his cheek. Send this for the swole version versus the little one, or when you are the one left crying.","muscles, muscular, swole, buff, jacked, ripped, abs, gym, tiny, small, comparison, before-after, standing, sitting, contrast, crying, tears, sobbing, sad, upset, down, depressed, emo, down-bad, lonely",photo_1564_0.jpg
1563,https://t.me/jotchuacontent/1563,photo,2026-08-06 09:09:57,3Dogs,"Jotchua wears a fluffy black-and-white penguin suit with an orange beak and orange feet. Send this for the costume, or when something is just cute.","penguin, costume, hoodie, beak, orange, fluffy, black-and-white, cute, outdoors",photo_1563_0.jpg
1562,https://t.me/jotchuacontent/1562,photo,2026-08-06 09:09:56,3Dogs,"Jotchua sits in an open cardboard box on a doormat in front of a black door. The box says DELIVERY FOR YOU with a paw print. Send this when a package arrived, you are the delivery, or you showed up as a surprise.","delivery, box, cardboard, package, surprise, door, porch, doormat, paw-print, text, cute",photo_1562_0.jpg
1561,https://t.me/jotchuacontent/1561,photo,2026-08-06 09:09:55,3Dogs,"Jotchua is held up outdoors in gold shutter shades, both paws in the air. Send this when the shades are the fit, or you are feeling flashy.","shutter-shades, sunglasses, gold, paws-up, cool, drip, swag, outdoors",photo_1561_0.jpg
1559,https://t.me/jotchuacontent/1559,photo,2026-08-06 09:07:51,Crypt Prin,"Jotchua wears a gray tabby cat hoodie with ears, stripes, a tail, and a gold bell. Send this when you are in costume, being a cat, or just looking cute.","cat, costume, hoodie, tabby, stripes, ears, tail, bell, whiskers, cute, outdoors",photo_1559_0.jpg
1557,https://t.me/jotchuacontent/1557,photo,2026-08-06 09:07:49,Crypt Prin,"Jotchua in a gray tabby cat onesie with a bell lounges across piles of hundred-dollar bills. Send this when you are rich, stacked, or the money is just sitting there.","cat, onesie, costume, hoodie, tabby, bell, stripes, lounging, money, cash, wealth, bills, dollars, stacks, winning, success, bullish, moon, pump, rich",photo_1557_0.jpg
1556,https://t.me/jotchuacontent/1556,photo,2026-08-06 09:07:48,Crypt Prin,"A crowd of Jotchuas piles up under the word welcome, many with tongues out, hearts and sparkles around the text. Send this when you are greeting someone, saying welcome, or the whole group showed up.","welcome, crowd, hello, greeting, group, tongues, sparkles, hearts, text, cute, happy, smile, smiling, joy, excited, wholesome",photo_1556_0.jpg
1555,https://t.me/jotchuacontent/1555,photo,2026-08-06 09:07:47,Crypt Prin,"Jotchua yawns with eyes shut and tongue out from a mossy hollow log, front paws stretched on the dirt. Send this when you are tired, yawning, or done for the day.","yawn, yawning, tongue, log, moss, hollow, woods, paws, sleep, sleepy, sleeping, nap, tired",photo_1555_0.jpg
1554,https://t.me/jotchuacontent/1554,photo,2026-08-06 09:07:44,Crypt Prin,"Jotchua is held up outdoors on his hind legs in a sparkly pink princess tiara with a heart in the middle. Send this when you are the princess, feeling fancy, or crowning yourself.","tiara, princess, crown, sparkly, glitter, pink, held-up, cute, costume, outdoors",photo_1554_0.jpg
1553,https://t.me/jotchuacontent/1553,photo,2026-08-06 09:07:44,Crypt Prin,"Jotchua wears a pink bow and a heart necklace, with blush, sparkles, and floating hearts around him. Send this when something is cute, sweet, or you are being soft.","bow, pink, necklace, sparkles, blush, kawaii, cheeks, cute, love, heart, crush",photo_1553_0.jpg
1552,https://t.me/jotchuacontent/1552,photo,2026-08-06 09:07:43,Crypt Prin,"Jotchua in a steel helmet and muddy uniform stands in a World War I trench with a rifle. Barbed wire lines the banks, and smoke and fire rise behind the other soldiers. Send this when you are in the trenches, at war, or grinding through it.","war, ww1, soldier, trench, helmet, rifle, barbed-wire, mud, military, uniform, battlefield, smoke, fire, army, grind",photo_1552_0.jpg
1551,https://t.me/jotchuacontent/1551,photo,2026-08-06 09:07:43,Crypt Prin,"Jotchua sits cross-legged on a yoga mat in beige robes, an om on his headband and pendant, meditating at sunrise in the mountains beside a stone cairn. The text says ""pawsitivity maxxing."" Send this when you are zen, calm, or maxing the good mood.","meditation, meditating, zen, yoga, lotus, monk, robes, om, headband, necklace, pendant, sunrise, mountains, yoga-mat, cairn, pawsitivity, maxxing, calm, text",photo_1551_0.jpg
1548,https://t.me/jotchuacontent/1548,photo,2026-08-06 09:07:42,Crypt Prin,"Jotchua sits on the floor in a white straitjacket, arms crossed and buckled, inside a cinder-block cell with a small window in the door. Send this when you have lost it, you are unhinged, or they locked you up.","straitjacket, cell, cinder-block, asylum, crazy, insane, locked-up, buckle, door, window, mattress",photo_1548_0.jpg
1547,https://t.me/jotchuacontent/1547,photo,2026-08-06 09:07:41,Crypt Prin,"Jotchua in black glasses and a navy tie writes a to-do list at a desk: wake up, focus, work hard, be awesome. A lamp, a laptop, and the posters push discipline and one paw at a time. Send this when you are locking in, studying, or getting to work.","glasses, tie, desk, studying, work, todo-list, notebook, pen, laptop, mug, lamp, motivation, focus, discipline, sticky-note, grind",photo_1547_0.jpg
1546,https://t.me/jotchuacontent/1546,photo,2026-08-06 09:07:41,Crypt Prin,"Bearded Jotchua in a gray t-shirt, a bag strap across his chest, tells someone he will never stop. Never, ever. Send this when you are locked in, stubborn, or refusing to quit.","beard, hair, t-shirt, strap, quote, text, determined, stubborn, serious, staring, intense, never-stop, man, male, guy",photo_1546_0.jpg
1545,https://t.me/jotchuacontent/1545,photo,2026-08-06 09:07:40,Crypt Prin,"Jotchua wears Hannibal Lecter's dark asylum shirt, number B5160-8, and stares through the visitation glass at Jodie Foster as Clarice Starling. Send this for a locked-up visit, an intense stare, or Silence of the Lambs.","silence-of-the-lambs, hannibal-lecter, jodie-foster, clarice-starling, asylum, prison, glass, visitor, staring, uniform, shirt, woman, female",photo_1545_0.jpg
1544,https://t.me/jotchuacontent/1544,photo,2026-08-06 09:07:40,Crypt Prin,"Jotchua sits outdoors with pink blush on his cheeks and both paws folded under his chin. Send this when you are shy, embarrassed, or being cute.","blush, shy, embarrassed, cheeks, paws, cute, outdoors",photo_1544_0.jpg
1543,https://t.me/jotchuacontent/1543,photo,2026-08-06 09:07:39,Crypt Prin,"Jotchua lounges on a blue-striped pool chair in black sunglasses, a yellow drink with lemon and a little umbrella beside him. The pool and mountains sit behind him. Send this when you are on vacation, poolside, or taking it easy.","sunglasses, pool, poolside, lounge-chair, towel, vacation, summer, drink, cocktail, lemon, umbrella, relaxing, chill, mountains",photo_1543_0.jpg
1542,https://t.me/jotchuacontent/1542,photo,2026-08-06 09:07:38,Crypt Prin,"Jotchua in a cowboy hat, red bandana, vest, and fringed chaps rides a bucking black-and-white bull, one paw in the air. A banner in the rodeo arena reads RIDE 'EM BOY! Send this when you are hanging on, showing off, or the ride is wild.","cowboy, cowboy-hat, bandana, chaps, vest, bull, bull-riding, rodeo, bucking, arena, crowd, banner, waving",photo_1542_0.jpg
1541,https://t.me/jotchuacontent/1541,photo,2026-08-06 09:07:35,Crypt Prin,"Jotchua rides a bucking bull in a rodeo arena and waves a brown cowboy hat. He wears a red bandana, a fringed leather vest, and chaps, with a rope around the bull. A fence banner reads rodeo. Send this when you are hanging on or showing off the ride.","rodeo, bull, cowboy, cowboy-hat, hat, bandana, riding, chaps, fringe, vest, horns, dust, waving, arena, crowd, bucking, rope, star",photo_1541_0.jpg
1539,https://t.me/jotchuacontent/1539,photo,2026-08-06 09:07:33,Crypt Prin,"Hooded Jotchua in a red robe sits inside a chalk circle, candles and torches around him, with more robed figures behind and an eye-in-a-triangle banner. The same eye is on his medallion. Send this for a cult, a ritual, or joining the group.","cult, hood, robe, ritual, candles, torches, illuminati, all-seeing-eye, triangle, medallion, circle, banner, occult, red, ceremony",photo_1539_0.jpg
1538,https://t.me/jotchuacontent/1538,photo,2026-08-06 09:07:33,Crypt Prin,"Jotchua sits at a casino poker table in a black fedora, pinstripe vest, and bow tie, holding the ace and king of spades. An ace of spades and a face-down card stick out of the hat, chips and a glass of whiskey sit on the felt, and the neon sign says all in. Send this when you are shoving or going all in.","poker, cards, gambling, casino, all-in, ace-king, spades, chips, poker-chips, whiskey, fedora, hat, bow-tie, vest, pinstripe, shirt, neon, face-down, shove",photo_1538_0.jpg
1537,https://t.me/jotchuacontent/1537,photo,2026-08-06 09:07:32,Crypt Prin,"Jotchua sits at a wooden table in a black hoodie and a PUP LIFE cap, gold dollar chain on, one paw on a stack of cash. A cardboard PUPPY PLUG sign is behind him, with a large bag of weed and small baggies of white powder on the table. Send this for the plug or the hustle.","dealer, plug, weed, marijuana, drugs, powder, baggies, cash, money, wealth, stacks, gold-chain, dollar-sign, hoodie, cap, sign, cardboard, paw-print, table, hustle, pup-life",photo_1537_0.jpg
1536,https://t.me/jotchuacontent/1536,photo,2026-08-06 09:07:32,Crypt Prin,"Jotchua holds a brown leather wristwatch up against his chest and looks at the camera with a serious face. Send this when someone is late, you are waiting, or it is time to go.","watch, wristwatch, time, late, waiting, impatient, checking, leather, serious",photo_1536_0.jpg
1535,https://t.me/jotchuacontent/1535,photo,2026-08-06 09:07:31,Crypt Prin,"Jotchua holds one paw high, pads toward the camera, like a wave hello. Send this when you are saying hi or greeting someone.","waving, wave, hello, hi, paw, pads, greeting, cute",photo_1535_0.jpg
1534,https://t.me/jotchuacontent/1534,photo,2026-08-06 09:07:31,Crypt Prin,"Jotchua hangs in the air above a trampoline, front paws spread and hind legs dangling, with the safety net, blue sky, and mountains behind him. Send this when you are bouncing, jumping, or midair.","trampoline, jumping, jump, bouncing, bounce, midair, airborne, sky, net, safety-net",photo_1534_0.jpg
1533,https://t.me/jotchuacontent/1533,photo,2026-08-06 09:07:30,Crypt Prin,"Jotchua waves a paw so fast it blurs, close to the lens. Send this for an excited hello, a bye, or when you cannot sit still.","waving, wave, paw, blur, motion-blur, hello, bye, goodbye, happy, smile, smiling, joy, excited, wholesome",photo_1533_0.jpg
1532,https://t.me/jotchuacontent/1532,photo,2026-08-06 09:07:29,Crypt Prin,"Jotchua sticks his tongue out in a blep and lifts one paw toward the camera. Send this as a hello, a blep, or a little wave.","tongue, blep, paw, waving, hello, pads, greeting, cute",photo_1532_0.jpg
1531,https://t.me/jotchuacontent/1531,photo,2026-08-06 09:07:27,Crypt Prin,"Jotchua wears aviators and a gold chain with a diamond dollar-sign pendant and holds two banded stacks of cash marked $10,000, with money bags and an open briefcase behind him. Send this when you are rich or the bag just hit.","sunglasses, aviators, gold-chain, dollar-sign, diamond, pendant, cash, stacks, money-bags, briefcase, hundreds, ten-thousand, flex, winning, success, bullish, moon, pump, rich, money, wealth",photo_1531_0.jpg
1530,https://t.me/jotchuacontent/1530,photo,2026-08-06 09:07:26,Crypt Prin,Jotchua smiles at the camera while a house burns behind him. Send this when everything is on fire and you are acting fine.,"fire, flames, burning, house, smoke, chaos, disaster, unbothered, this-is-fine",photo_1530_0.jpg
1529,https://t.me/jotchuacontent/1529,photo,2026-08-06 09:07:25,Crypt Prin,"Jotchua wears a pink glitter fairy dress with wings, a tiara, and a star wand. Send this when you are the fairy, the princess, or just extra cute.","fairy, princess, pink, costume, wings, wand, tiara, crown, tutu, glitter, sparkle, dress, magic, cute",photo_1529_0.jpg
1528,https://t.me/jotchuacontent/1528,photo,2026-08-06 09:07:25,Crypt Prin,"Jotchua's head is the volcano, lava bursting from the crater on top of his skull and running down the slopes, smoke pouring into an orange sky. Send this when you are erupting, blowing up, or at the peak.","volcano, lava, eruption, erupting, exploding, explosion, smoke, fire, flames, mountain, ash, magma, peak",photo_1528_0.jpg
1527,https://t.me/jotchuacontent/1527,photo,2026-08-06 09:07:24,Crypt Prin,"Chef Jotchua, in a white chef hat and apron with flour on his face, rolls dough beside a tray of chocolate chip cookies. The chalkboard says baking makes life sweeter. Send this when you are baking or in the kitchen.","baking, baker, chef, chef-hat, apron, flour, cooking, kitchen, rolling-pin, dough, cookies, chocolate-chip, mixer, cookie-cutter, cute",photo_1527_0.jpg
1526,https://t.me/jotchuacontent/1526,photo,2026-08-06 09:07:23,Crypt Prin,"Jotchua holds both muddy paws up with his tongue out as confetti falls, a kiddie pool, beach ball, and toys behind him. Send this when you are celebrating or the party is on.","celebrating, celebration, confetti, party, cheering, tongue, paws-up, muddy, pool, kiddie-pool, beach-ball, toys, happy, smile, smiling, joy, excited, wholesome",photo_1526_0.jpg
1525,https://t.me/jotchuacontent/1525,photo,2026-08-06 09:07:23,Crypt Prin,Jotchua holds a red-and-white megaphone up by his muzzle. Send this when you have an announcement or need everyone to hear it.,"megaphone, bullhorn, announcement, announcing, shouting, loud, speaking, red-and-white",photo_1525_0.jpg
1524,https://t.me/jotchuacontent/1524,photo,2026-08-06 09:07:22,Crypt Prin,"Jotchua stands on a cabin porch at sunrise, one paw on the rail, holding a coffee mug that reads good morning pawsome people. A rocking chair and a welcome mat are on the porch. Send this as a good morning.","coffee, mug, morning, good-morning, porch, sunrise, rocking-chair, welcome-mat, mountains, cabin, pawsome, paw-print, cute, happy, smile, smiling, joy, excited, wholesome",photo_1524_0.jpg
1523,https://t.me/jotchuacontent/1523,photo,2026-08-06 09:07:22,Crypt Prin,"Jotchua trots on a treadmill at the gym, a front paw and a hind paw lifted, with a dumbbell rack and an exercise ball behind him. Send this when you are working out, running, or on the grind.","treadmill, running, gym, workout, exercise, cardio, dumbbells, weights, exercise-ball, fitness",photo_1523_0.jpg
1522,https://t.me/jotchuacontent/1522,photo,2026-08-06 09:07:21,Crypt Prin,"Jotchua wears a blonde Donald Trump combover, the swoop sitting over his forehead. Send this when the hair is the whole joke.","donald-trump, hair, wig, combover, blonde, swoop, hairstyle, forehead",photo_1522_0.jpg
1521,https://t.me/jotchuacontent/1521,photo,2026-08-06 09:07:20,Crypt Prin,"Jotchua peeks out of a fluffy brown bear costume, the hood's ears and snout framing his face. Send this when you are being a bear, or just cute in the suit.","bear, costume, onesie, fluffy, brown, hood, ears, snout, plush, sitting, claws, cute",photo_1521_0.jpg
1520,https://t.me/jotchuacontent/1520,photo,2026-08-06 09:07:17,Crypt Prin,"Jotchua stands upright with a shredded bodybuilder torso, abs and biceps cut under the fur. Send this when the gym paid off or you are jacked.","muscles, ripped, abs, shredded, biceps, bodybuilder, gym, jacked, torso, standing, physique",photo_1520_0.jpg
1519,https://t.me/jotchuacontent/1519,photo,2026-08-06 09:07:16,Crypt Prin,"Jotchua sits in a black gorilla suit with a sculpted, muscular chest. Send this for the ape costume, or when you are built like that.","gorilla, costume, ape, muscles, abs, fur, black, chest, sitting, muscular, bodybuilder",photo_1519_0.jpg
1518,https://t.me/jotchuacontent/1518,photo,2026-08-06 09:07:15,Crypt Prin,"Jotchua sits at the wheel on a desert highway at sunset, front paws on top of the steering wheel while a pair of human hands grip it below. A green sign reads all roads lead to Jotchua. Send this for a road trip, or when every path ends here.","driving, car, steering-wheel, road-trip, highway, desert, sunset, mountains, sign, hands, road-sign",photo_1518_0.jpg
1517,https://t.me/jotchuacontent/1517,photo,2026-08-06 09:07:14,Crypt Prin,"Jotchua holds one ear straight up with a paw, pads against the ear, while the other ear flops, and looks at the camera. Send this when you are confused, curious, or did not catch that.","ear, ears, paw, pads, holding, flopped, curious, confused, listening, huh, reaction",photo_1517_0.jpg
1514,https://t.me/jotchuacontent/1514,photo,2026-08-06 05:55:25,Kade,"Jotchua's head is on a man in a blue polo who steadies an older man on a walker. The older man's head is a smiling cartoon house with a red roof. They stand on a garden path. Send this when you are helping grandpa, or the house is the one out for a walk.","grandpa, elderly, walker, helping, house, cartoon, garden, polo, man, male, guy, caretaker",photo_1514_0.jpg
1513,https://t.me/jotchuacontent/1513,photo,2026-08-05 22:44:20,Titus,"Jotchua fills the main screen at Solana Breakpoint in Lisbon. The side screen has the Solana mark and the Breakpoint circle, SOLANA is lit on the stage, and a crowd faces two people in chairs. Send this when you are on the big screen at the conference.","solana, breakpoint, lisbon, portugal, conference, stage, screen, crowd, audience, presentation, keynote, lights",photo_1513_0.jpg
1512,https://t.me/jotchuacontent/1512,photo,2026-08-05 22:31:30,Titus,"A woman in a white shirt and pink pants rides a small bike through a sunny plaza, wearing a grey-and-white cat hood with Jotchua's face in the opening. A number 1 tag hangs on the bars. Send this for the costume ride or bike number one.","bike, bicycle, riding, costume, cat, cat-hood, woman, female, number-1, plaza, shirt, pink",photo_1512_0.jpg
1511,https://t.me/jotchuacontent/1511,photo,2026-08-05 02:08:47,Shravan Anand,"Jotchua holds a low kung fu stance in a dirt courtyard, fists up, in a light blue henley and black pants, bare paws planted. A Chinese door with red paper and banners is behind him. Send this when you are ready to fight or posted in the stance.","kung-fu, martial-arts, fighting, pose, fists, stance, courtyard, china, barefoot, henley, banners",photo_1511_0.jpg
1506,https://t.me/jotchuacontent/1506,photo,2026-08-04 20:33:27,Shravan Anand,"Jotchua leans out of an open ceiling hatch and looks down, with attic beams behind him and recessed lights in the ceiling. Send this when you are lurking upstairs or checking what is going on below.","ceiling, peeking, attic, hatch, hiding, trapdoor, lights, lurking",photo_1506_0.jpg
1505,https://t.me/jotchuacontent/1505,sticker,2026-08-04 12:40:30,Oowee,"A rounded pixel sticker shows a blocky Jotchua on stone tiles and grass, with Lvl 30 and his name above the sprite. Send this when you just hit the level or you are the character.","pixel, pixel-art, sticker, game, rpg, level-30, sprite, character",1505_sticker.webp
1504,https://t.me/jotchuacontent/1504,photo,2026-08-04 00:10:44,Rishabh Rai,Jotchua holds up a gold trophy whose plaque says WELL DONE. Big text says GOOD JOB !!! and HERE IS YOUR TROPHY. Send this when someone did the thing and you are handing them the win.,"trophy, award, gold, good-job, well-done, congratulations, praise, winner, champion, winning, success, bullish, moon, pump, rich",photo_1504_0.jpg
1503,https://t.me/jotchuacontent/1503,photo,2026-08-04 00:10:43,Rishabh Rai,"A man in a black t-shirt hides Jotchua in a white paper bouquet behind his back. Down the hall, a woman with glasses covers her mouth. Send this for a surprise gift or a cute reveal.","bouquet, paper, gift, surprise, present, wrapping, hallway, glasses, cute, love, heart, crush, happy, smile, smiling, joy, excited, wholesome, woman, female, man, male, guy",photo_1503_0.jpg
1502,https://t.me/jotchuacontent/1502,photo,2026-08-04 00:10:43,Rishabh Rai,"Jotchua peeks over a row of dice. The front faces spell Jotchua in black, and the tops of the first three spell WIN in red. Send this when you won.","dice, win, gambling, letters, spelling, peeking, winner, winning, success, bullish, moon, pump, rich",photo_1502_0.jpg
1501,https://t.me/jotchuacontent/1501,photo,2026-08-04 00:10:42,Rishabh Rai,"Jotchua peeks out of an open silver coffin on a blue-lit stage, with wrestling-ring ropes in the dark behind it. Send this for a dramatic entrance, or when you are not actually dead.","coffin, casket, wrestling, ring, stage, peeking, entrance, lights, blue",photo_1501_0.jpg
1500,https://t.me/jotchuacontent/1500,photo,2026-08-03 22:35:49,Titus,"A lidded paper coffee cup on an office desk has Jotchua printed on the sleeve and his name on the cup, followed by a quotation mark. A pen and notebook sit beside it. Send this for the office coffee or the branded cup.","coffee, cup, sleeve, lid, office, desk, pen, notebook, quote",photo_1500_0.jpg
1499,https://t.me/jotchuacontent/1499,photo,2026-08-03 22:10:09,L,"In black and white, a jacked Jotchua stares into the camera with a huge neck and shoulders. The text says YES. Send this when the answer is yes.","yes, muscles, muscular, buff, black-and-white, stare, serious, shirtless, neck, approve",photo_1499_0.jpg
1498,https://t.me/jotchuacontent/1498,photo,2026-08-03 22:10:08,L,"The graphic yells why Jotchua is so unraped, over a green candle chart and an up arrow. A ticker box shows 12.00000 and +99999% today beside a Jotchua Mode alert. An investigation report stamped top secret says the cause is unknown, a sticky says experts can't explain, and the breaking-news banner says the masses are in shock. Send this for an absurd vertical pump.","breaking-news, alert, chart, candlestick, arrow, investigation, top-secret, experts, shock, unraped, ticker, 4sdt, headline, winning, success, bullish, moon, pump, rich, money, cash, wealth",photo_1498_0.jpg
1497,https://t.me/jotchuacontent/1497,photo,2026-08-03 22:10:07,L,"On a purple collage, Jotchua's skull is open on a brain, one puppy hangs upside down above it, and more puppies are pasted around the frame. A wifi logo, a cell tower, skulls, and a hand fill the background. Send this for the conspiracy cut, wifi, or 5G.","conspiracy, brain, wifi, 5g, cell-tower, skulls, collage, purple, hand, upside-down, open-head",photo_1497_0.jpg
1496,https://t.me/jotchuacontent/1496,photo,2026-08-03 06:36:43,Oowee,"In a colored Flammarion-style print, a figure in a red robe kneels and reaches past the starry edge of the sky. Jotchua is the sun, and people gather by a fire in the cave under the hill. Send this when you are looking past the firmament or at what is underneath.","flammarion, engraving, firmament, stars, sun, crescent, cave, fire, sky, veil, cosmos, tree, robe, illustration, rainbow, frame",photo_1496_0.jpg
1495,https://t.me/jotchuacontent/1495,photo,2026-08-03 06:32:44,Oowee,"Jotchua holds up a green-and-gold swirl mask in a painted field of marigolds and a monarch butterfly, while two eyes watch from the dark leaves overhead. Send this when you are hiding behind a mask or something is watching.","mask, disguise, hiding, eyes, watching, butterfly, monarch, flowers, marigold, sunset, mountains, painting, surreal, scared, fear, horror, creepy",photo_1495_0.jpg
1494,https://t.me/jotchuacontent/1494,photo,2026-08-03 03:40:01,Oowee,"Jotchua sits on a small suitcase in the desert beside a bigger one and a weathered wooden door, while a flying saucer hangs over the red cliffs. Send this when you are waiting to be picked up or the aliens are here.","ufo, alien, flying-saucer, suitcase, luggage, desert, waiting, travel, canyon, door",photo_1494_0.jpg
1493,https://t.me/jotchuacontent/1493,photo,2026-08-03 01:26:36,Shravan Anand,"Jotchua sits at a desk with paws folded, an open handwritten notebook and a pen in front of him and a laptop to the side. Send this when you are studying, working, or locked in.","studying, working, laptop, notebook, desk, pen, homework, writing, focused, office",photo_1493_0.jpg
1492,https://t.me/jotchuacontent/1492,photo,2026-08-02 08:58:49,peacefuldestroy,"Jotchua stands in the vocal booth behind the studio glass, next to a microphone and a water bottle, with the speaker and the session on the screen outside. Send this when you are in the booth or about to record.","studio, recording-studio, vocal-booth, booth, microphone, mic, speaker, recording, music, water-bottle, acoustic-foam",photo_1492_0.jpg
1491,https://t.me/jotchuacontent/1491,photo,2026-08-02 04:37:50,Shravan Anand,"Jotchua's head is on a man in a brown suit and patterned tie, both hands up in a wood-paneled room like he is walking a jury through it. Send this when you are explaining, lawyering, or making the case.","lawyer, attorney, suit, tie, vest, explaining, gesture, hands, plaque, wood, man, male, guy",photo_1491_0.jpg
1490,https://t.me/jotchuacontent/1490,photo,2026-08-01 19:31:16,Kade,"A meteor with Jotchua's face streaks down while a T. rex roars up at it. A triceratops stands on the path in a green prehistoric valley, and another dinosaur is in the grass behind him. Send this when the impact is coming or it is the end.","dinosaur, t-rex, triceratops, meteor, asteroid, extinction, prehistoric, impact, roaring, jurassic, valley",photo_1490_0.jpg
1485,https://t.me/jotchuacontent/1485,photo,2026-07-31 20:00:01,Shravan Anand,"Jotchua wears thick black glasses, a black leather jacket, and a black shirt with RUSH in red, shot close in a motion-blurred hallway. Send this when you are in a rush or pulling up.","rush, glasses, leather-jacket, jacket, shirt, motion-blur, hallway, close-up",photo_1485_0.jpg
1484,https://t.me/jotchuacontent/1484,photo,2026-07-31 01:35:51,Shravan Anand,"Jotchua, in a grey tank top with a glowing arc reactor, shoves a red Iron Man gauntlet at the camera and fires the repulsor. Armor and workshop screens sit behind him. Send this when you are blasting in or locked on a target.","iron-man, marvel, avengers, superhero, repulsor, gauntlet, arc-reactor, tank-top, armor, workshop, blast, glowing, wires",photo_1484_0.jpg
1483,https://t.me/jotchuacontent/1483,photo,2026-07-30 22:54:31,Titus,A clear acrylic block printed with Jotchua stands on a white desk beside a beige tumbler. The bottle has a line drawing of his face with hearts and sparkles. Send this when the merch showed up or the desk is set.,"acrylic, photo-block, block, tumbler, bottle, thermos, water-bottle, merch, desk, drawing, hearts, sparkles, custom",photo_1483_0.jpg
1482,https://t.me/jotchuacontent/1482,photo,2026-07-30 18:10:21,Kade,A split photo puts a crowded family dinner at a set table on the left and Jotchua looking out from the attic above wooden pull-down stairs on the right. Send this when you are skipping the gathering or hiding while everyone else eats.,"split-screen, family, dinner, table, attic, stairs, hiding, introvert, woman, female, man, male",photo_1482_0.jpg
1481,https://t.me/jotchuacontent/1481,photo,2026-07-30 04:58:22,Shravan Anand,"Jotchua sits on the spire of the Burj Khalifa in a dark t-shirt and cuffed jeans, one paw on the rail and his feet dangling, Dubai and the fountain below him at sunset. Send this when you made it, you are on top, or the view is the flex.","dubai, burj-khalifa, skyscraper, spire, city, skyline, sunset, sitting, t-shirt, jeans, fountain, winning, success, bullish, moon, pump, rich",photo_1481_0.jpg
1480,https://t.me/jotchuacontent/1480,photo,2026-07-29 23:21:16,Shravan Anand,"Jotchua's head is on a muscular body in a sweaty gray t-shirt and dark pants, perched on a rooftop at sunset, one hand on a yellow rail and the other gripping a vertical pole. Send this for a dramatic rooftop pose or when you are holding on.","rooftop, sunset, muscles, muscular, t-shirt, sweat, railing, pole, pose, man, male, guy",photo_1480_0.jpg
1479,https://t.me/jotchuacontent/1479,photo,2026-07-29 23:07:53,Kade,"Jotchua swims in rough dark water, paws on the waves, while a tall sailing ship with white sails rides the sea under a heavy sky. Send this when you are in over your head, out at sea, or just keeping afloat.","swimming, ocean, waves, ship, sailing-ship, sails, storm, painting",photo_1479_0.jpg
1478,https://t.me/jotchuacontent/1478,photo,2026-07-29 22:52:45,Titus,"Jotchua stands at a dark podium with a microphone and a round eagle seal, blue curtains behind him, and adjusts his glasses with one paw. Send this for a speech, a press conference, or when you are about to make it official.","glasses, podium, microphone, speech, press-conference, curtain, seal, eagle, president, official",photo_1478_0.jpg
1476,https://t.me/jotchuacontent/1476,video,2026-07-29 02:29:13,peacefuldestroy,"Jotchua snaps through filters with ""jotchua."" stamped on every shot, including square glasses, a Minecraft diamond helmet and sword in the Nether beside a wolf, a cow hoodie, laser eyes, an x-ray, a halo over a bed, a Pokemon cap, a blue-and-gold crown, a green checkered hat at a party with balloons, a fedora with red sunglasses, a gold bar, and a Pepe patch, SpongeBob holding him in a briefcase, Pikachu, and a red apple. Send this for a costume montage or when you keep turning into the next thing.","video, morph, costume, text, glasses, minecraft, helmet, sword, nether, cow, laser-eyes, x-ray, halo, pokemon, pikachu, crown, clash-royale, party, spongebob, briefcase, apple, pepe, fedora, sunglasses, gold",1476_IMG_0170.MOV
1475,https://t.me/jotchuacontent/1475,photo,2026-07-29 01:12:27,Kade,"Jotchua in a navy suit and tie is in front of Paul Rudd, who wears a blue plaid suit and looks off to the side with his mouth open, in a glass office. Send this when the person next to you just clocked the news, or you are the calm one in the suit.","suit, tie, plaid, office, glass, paul-rudd, man, male, guy, surprised",photo_1475_0.jpg
1474,https://t.me/jotchuacontent/1474,photo,2026-07-29 00:59:30,Kade,"In a library illustration, Jotchua in a green sweater and red scarf types on a laptop under a poster that says ""Lofi Beats for BEGINNERS,"" with coffee, a phone, papers, and plush toys on the desk. Send this when you are studying, working, or locked into a lofi session.","illustration, library, studying, laptop, lofi, sweater, scarf, coffee, phone, books, desk, plush, lamp, cute",photo_1474_0.jpg
1473,https://t.me/jotchuacontent/1473,photo,2026-07-28 21:41:52,Shravan Anand,"Jotchua stands on the beach at sunset in a black bathrobe, holding a big gray brick phone with an antenna to his ear. A low building sits on the horizon. Send this when you are calling from vacation or answering in a robe.","phone, call, brick-phone, antenna, bathrobe, beach, sunset, vacation",photo_1473_0.jpg
1472,https://t.me/jotchuacontent/1472,photo,2026-07-28 00:20:15,Shravan Anand,"Jotchua sits at a dark bar in a black suit, white shirt, and floral tie, holding a lit cigarette with smoke rising and a glass ashtray on the table. Send this when you are brooding, on a smoke break, or posted up for the night.","smoking, cigarette, smoke, suit, tie, floral, shirt, ashtray, bar, lounge, night",photo_1472_0.jpg
1471,https://t.me/jotchuacontent/1471,photo,2026-07-27 04:04:28,Kade,"Jotchua peeks through a tall white window in a minimalist building, a small coffee cup on the ledge and blue sky in the opening beside him. Send this for a quiet morning, coffee, or checking in from the window.","coffee, cup, window, peeking, architecture, minimalist, sky, morning, ledge",photo_1471_0.jpg
1470,https://t.me/jotchuacontent/1470,photo,2026-07-27 04:04:27,Kade,"Jotchua's face is set in a night collage of flowers, butterflies, a bright star, and a mountain. Send this when something is blooming, pretty, or just a soft post.","flowers, garden, butterfly, stars, night, mountain, collage, illustration, blooming, cute",photo_1470_0.jpg
1469,https://t.me/jotchuacontent/1469,video,2026-07-27 01:15:00,Titus,"Jotchua stares, pants with his tongue out, then turns his head away under the text ""Like for what?"" Send this when a like, a request, or the whole bit makes no sense.","video, staring, tongue, confused, blank-stare, looking-away, text, reaction, like-for-what, deadpan",1469_file_1469_0.mp4
1468,https://t.me/jotchuacontent/1468,video,2026-07-27 01:14:37,Titus,"Jotchua stares, tilts his head with his tongue out, then looks back at the camera under the text ""When you realize your life is just a meme in the hills."" Send this for a sudden realization or when it just hit you.","video, head-tilt, realization, staring, tongue, hills, text, reaction, outdoors",1468_file_1468_0.mp4
1466,https://t.me/jotchuacontent/1466,photo,2026-07-27 01:05:51,Kade,"Jotchua's face sits in the middle of a tight flock of sheep, the same height as the herd. Send this when you are hiding in the crowd, blending in, or pretending you are one of them.","sheep, flock, herd, wool, hiding, crowd, blend-in, camouflage",photo_1466_0.jpg
1465,https://t.me/jotchuacontent/1465,photo,2026-07-26 20:12:39,Shravan Anand,"Jotchua lies on the rocks with a sniper rifle, one paw on the gun, and a tiny copy of his face in the scope lens, mountains behind him. Send this when you are locked in, aiming, or watching from far away.","sniper, rifle, gun, scope, aiming, mountains, rocks, focused",photo_1465_0.jpg
1464,https://t.me/jotchuacontent/1464,photo,2026-07-26 19:12:59,Shravan Anand,"Jotchua as Morpheus, in a dark coat and leather gloves, holds up a card that shows a puppy photo and pulls his coat open with the other hand. Send this for a Matrix choice or when you are offering someone the card.","matrix, morpheus, coat, gloves, card, photo, offering, choice",photo_1464_0.jpg
1463,https://t.me/jotchuacontent/1463,photo,2026-07-26 16:30:53,Rishabh Rai,"Jotchua stands on the dirt in round glasses and a yellow duck floatie, a plastic chair and hills behind him. Send this when you are dressed for the water and still on land, or just committing to the duck.","glasses, duck, floatie, inner-tube, yellow, costume, chair, outdoors, standing, cute",photo_1463_0.jpg
1462,https://t.me/jotchuacontent/1462,photo,2026-07-26 16:30:52,Rishabh Rai,"Jotchua's ID card lists the name Jotchua and age one month. The sex line reads ""I fuck fudders whole day,"" and the occupation reads ""Not a Jobtchua, I'm a Freetchua."" Send this as a fake ID or a not-a-job, I'm-free joke.","id-card, form, portrait, fake-id, age, one-month, occupation, freetchua, jobtchua, fudder, text",photo_1462_0.jpg
1461,https://t.me/jotchuacontent/1461,photo,2026-07-26 16:30:52,Rishabh Rai,"Text above reads ""Have fun! I won't worry about you at all,"" and ""Me:"" is Jotchua peeking over a pair of glasses on a black ledge, eyes wide. Send this when you said you would not worry and then immediately did.","glasses, peeking, worried, anxious, nervous, text, reaction, ledge",photo_1461_0.jpg
1460,https://t.me/jotchuacontent/1460,photo,2026-07-26 16:30:51,Rishabh Rai,"The text above says ""I sold my Jotchua, im in so much loss,"" and ""Me:"" is Jotchua on a wet curb at night while a ghost of him flips both middle fingers. Send this when you sold, took the loss, and you are pissed about it.","text, sold, ghost, middle-finger, night, wet, street, sad, upset, down, depressed, emo, down-bad, lonely, broke, rekt, loss, dumped, bearish, failed, ngmi, angry, mad, rage, pissed, annoyed",photo_1460_0.jpg
1459,https://t.me/jotchuacontent/1459,photo,2026-07-26 16:30:51,Rishabh Rai,"Jotchua lies in bed under a blanket, lamp on, giving a thumbs-up beside the text ""I'm fine,"" while a ghost of him throws both paws up behind the headboard. Send this when you are not fine and saying you are anyway.","bed, blanket, pillow, lamp, thumbs-up, ghost, text, im-fine, denial, flailing, sad, upset, down, depressed, emo, down-bad, lonely",photo_1459_0.jpg
1458,https://t.me/jotchuacontent/1458,photo,2026-07-26 16:30:50,Rishabh Rai,"Jotchua's face sticks out of Kenny's orange parka, blue shoes at the bottom, on a plain white background. Send this for a South Park bit or when you are bundled up and saying nothing.","south-park, kenny, parka, orange, blue, shoes, costume, cartoon",photo_1458_0.jpg
1457,https://t.me/jotchuacontent/1457,photo,2026-07-26 16:30:50,Rishabh Rai,"Jotchua stands outdoors by a plastic chair and points straight at the camera under the text ""THAT'S MY BOY."" Send this when you are proud of someone, claiming them, or being the dad about it.","pointing, text, thats-my-boy, proud, dad, chair, outdoors, happy, smile, smiling, joy, excited, wholesome",photo_1457_0.jpg
1456,https://t.me/jotchuacontent/1456,photo,2026-07-26 16:30:49,Rishabh Rai,"Jotchua looms over the night side of Earth with human hands, puppet strings running from his fingers down toward the city lights. Send this when you are pulling the strings, in control, or running the whole thing.","earth, puppet, strings, puppet-master, world, control, night, globe, city-lights, hands",photo_1456_0.jpg
1455,https://t.me/jotchuacontent/1455,photo,2026-07-26 08:08:30,Kade,"Jotchua's head is on a man in a blue sweater, dark jeans, and blue sneakers, standing at a black front door with a cigarette in one hand and the other in his pocket. Send this for a casual fit, waiting outside, or a smoke break.","man, male, guy, sweater, blue-sweater, jeans, sneakers, cigarette, smoking, door, standing, casual",photo_1455_0.jpg
1454,https://t.me/jotchuacontent/1454,photo,2026-07-26 06:26:21,Kade,"Jotchua in a navy suit and patterned tie steps out of a car at night with a cigarette in his mouth, under the yellow line ""We've never been so back."" Send this when the comeback is on, the timeline flipped, or you are so back.","smoking, cigarette, suit, tie, car, night, pocket-square, so-back, comeback, quote, text, winning, success, bullish, moon, pump, rich",photo_1454_0.jpg
1453,https://t.me/jotchuacontent/1453,photo,2026-07-26 06:26:18,Kade,"Jotchua stares out of a painted portrait under the line ""The risk I took was calculated, but man, am I bad at math."" Send this when the bet was not calculated, the math was wrong, or you just got rekt.","math, risk, calculated, mistake, oops, staring, painting, text, quote, sad, upset, down, depressed, emo, down-bad, lonely, broke, rekt, loss, dumped, bearish, failed, ngmi",photo_1453_0.jpg
1452,https://t.me/jotchuacontent/1452,photo,2026-07-26 06:26:17,Kade,"Jotchua kneels in green camo with both paws raised while knives and grenades rain toward a person asleep under a green blanket. Send this when your hands are up, the attack is coming in, or someone is sleeping through the chaos.","soldier, camo, military, hands-up, knives, grenades, bed, cartoon, kneeling, sleep, sleepy, sleeping, nap, tired, bedtime",photo_1452_0.jpg
1451,https://t.me/jotchuacontent/1451,photo,2026-07-26 06:26:14,Kade,"Jotchua in a blue shirt sits at a dark trading desk while Greg Riba fills the monitors, four of them reading ""bet more,"" and the center screen shows a chart ripping green. Send this when you are sizing up, telling someone to bet more, or the chart is already sending.","greg-riba, bet-more, betting, gambling, trading, screens, monitors, chart, desk, keyboard, blue-shirt, man, male, guy, winning, success, bullish, moon, pump, rich",photo_1451_0.jpg
1450,https://t.me/jotchuacontent/1450,photo,2026-07-26 06:26:13,Kade,"A woman with long dark hair, huge black sunglasses, and long leather gloves wears an oversized black T-shirt with dripping gold JOTCHUA lettering and Jotchua's face printed under it. Send this when the merch is the outfit or someone is repping the shirt.","woman, female, t-shirt, graphic-tee, sunglasses, leather, gloves, fashion, merch, earrings, gold, black",photo_1450_0.jpg
1449,https://t.me/jotchuacontent/1449,photo,2026-07-26 06:26:12,Kade,"Jotchua in a black quilted jacket sits in a dark bar booth with three women, bottles and a glass on the table. One woman smokes while another rests a hand on his shoulder. Send this for a night out, the booth, or being out with the group.","bar, night, drinking, bottle, booth, jacket, quilted, woman, female, women, table, drink, cigarette, smoking",photo_1449_0.jpg
1448,https://t.me/jotchuacontent/1448,photo,2026-07-26 06:26:11,Kade,"Jotchua is held up to the camera over a brick hillside neighborhood, a Brazilian flag on the wall, with the bay and a rounded peak beyond the rooftops. Send this for Brazil, Rio, or the view from the hill.","brazil, rio, flag, favela, hillside, city, selfie, bay, sugarloaf, wires",photo_1448_0.jpg
1445,https://t.me/jotchuacontent/1445,photo,2026-07-26 02:12:31,Shravan Anand,"Jotchua in a soaked black leather jacket leans out of a police car on a rainy night street, one paw on the roof and the red light bar flashing. Send this for a chase, getting picked up, or a messy night out.","police, car, night, rain, leather-jacket, city, lights, siren, wet, street",photo_1445_0.jpg
1441,https://t.me/jotchuacontent/1441,photo,2026-07-25 21:49:45,Titus,"Jotchua flies straight at the camera, ears and paws blurred, with gold light rings spinning around him on an orange-to-pink background. Send this when you are coming in hot, locked in, or moving fast.","flying, speed, aura, energy, gold, spinning, motion-blur, orange, pink, fast",photo_1441_0.jpg
1440,https://t.me/jotchuacontent/1440,video,2026-07-25 21:49:36,Titus,"Jotchua starts still outdoors by a plastic chair with mountains behind him, then lifts one paw and then the other over the edge of the mixer. Send this for hello, a little wave, or saying hey.","waving, hello, hi, hey, paws, greeting, mixer, chair, mountains, video, outdoors, cute",1440_file_1440_0.mp4
1439,https://t.me/jotchuacontent/1439,video,2026-07-25 21:49:33,Titus,"Jotchua sits outside by a plastic chair with mountains behind him, then shows up on a DJ mixer, tongue out, between two turntables and a pair of speakers. Send this when the set is on, you are mixing, or the party just started.","dj, turntables, mixing, vinyl, speakers, tongue, outdoors, mountains, chair, party, video, happy, smile, smiling, joy, excited, wholesome",1439_file_1439_0.mp4
1438,https://t.me/jotchuacontent/1438,photo,2026-07-25 01:59:27,Shravan Anand,"Jotchua holds a karate stance in a scuffed white gi, orange belt, and red headband in a neon alley. The HUD says ROUND 1 and FIGHT, with GAME CENTER and FIGHT CLUB signs behind him. Send this when the round is starting or you are locked in to fight.","karate, gi, headband, belt, fists, fighting, fighting-game, alley, neon, fight-club, game-center, round, graffiti, hud",photo_1438_0.jpg
1437,https://t.me/jotchuacontent/1437,photo,2026-07-25 00:53:02,Kade,"Jotchua in a blue shirt and light purple pants holds a bow while an arrow runs straight through the top of his head, with a little blood at the hole. Send this when you did it to yourself, the shot backfired, or the plan was a self-own.","arrow, bow, head, blood, accident, oops, self-own, blue-shirt, cartoon, archery",photo_1437_0.jpg
1436,https://t.me/jotchuacontent/1436,photo,2026-07-24 20:31:59,Kade,"Jotchua in an embroidered beige court coat and white cravat leans on a palace railing, with a blond man in gold on one side and a dark-haired man in a gold brocade coat on the other. Send this for royalty, a formal entrance, or acting above it all.","royalty, palace, balcony, costume, court, gold, cravat, jacket, 18th-century, columns, man, male, guy, french",photo_1436_0.jpg
1435,https://t.me/jotchuacontent/1435,photo,2026-07-24 20:30:16,Shravan Anand,"Jotchua's face fills a JOTCHUA/USDT candlestick chart that sells off in red, marks a green Buy near the lows, then prints one vertical green candle. Send this when you bought the bottom, the chart just sent, or you are staring at the spike.","chart, candlestick, trading, tradingview, usdt, buy, volume, green-candle, spike, winning, success, bullish, moon, pump, rich",photo_1435_0.jpg
1434,https://t.me/jotchuacontent/1434,photo,2026-07-24 08:25:54,Kade,"Jotchua sits in bed in blue sailboat pajamas, a black bull plush against his side and a mug that reads GOOD NIGHT, with a fire in the hearth and stars over the mountains. Send this when you are done for the night, cozy, or signing off.","pajamas, sailboat, bed, mug, good-night, bull, plush, fireplace, stars, night, mountains, cozy, cute, sleep, sleepy, sleeping, nap, tired, bedtime",photo_1434_0.jpg
1433,https://t.me/jotchuacontent/1433,photo,2026-07-24 06:06:40,Kade,"Jotchua fist-pumps at a green casino table while the crowd cheers, but the man in the leather jacket standing in back just stares. Send this when everyone else is celebrating and you are not in it.","casino, gambling, chips, table, cheering, fist, crowd, drink, leather-jacket, staring, unimpressed, man, male, guy, woman, female",photo_1433_0.jpg
1432,https://t.me/jotchuacontent/1432,photo,2026-07-24 02:01:41,Shravan Anand,"Jotchua sits in a navy suit, white shirt, and red patterned tie in a bright office with windows behind him. Send this for a meeting, a serious reply, or getting down to business.","suit, tie, red-tie, office, business, formal, serious, window, portrait",photo_1432_0.jpg
1431,https://t.me/jotchuacontent/1431,photo,2026-07-24 00:29:57,Kade,"Jotchua wears a fanged bear-head hood and a strapped fur cloak in a snowy mountain valley, with a figure standing by the trees behind him. Send this for a winter fit, the wild, or looking rugged out in the cold.","bear, hood, fangs, fur, cloak, snow, winter, mountains, forest, river, costume, leather, cold, wilderness",photo_1431_0.jpg
1430,https://t.me/jotchuacontent/1430,photo,2026-07-23 21:00:49,Titus,"Jotchua in red-and-blue Joker face paint and a split leather jacket rests a sledgehammer on his shoulder while houses burn behind him. Send this when it is chaos, unhinged, or the whole block is on fire.","joker, makeup, face-paint, leather-jacket, sledgehammer, hammer, fire, flames, burning, houses, chaos, unhinged",photo_1430_0.jpg
1429,https://t.me/jotchuacontent/1429,photo,2026-07-23 19:51:44,Kade,"Jotchua in an open white shirt steers a yacht along a sunny rocky coast, a black cap on the table beside him and a wake in the blue water. Send this when you are on the boat, flexing, or the day is already a win.","yacht, boat, steering, wheel, shirt, cap, ocean, coast, mountains, sunny, wake, wealth, money, cash, winning, success, bullish, moon, pump, rich",photo_1429_0.jpg
1428,https://t.me/jotchuacontent/1428,photo,2026-07-23 19:41:36,Kade,"Jotchua fist-pumps at a green casino table while the crowd cheers with arms up and chips on the felt. A man at the rail shouts with a drink in his hand. Send this when the table just hit, you are up, or everyone is winning together.","casino, gambling, chips, table, cheering, fist, crowd, drink, man, male, guy, woman, female, happy, smile, smiling, joy, excited, wholesome, winning, success, bullish, moon, pump, rich",photo_1428_0.jpg
1427,https://t.me/jotchuacontent/1427,photo,2026-07-23 19:34:08,Shravan Anand,"Jotchua stares blank at the camera with LOADING... across his forehead and a dotted spinner circling above his head. Send this when you are buffering, lagging, or the brain has not loaded.","loading, buffering, spinner, thinking, blank, stare, waiting, lag, outdoors",photo_1427_0.jpg
1426,https://t.me/jotchuacontent/1426,photo,2026-07-23 19:33:49,Kade,"Jotchua eats a croissant at a breakfast table on a terrace above a blue bay, with coffee, orange juice, berries, and bread set out. White houses stack down the cliff behind him, the Positano look. Send this for breakfast, vacation, or a slow morning.","breakfast, croissant, coffee, orange-juice, fruit, berries, vacation, seaside, positano, amalfi, italy, terrace, food, cliff, ocean, bread, cute",photo_1426_0.jpg
1423,https://t.me/jotchuacontent/1423,photo,2026-07-23 01:08:57,Shravan Anand,"Gym-trainer Jotchua, in a black shirt that says Jotchua with a paw print and a whistle on a cord, points at you and holds a clipboard titled Today's Plan: no pain, no excuses, stay strong, be consistent, eat well, train hard, repeat. The wall behind him says Stronger Than Yesterday. Send this for the workout, the coach check, or getting told to lock in.","gym, trainer, coach, pointing, clipboard, whistle, workout, dumbbells, motivation, shirt, watch, stronger-than-yesterday, todays-plan, no-excuses, train-hard, weights, paw-print",photo_1423_0.jpg
1422,https://t.me/jotchuacontent/1422,photo,2026-07-23 00:08:14,Oowee,"Painted like an old oil portrait, Jotchua in a black cap and a dark robe holds up a glass of white wine. Send this for wine, a toast, or the monk with a drink.","monk, wine, white-wine, glass, painting, portrait, robe, cap, drinking, oil-painting, toast, black",photo_1422_0.jpg
1421,https://t.me/jotchuacontent/1421,photo,2026-07-22 20:51:39,Kade,"In a hand-drawn cartoon, Jotchua wears a brown pointed hat and a heavy cloak inside a stone cottage. One paw holds up a plain mug and the other rests on a dark staff. Send this for the medieval fit, or a quiet toast.","medieval, cloak, hat, mug, cup, staff, cartoon, stone, cottage, toast, brown, pointed-hat",photo_1421_0.jpg
1405,https://t.me/jotchuacontent/1405,photo,2026-07-22 03:17:40,Shravan Anand,"Jotchua leans on a wooden table in a stone tavern, wearing a brown quilted vest over a cream ribbed sweater, warm lamplight on his face. Send this when you are posted up at the inn.","tavern, medieval, vest, sweater, table, inn, fantasy, lamplight, leaning, quilted, stone",photo_1405_0.jpg
1404,https://t.me/jotchuacontent/1404,photo,2026-07-22 03:11:25,Kade,Jotchua wears a white Hello Kitty hat with a pink bow and a pink shirt printed with the Hello Kitty face and name. Send this for the cute costume.,"hello-kitty, pink, costume, bow, hat, shirt, cute, sanrio, white",photo_1404_0.jpg
1402,https://t.me/jotchuacontent/1402,photo,2026-07-21 22:51:19,Kade,"In a black-and-white sketch, Jotchua sits on the ground with one knee up, arms folded over it and his chin on his arms, one dress shoe stretched out in front. Send this when you are sad, alone, or just sitting with it.","sad, upset, down, depressed, emo, down-bad, lonely, sitting, sketch, drawing, black-and-white, ink, knees, shoes, line-art",photo_1402_0.jpg
1401,https://t.me/jotchuacontent/1401,photo,2026-07-21 22:38:29,Kade,"Seen from behind, a tiny Jotchua in a blue tunic and fur collar stands on a rock in the surf with a round shield and a sword, facing a colossal horned giant in the fog. Seagulls wheel around them. Send this when you are small and still stepping up to the boss.","giant, monster, ocean, sea, shield, sword, fur, tunic, rock, seagulls, painting, tiny, boss, brave, waves, horns, fog, viking, warrior",photo_1401_0.jpg
1400,https://t.me/jotchuacontent/1400,photo,2026-07-21 22:29:23,Kade,"Jotchua sits wrapped in a white towel, hood up, in a wooden sauna with steam off the rocks, a bench, and a bucket and ladle beside him. Send this when you are in the sauna, unwinding, or done for a bit.","sauna, towel, steam, relaxing, wood, bucket, ladle, heater, spa, bench, hood, cute",photo_1400_0.jpg
1399,https://t.me/jotchuacontent/1399,photo,2026-07-21 16:12:23,Dubi🇨🇭,"Jotchua peeks over a table covered in banded stacks of hundred-dollar bills, with a loose pile of cash on the floor beside it. Send this when you are rich, paid, or flexing the stacks.","money, cash, wealth, bills, stacks, hundred-dollar, table, floor, living-room, winning, success, bullish, moon, pump, rich",photo_1399_0.jpg
1398,https://t.me/jotchuacontent/1398,photo,2026-07-21 06:42:17,B3,"Jotchua, as Gandalf, a white-bearded wizard in a blue pointed hat and a teal robe, rides a rearing white horse under a stormy sky. Send this when the wizard pulls up, or you are making an entrance.","gandalf, wizard, lotr, lord-of-the-rings, horse, white-horse, beard, pointed-hat, robe, riding, rearing, painting, storm, fantasy",photo_1398_0.jpg
1396,https://t.me/jotchuacontent/1396,photo,2026-07-21 04:42:54,peacefuldestroy,"Jotchua sits in a pile of blue CoinMarketCap tokens, the M logo stamped on every coin. Send this for a listing, a market-cap flex, or being buried in coins.","coinmarketcap, coin, tokens, market-cap, mcap, listing, blue, pile, logo, winning, success, bullish, moon, pump, rich, money, cash, wealth",photo_1396_0.jpg
1390,https://t.me/jotchuacontent/1390,photo,2026-07-20 23:34:52,B3,"A ranger with a staff and a sword leads a Lord of the Rings party through a mossy wood. Jotchua, in a green hobbit jacket, walks up front, and a dark rider on a black horse is in the trees behind them. Send this for the hike, the quest, or the company on the road.","lotr, lord-of-the-rings, hobbit, hiking, forest, adventure, ranger, sword, staff, backpack, horse, black-rider, nazgul, moss, painting, quest, man, male, green",photo_1390_0.jpg
1389,https://t.me/jotchuacontent/1389,photo,2026-07-20 23:34:51,B3,"In a mossy forest battle, a warrior in a gold tunic and a white cloak drinks from a raised silver horn, sword in the other hand, while Jotchua-headed fighters stand among the fallen. Send this for a toast in the middle of the fight.","battle, forest, drinking, horn, sword, warrior, medieval, cloak, armor, toast, painting, moss, war, soldiers, man, male, fallen",photo_1389_0.jpg
1388,https://t.me/jotchuacontent/1388,photo,2026-07-20 23:34:50,B3,"Tiny Jotchua stands in a dark hall beside a glowing staff while a horned Balrog with fiery eyes and shadow wings looms over him. Send this when you are facing the boss, or it is you against something huge.","balrog, lotr, lord-of-the-rings, moria, demon, monster, wizard, staff, magic, glowing, tiny, boss, fantasy, horns, wings, cavern",photo_1388_0.jpg
1387,https://t.me/jotchuacontent/1387,photo,2026-07-20 21:14:21,Shravan Anand,"Jotchua strains to push a huge mossy boulder up a rocky slope, mountains behind him and dust kicking off the stones. Send this for the endless grind, an uphill battle, or Sisyphus.","sisyphus, boulder, rock, mountain, pushing, struggle, grind, uphill, myth, endless, slope, dust",photo_1387_0.jpg
1386,https://t.me/jotchuacontent/1386,photo,2026-07-20 14:01:03,peacefuldestroy,"On a Counter-Strike team select, the counter-terrorist side is a whole squad of Jotchua in tactical gear and the terrorist side is men in balaclavas. The wall behind them says Kasbah. Send this when the squad is all you, or it is us versus them.","cs2, csgo, counter-strike, gaming, counter-terrorists, terrorists, squad, team, guns, rifle, tactical, vest, balaclava, kasbah, military, man, male, guy",photo_1386_0.jpg
1384,https://t.me/jotchuacontent/1384,photo,2026-07-20 08:39:23,Oowee,"Jotchua in an orange life vest rides an orange-and-white jet ski through turquoise water, palm trees and a beach behind him. Send this for vacation, summer, or pulling up on the water.","jet-ski, life-vest, beach, ocean, palm-trees, tropical, vacation, summer, waves, turquoise, riding, sunshine",photo_1384_0.jpg
1383,https://t.me/jotchuacontent/1383,photo,2026-07-20 08:37:45,Kade,"Jotchua in a camo vest with a GOOD BOY patch leans on a sniper rifle. In the scope, a hooded figure with pink bows is aiming back, and that smaller scope has another Jotchua in the crosshair. Send this for a sniper standoff or when you have them lined up.","sniper, scope, rifle, military, tactical, vest, camo, good-boy, patch, crosshair, aiming, hood, pink-bow, standoff, mountains",photo_1383_0.jpg
1381,https://t.me/jotchuacontent/1381,photo,2026-07-20 07:51:13,Kade,"Jotchua holds tongs over a seared steak in an open air fryer set to 400°F for 12 minutes. Send this when dinner is on, or you are the one cooking.","cooking, steak, air-fryer, tongs, food, dinner, chef, seared, meat, outdoor",photo_1381_0.jpg
1380,https://t.me/jotchuacontent/1380,photo,2026-07-20 07:42:07,Kade,"Jotchua wears a black cow hoodie with pale horns and floppy ears, outdoors by a plastic chair. Send this for the cow costume.","cow, bull, costume, horns, ears, hoodie, hood, black, cute, outdoor",photo_1380_0.jpg
1379,https://t.me/jotchuacontent/1379,photo,2026-07-20 02:51:35,Pedro Ribeiro,"Office Jotchua, in a blue pinstripe suit and a paisley tie, sits at a cluttered desk and flips both middle fingers while the coworkers around him grin. Send this when you are done with the office or telling them off.","middle-finger, office, suit, tie, pinstripe, paisley, desk, coworkers, phone, papers, rude, disrespect, angry, mad, rage, pissed, annoyed, man, male, guy",photo_1379_0.jpg
1378,https://t.me/jotchuacontent/1378,photo,2026-07-20 02:51:34,Pedro Ribeiro,"Jotchua stares into the camera in black Ray-Ban wayfarers, a plastic chair and dry hills behind him. Send this when you are cool, unbothered, or just chilling.","sunglasses, shades, wayfarer, ray-ban, cool, chill, unbothered, staring, outdoor, mountains, chair, close-up",photo_1378_0.jpg
1377,https://t.me/jotchuacontent/1377,photo,2026-07-20 02:51:34,Pedro Ribeiro,"Jotchua wears a bright red niqab, the cloth wrapped over the head and across the face so only the eyes show. Send this for the red veil.","niqab, hijab, veil, red, eyes, covered, face-covering, headscarf",photo_1377_0.jpg
1376,https://t.me/jotchuacontent/1376,photo,2026-07-20 02:51:33,Pedro Ribeiro,Jotchua sits at a dark table in a black trollface t-shirt and holds up a middle finger. Send this to troll someone or flip them off.,"troll, trollface, middle-finger, flipping-off, shirt, rude, angry, mad, rage, pissed, annoyed",photo_1376_0.jpg
1375,https://t.me/jotchuacontent/1375,photo,2026-07-20 02:51:32,Pedro Ribeiro,"Jotchua in a black tuxedo and red tie clutches thick stacks of banded cash, with shelves of more bills stacked behind him. Send this when you are rich or just got paid.","money, cash, wealth, tuxedo, suit, tie, stacks, bills, dollars, shelves, winning, success, bullish, moon, pump, rich",photo_1375_0.jpg
1374,https://t.me/jotchuacontent/1374,photo,2026-07-20 02:50:43,Pedro Ribeiro,"Jotchua is made of faceted crystal, sparkling like cut diamond. Send this when you are shiny, iced out, or literally crystal.","crystal, diamond, jewel, gem, sparkle, faceted, glass, shiny, transparent, iced-out",photo_1374_0.jpg
1373,https://t.me/jotchuacontent/1373,photo,2026-07-20 02:50:42,Pedro Ribeiro,"Jotchua wears a white sailor cap with a black anchor and rides at the wheel of a wooden motorboat down a Venice canal. Tall buildings stand tight on both sides and the water is glittering. Send this for Venice, a boat day, or being the captain.","boat, venice, canal, sailor, captain, hat, italy, water, motorboat, steering, golden-hour, city, anchor, wheel",photo_1373_0.jpg
1372,https://t.me/jotchuacontent/1372,photo,2026-07-20 02:50:41,Pedro Ribeiro,A gold crown with red gems and clear stones sits on Jotchua's head. Send this when you are the king or taking the crown.,"crown, king, royal, gold, jewels, gems, winning, success, bullish, moon, pump, rich",photo_1372_0.jpg
1371,https://t.me/jotchuacontent/1371,photo,2026-07-20 02:50:40,Pedro Ribeiro,"Jotchua wears a swept blonde wig, gold aviator sunglasses, and a gold chain over a white sleeveless shirt that says Manifest in blackletter. Send this when you are manifesting it.","manifest, manifestation, blonde, wig, sunglasses, aviators, chain, gold-chain, shirt, sleeveless, blackletter, text",photo_1371_0.jpg
1370,https://t.me/jotchuacontent/1370,photo,2026-07-20 02:50:39,Pedro Ribeiro,"Jotchua wears a cream and red jeweled turban, a red tilak, bead necklaces, and a cream sherwani with a red sash. Send this for an Indian wedding or the groom fit.","turban, indian, wedding, groom, sherwani, sash, tilak, beads, necklace, jewelry, gold, red, embroidery, cream",photo_1370_0.jpg
1369,https://t.me/jotchuacontent/1369,photo,2026-07-20 02:50:36,Pedro Ribeiro,Jotchua wears oval white sunglasses with a white Bitcoin logo on each black lens. Send this when you are repping Bitcoin or the shades are the fit.,"bitcoin, btc, sunglasses, shades, white, logo, oval, black, winning, success, bullish, moon, pump, rich",photo_1369_0.jpg
1368,https://t.me/jotchuacontent/1368,photo,2026-07-20 02:50:35,Pedro Ribeiro,"Astronaut Jotchua in a white NASA suit stands on the gray moon, Earth in the black sky and an American flag patch on the sleeve. Send this when it is to the moon.","astronaut, nasa, space, spacesuit, moon, earth, flag, american-flag, helmet, lunar, winning, success, bullish, pump, rich",photo_1368_0.jpg
1367,https://t.me/jotchuacontent/1367,photo,2026-07-20 02:50:34,Pedro Ribeiro,"Jotchua wears a blue muscle suit, gold belt, silver wrist cuffs, and a blue cape, with a silver C inside a circle on the chest. Send this when you are suited up as the hero.","superhero, cape, costume, blue, emblem, c-emblem, logo, muscles, belt, cuffs, gold, hero",photo_1367_0.jpg
1366,https://t.me/jotchuacontent/1366,photo,2026-07-20 02:50:33,Pedro Ribeiro,"Jotchua's face is stretched into a long pale trunk, eyes set high like an elephant snout. Send this when the face looks wrong or something got stretched.","elephant, trunk, snout, long, face, weird, cursed, morph, stretched",photo_1366_0.jpg
1365,https://t.me/jotchuacontent/1365,photo,2026-07-20 02:50:31,Pedro Ribeiro,"Jotchua wears a rusty rounded metal helmet with rivets around the rim, eyes looking out of the face opening. Send this when you are keeping the helmet on.","helmet, rusty, rivets, metal, armor, red, dome, costume",photo_1365_0.jpg
1364,https://t.me/jotchuacontent/1364,photo,2026-07-20 02:39:45,Shravan Anand,"Jotchua in a pinstripe three-piece and a gold chain sits in a black leather chair behind a huge pile of white powder, a whiskey glass and a plastic bag on the desk, night skyline behind him. Red text across the pile reads DOGFACE. Send this for the Scarface boss or the pile.","scarface, dogface, cocaine, powder, drugs, suit, pinstripe, three-piece, boss, mafia, chair, leather, whiskey, gold-chain, chain, skyline, night, text",photo_1364_0.jpg
1359,https://t.me/jotchuacontent/1359,photo,2026-07-19 20:15:12,Shravan Anand,"Jotchua, mouth open, fires a submachine gun in a pinstripe suit on a red carpet, brass casings flying, with security monitors, gold curtains, and an ornate chair behind him. Send this when you are yelling and shooting from the office.","shooting, gun, submachine-gun, machine-gun, suit, pinstripe, office, mansion, monitors, security, cctv, red-carpet, casings, muzzle-flash, mafia, boss, yelling, angry, mad, rage, pissed, annoyed",photo_1359_0.jpg
1358,https://t.me/jotchuacontent/1358,photo,2026-07-19 05:25:56,Shravan Anand,"Jotchua's head is pasted on Tom Cruise as he clings to the side of a cargo plane speeding down a runway, the Mission: Impossible stunt. Send this when you are hanging on or doing something reckless.","tom-cruise, mission-impossible, plane, airplane, stunt, hanging, clinging, runway, suit, action, man, male",photo_1358_0.jpg
1357,https://t.me/jotchuacontent/1357,photo,2026-07-19 04:00:38,Shravan Anand,"Jotchua in a black three-piece, dark red tie, and black gloves fires a belt-fed machine gun down a red-carpet hotel hallway under a chandelier, casings in the air and on the floor. Send this for a John Wick run or when you are clearing the hall.","john-wick, shooting, gun, machine-gun, hotel, hallway, chandelier, red-carpet, suit, casings, bullets, assassin, revenge, action, three-piece, tie, ammo-belt, gloves",photo_1357_0.jpg
1356,https://t.me/jotchuacontent/1356,photo,2026-07-19 04:00:22,Shravan Anand,"Helmetless Jotchua sits in front of rows of helmeted puppies in tactical vests, paw-print flags in the ranks and a giant paw banner on the building, cannons lined up in the back and an American flag on the roof. Send this when you are leading the army.","army, military, soldier, helmet, parade, flag, paw-print, banner, cannon, tactical, vest, troops, leader, american-flag, war",photo_1356_0.jpg
1355,https://t.me/jotchuacontent/1355,photo,2026-07-19 03:58:43,Shravan Anand,"Jotchua in a dark pinstripe suit and a white tie with red marks fires an assault rifle, muzzle flash blazing and shell casings in the air, a framed painting behind him. Send this when you are shooting or going off.","shooting, gun, rifle, assault-rifle, muzzle-flash, bullets, casings, suit, pinstripe, tie, mafia, action, painting",photo_1355_0.jpg
1354,https://t.me/jotchuacontent/1354,photo,2026-07-18 01:19:26,Kade,"Two men walk Jotchua on a leash down a tree-lined road. The younger one, in a black leather jacket and a Bitcoin shirt, holds the leash, and the older one wears sunglasses and a green Gucci tracksuit, with a gray sports car parked behind them. Send this for a walk with the boys or a Bitcoin and designer flex.","walking, leash, street, man, male, guy, bitcoin, btc, leather-jacket, gucci, tracksuit, sunglasses, sports-car, supercar, winning, success, bullish, moon, pump, rich, money, cash, wealth",photo_1354_0.jpg
1353,https://t.me/jotchuacontent/1353,video,2026-07-17 21:22:17,Shravan Anand,"An anime girl drives a light blue Fiat 500 piled with suitcases along a coast. Jotchua rides in the passenger window under the cherry blossoms, then the car keeps going past cliffs, white houses, and a sailboat. Send this for a road trip or getting away.","anime, car, fiat-500, driving, road-trip, luggage, suitcase, cherry-blossoms, coast, ocean, cliff, sailboat, vacation, travel, woman, female, girl, blue, scenic, passenger",1353_file_1353_0.mp4
1352,https://t.me/jotchuacontent/1352,photo,2026-07-17 07:03:35,Shravan Anand,"Jotchua in a black tuxedo and bow tie lights a cigar with a gold lighter, a gold watch on one paw and a diamond ring on the other. Send this for a classy flex or when you are lighting one up.","tuxedo, bow-tie, cigar, smoking, lighter, gold-watch, watch, ring, diamond, suit, classy, winning, success, bullish, moon, pump, rich, money, cash, wealth",photo_1352_0.jpg
1351,https://t.me/jotchuacontent/1351,photo,2026-07-17 07:03:29,Shravan Anand,Jotchua rests a paw on his chin while a thought bubble shows one tall green candle. Send this when you are thinking about the green candle or hoping the next one prints.,"thinking, thought-bubble, chin, paw, candle, green-candle, candlestick, chart, trading, winning, success, bullish, moon, pump, rich",photo_1351_0.jpg
1350,https://t.me/jotchuacontent/1350,photo,2026-07-17 01:45:52,Rishabh Rai,"Jotchua's head glows red and steam pours off it under the text ""Don't over think it"" and ""Me :"". Send this when you were told not to overthink it and your brain is already cooking.","overthinking, overthink, dont-overthink-it, stressed, frustrated, steam, red, head, brain, text, reaction",photo_1350_0.jpg
1349,https://t.me/jotchuacontent/1349,photo,2026-07-17 01:45:25,Rishabh Rai,"A person in a hoodie sits on a grassy hill at dusk, looking up at a night sky where the stars trace Jotchua's face beside the Milky Way. Send this for stargazing or a quiet night outside.","stars, constellation, night, night-sky, milky-way, galaxy, stargazing, hoodie, hill, grass, sitting, person, sky, dusk, face",photo_1349_0.jpg
1348,https://t.me/jotchuacontent/1348,photo,2026-07-17 01:45:24,Rishabh Rai,"Jotchua stands in a city street under an orange sky holding an AK-47 while a police car comes up the road with its lights on. The corner is a GTA hud with AK47, five wanted stars, a cash counter, 07:12, and a minimap, and a liquor store lines the sidewalk. Send this when you are wanted, armed, or already in trouble.","gta, grand-theft-auto, ak-47, gun, rifle, wanted, five-stars, police, cops, liquor, street, gangster, minimap, hud, palm-trees, cash-counter",photo_1348_0.jpg
1347,https://t.me/jotchuacontent/1347,photo,2026-07-17 01:45:24,Rishabh Rai,"Jotchua stands outside a window at night and flips the middle finger, streetlights and houses behind him. Send this when you are done with someone or telling them off.","middle-finger, window, night, city-lights, rude, flip-off, angry, mad, rage, pissed, annoyed, glass, street",photo_1347_0.jpg
1346,https://t.me/jotchuacontent/1346,photo,2026-07-17 01:45:23,Rishabh Rai,"The top line says highlight the important parts, and the next line says me. Jotchua underneath is scribbled over in yellow highlighter. Send this when you are the important part, or when you highlighted all of it.","highlighter, highlighted, yellow, scribble, marker, text, important, highlight",photo_1346_0.jpg
1345,https://t.me/jotchuacontent/1345,photo,2026-07-17 01:45:23,Rishabh Rai,"Jotchua holds an open empty black wallet in one paw and reaches the other paw toward the camera, brows pulled tight. Send this when you are broke and need someone to spot you.","broke, rekt, loss, dumped, bearish, failed, ngmi, sad, upset, down, depressed, emo, down-bad, lonely, wallet, empty-wallet, begging, paw, reaching",photo_1345_0.jpg
1344,https://t.me/jotchuacontent/1344,photo,2026-07-17 01:45:22,Rishabh Rai,"Jotchua stands sipping an iced coffee through a straw. The text asks what you did today, then says he didn't kill any fudder on the timeline yet, so yeah, being a good boi. Send this when you behaved today, with a threat still attached.","iced-coffee, coffee, straw, cup, drinking, good-boi, good-boy, fud, fudder, timeline, tl, text, behaved",photo_1344_0.jpg
1343,https://t.me/jotchuacontent/1343,photo,2026-07-17 01:45:22,Rishabh Rai,"Jotchua sits on a metal subway bench in black headphones and a small backpack, paws hanging off the seat. The caption says OFF to bagwork Jotchua. Send this for a commute or heading out to work.","subway, train, headphones, backpack, commute, bagwork, bench, transit, sitting, off-to-work",photo_1343_0.jpg
1342,https://t.me/jotchuacontent/1342,photo,2026-07-16 00:00:21,Shravan Anand,"Jotchua sits in the back of a limo in a black suit and a gold chain whose pendant reads DOG, a stack of hundred-dollar bills and a champagne bottle on his lap. City lights pass the window. Send this when you are rich, flexing, or the bag just hit.","limo, limousine, suit, gold-chain, pendant, cash, money, wealth, champagne, night, city, flex, winning, success, bullish, moon, pump, rich, hundreds",photo_1342_0.jpg
1341,https://t.me/jotchuacontent/1341,photo,2026-07-15 23:58:11,Rishabh Rai,"No problem shows Jotchua calm at an office desk with a monitor, keyboard, and a stack of papers. Big problem shows the cubicle on fire while he sips a drink through a straw and the caption says hmmm. Send this when it is all burning and you are still fine.","office, cubicle, fire, calm, this-is-fine, hmmm, drink, straw, desk, computer, keyboard, two-panel, unbothered, papers, monitor",photo_1341_0.jpg
1340,https://t.me/jotchuacontent/1340,photo,2026-07-15 23:58:10,Rishabh Rai,"Tiny Jotchua stands on the gym floor in a white headband and wristbands, holding two little dumbbells, with a weight machine behind him. Send this for a workout, starting small, or getting a lift in.","gym, lifting, workout, dumbbells, weights, headband, wristbands, tiny, exercise, fitness, cute, weight-machine",photo_1340_0.jpg
1339,https://t.me/jotchuacontent/1339,photo,2026-07-15 23:58:10,Rishabh Rai,"Three panels follow a hot air balloon down a straight road through green fields as it comes closer, then Jotchua sits in the basket with both paws on the rim. Send this when you are on the way and about to pull up.","hot-air-balloon, basket, flying, road, fields, three-panel, approaching, travel, sky, arrival",photo_1339_0.jpg
1338,https://t.me/jotchuacontent/1338,photo,2026-07-15 23:58:09,Rishabh Rai,"Jotchua sits up in bed under a grey blanket, both paws on a phone plugged into the outlet by the headboard. Send this when you are in for the night but still on your phone.","bed, phone, charging, charger, cable, outlet, blanket, pillow, headboard, sleep, sleepy, sleeping, nap, tired, bedtime",photo_1338_0.jpg
1337,https://t.me/jotchuacontent/1337,photo,2026-07-15 23:58:09,Rishabh Rai,"Jotchua's face is on a whale moving through blue water, tail up and spray around the body, with Whalechua across the bottom. Send this for a whale, a big splash, or someone enormous in the water.","whale, whalechua, swimming, ocean, sea, tail, splash, water, hybrid",photo_1337_0.jpg
1336,https://t.me/jotchuacontent/1336,photo,2026-07-15 23:58:08,Rishabh Rai,"Two Jotchuas stare straight ahead, one solid in front and a faded copy behind him. The text says imagine how boring your life would be if you didnt have any JOCTHUA to bagwork for. Send this when life would be boring without the group, or when there is bagwork to do.","staring, blank-stare, double, faded, text, bagwork, boring, group, working",photo_1336_0.jpg
1335,https://t.me/jotchuacontent/1335,photo,2026-07-15 23:58:08,Rishabh Rai,"Weekend Plans runs banana, then headphones with a backward cap and a GYM bag, then a sandwich, then a laundry basket. Actual Weekend is a bag of chips, asleep under a star blanket at 11:00, a burger in bed, then asleep again at 2:00. Send this when the productive weekend became snacks and sleep.","weekend, plans, lazy, banana, headphones, cap, gym, gym-bag, sandwich, laundry, chips, burger, bed, blanket, alarm-clock, snacks, sleep, sleepy, sleeping, nap, tired, bedtime",photo_1335_0.jpg
1334,https://t.me/jotchuacontent/1334,photo,2026-07-15 23:58:07,Rishabh Rai,"Jotchua looks into the camera and adjusts the red glasses on his face with one paw, dry hills and a plastic chair behind him. Send this when the explanation is coming, or when the smart glasses go on.","glasses, red-glasses, nerd, smart, adjusting, reaction, outdoor, chair, hills",photo_1334_0.jpg
1333,https://t.me/jotchuacontent/1333,photo,2026-07-15 06:49:34,Rishabh Rai,"Jotchua wears a white England kit, number 9, three lions on the chest and a captain's armband, and holds a sign that says it's coming Home. Send this for England, match day, or the it's coming home chant.","soccer, football, england, three-lions, jersey, kit, number-9, captain, armband, sign, its-coming-home, nike, sports",photo_1333_0.jpg
1332,https://t.me/jotchuacontent/1332,photo,2026-07-15 06:49:34,Rishabh Rai,"Jotchua stares straight ahead with thick black horns and solid glowing green eyes, green smoke behind him on a black background. Send this for demon mode or when you have gone full evil.","horns, black-horns, demon, devil, glowing-eyes, green-eyes, aura, smoke, evil, dark",photo_1332_0.jpg
1331,https://t.me/jotchuacontent/1331,photo,2026-07-15 06:49:14,Rishabh Rai,"A marker page draws two Jotchuas in boxes: a pink one in an orange beanie and blue sunglasses, and a yellow one in a black cap and black sunglasses, with Jotchua written down the margin. Send this for a doodle, fan art, or a handmade sketch.","drawing, art, marker, doodle, sketch, sunglasses, beanie, cap, hats, pink, yellow, fan-art, handmade, colorful",photo_1331_0.jpg
1330,https://t.me/jotchuacontent/1330,photo,2026-07-15 06:49:14,Rishabh Rai,"Jotchua sits in a wooden barrel of ice water in black sunglasses, one paw around a cocktail with a pink straw and a little blue umbrella. The caption says WE Chilling. Send this when you are off, cooling down, or done for the day.","chilling, sunglasses, cocktail, ice, ice-bath, barrel, drink, straw, umbrella, relaxed, summer, wooden, we-chilling",photo_1330_0.jpg
1329,https://t.me/jotchuacontent/1329,photo,2026-07-15 06:49:13,Rishabh Rai,"Jotchua stands with his back turned in a long dark quilted coat, sword raised, facing a cavalry charge in the fog. The line reads, the pack will remember who stood through it all. Send this when you stayed, or when loyalty is the point.","sword, battle, warrior, cavalry, horses, armor, coat, loyalty, pack, battlefield, fog, medieval, knight, charge, black-and-white",photo_1329_0.jpg
1328,https://t.me/jotchuacontent/1328,photo,2026-07-15 06:49:13,Rishabh Rai,"Jotchua's head is on a cartoon body in a white shirt. One hand points at his chin and a separate arm holds a steaming coffee cup, under the word INTRESTING. Send this when something is suspiciously interesting and you are still thinking it over.","interesting, intresting, thinking, pondering, coffee, cup, cartoon, chin, pointing, white-shirt, steam, reaction",photo_1328_0.jpg
1327,https://t.me/jotchuacontent/1327,photo,2026-07-15 06:49:12,Rishabh Rai,"Jotchua is the Statue of Liberty, torch raised and crown on, holding a tablet dated June 10, 2026, MMXXVI, with the New York skyline across the water. The base reads STATUE OF JOTCHUABERTY. Send this for America, freedom, or a Jotchua holiday.","statue-of-liberty, jotchuaberty, america, usa, new-york, nyc, skyline, torch, crown, tablet, roman-numerals, freedom, harbor, water",photo_1327_0.jpg
1326,https://t.me/jotchuacontent/1326,photo,2026-07-15 05:18:25,Shravan Anand,"Jotchua sits in the dirt at a construction site in a scuffed yellow hard hat and orange safety vest, both paws on a shovel. A sign behind him reads WORK HARD BUILD FUTURE, with bricks, a wheelbarrow, scaffolding, and a crane around the build. Send this when you are grinding or putting in the work.","construction, hard-hat, safety-vest, shovel, digging, dirt, bricks, wheelbarrow, crane, scaffolding, building, working, sign, work-hard, orange",photo_1326_0.jpg
1325,https://t.me/jotchuacontent/1325,photo,2026-07-15 01:20:53,Shravan Anand,"A huge billboard of Jotchua in a green field stands over a city skyline at sunset, floodlights lined along the top. Send this when you are everywhere, famous, or the face on the billboard.","billboard, sunset, city, skyline, advertisement, field, famous, floodlights, huge, cute, sky",photo_1325_0.jpg
1324,https://t.me/jotchuacontent/1324,photo,2026-07-14 21:23:44,Shravan Anand,"Jotchua the barista, in a black apron and a headset, leans on a cafe counter beside a register tablet and little menu cards, including a pup-cake and a water bowl. Pastries sit in the case behind him. Send this when you are on the clock or taking the order.","barista, coffee, cafe, apron, headset, working, counter, tablet, menu, pastry, register, bakery, orders",photo_1324_0.jpg
1323,https://t.me/jotchuacontent/1323,photo,2026-07-14 21:23:41,Shravan Anand,"A muscular Jotchua stands in a boxing ring in red gloves and blue-and-gold shorts with a PUP patch, under a screen that says Fight Night championship bout. Send this when you are ready to fight or you are the main event.","boxing, boxer, fighting, muscles, red-gloves, ring, championship, fight-night, shorts, spotlights",photo_1323_0.jpg
1322,https://t.me/jotchuacontent/1322,photo,2026-07-14 07:23:25,Oowee,"Jotchua takes Ted's spot on a green tile couch next to Mark Wahlberg and hits a glass bong. Wahlberg lounges in a white t-shirt with a remote, a takeout container on the table. Send this when you are smoking, couch-locked, or posted up.","mark-wahlberg, ted, bong, smoking, weed, stoned, couch, remote, takeout, man, male, guy, chill",photo_1322_0.jpg
1321,https://t.me/jotchuacontent/1321,photo,2026-07-14 07:23:18,Oowee,"Jotchua's head is on a guy in a vest and shorts, standing in a broken 3D world where a wind turbine, a construction frame, a pipe, a porta-potty, and the balloon house from Up all float in the sky. Send this when everything is unhinged or the lobby is chaos.","vrchat, vr, floating, chaos, avatar, vest, shorts, man, male, guy, wind-turbine, construction, porta-potty, balloons, up-house, pixar, sky, 3d, crane, pipe",photo_1321_0.jpg
1317,https://t.me/jotchuacontent/1317,photo,2026-07-14 01:22:38,T,"Jotchua holds up a yellow Uno reverse card in one paw, mountains behind him. Send this when you are reversing it on them.","uno-reverse, card, yellow, holding, game, paw, mountains, outdoor",photo_1317_0.jpg
1316,https://t.me/jotchuacontent/1316,photo,2026-07-12 22:49:33,Zenith,"In a black-and-white photo, Jotchua's head is on an old man in a knit sweater, hands clasped. The text says to sell $Jotchua is a fool's game, signed el perro dinero. Send this when you are telling everyone not to sell.","sweater, black-and-white, quote, clasped-hands, grandpa, old-man, man, male, dont-sell, hodl, diamond-hands, holding, el-perro-dinero, fools-game, winning, success, bullish, moon, pump, rich, money, cash, wealth",photo_1316_0.jpg
1314,https://t.me/jotchuacontent/1314,sticker,2026-07-12 04:13:46,Oowee,"Jotchua stands in pink overalls at a stove, both paws on a frying pan of eggs, a rice cooker beside him, and the word cooking overhead. Send this when you are cooking.","cooking, frying, eggs, kitchen, overalls, pink, frying-pan, stove, rice-cooker, food, sticker, cute",1314_sticker.webp
1312,https://t.me/jotchuacontent/1312,photo,2026-07-12 04:13:20,Oowee,"Jotchua wears a white sailor hat with an anchor and drives a wooden motorboat down a Venice canal at golden hour, buildings tight on both sides. Send this for a boat day, a Venice trip, or cruising.","venice, canal, italy, boat, wooden-boat, sailor-hat, anchor, golden-hour, water, buildings",photo_1312_0.jpg
1311,https://t.me/jotchuacontent/1311,photo,2026-07-12 04:13:07,Oowee,"In a first-person shooter, two pistols with green night sights point at a tiny Jotchua standing on a wooden crate in front of a brick house. Tally marks are drawn on the left hand. Send this when you have them in your sights.","fps, first-person, gun, pistol, dual-wield, aiming, shooting, crate, hud, video-game, brick, night-sights, tally, medkit",photo_1311_0.jpg
1310,https://t.me/jotchuacontent/1310,photo,2026-07-12 04:13:04,Oowee,"Jotchua's face looks out from a light blue Porsche 911, a black Aston Martin, and a silver coupe parked on the tarmac in front of a private jet, with more faces in the jet windows. The sky is sunset orange. Send this for a luxury flex.","porsche, aston-martin, sports-car, private-jet, luxury, sunset, airport, tarmac, flex, window, winning, success, bullish, moon, pump, rich, money, cash, wealth",photo_1310_0.jpg
1307,https://t.me/jotchuacontent/1307,photo,2026-07-10 20:26:58,Shravan Anand,"Jotchua stands outdoors and looks back over his shoulder, butt and tail toward the camera, with a plastic chair and mountains behind him. Send this for a look-back or when you are walking away.","looking-back, butt, behind, tail, chair, mountains, outdoor, cute, over-shoulder",photo_1307_0.jpg
1306,https://t.me/jotchuacontent/1306,photo,2026-07-10 07:01:16,Kade,"Jotchua sits in a black shirt under a gold-framed painting, layered in gold chains, with a goblet, a candlestick, a bracelet, and a little gold bird on the table. Send this when you are rich, dressed in the jewelry, or flexing the setup.","gold, gold-chain, jewelry, goblet, candlestick, bracelet, bird, painting, black-shirt, luxury, flex, winning, success, bullish, moon, pump, rich, money, cash, wealth",photo_1306_0.jpg
1305,https://t.me/jotchuacontent/1305,photo,2026-07-10 03:27:40,Shravan Anand,"Jotchua sits at a wooden workbench beside a tall green candle, one paw on a small press, thread spools and a brass oil can beside him. Send this when you are crafting a green candle or the chart is going up.","candle, green-candle, workshop, workbench, crafting, tools, press, thread, oil-can, winning, success, bullish, moon, pump, rich",photo_1305_0.jpg
1302,https://t.me/jotchuacontent/1302,photo,2026-07-10 03:17:08,Shravan Anand,"Jotchua's head is on a Braveheart soldier in studded leather, mouth open, spear raised in an army of spears. A speech bubble says HOLD! Send this when everyone needs to wait, freeze, or not move yet.","hold, yelling, braveheart, battle, army, spear, leather, medieval, speech-bubble, war, soldiers, man, male, guy",photo_1302_0.jpg
1301,https://t.me/jotchuacontent/1301,photo,2026-07-09 14:00:58,Oowee,"Jotchua stares straight ahead in a dark quilted leather tunic and an embroidered medieval coat, metal discs down the front, with a castle gate behind him. Send this for a stern lord or the armor.","armor, medieval, leather, coat, tunic, castle, quilted, serious, portrait, embroidery",photo_1301_0.jpg
1300,https://t.me/jotchuacontent/1300,photo,2026-07-09 14:00:55,Oowee,"Jotchua's head is on Arya Stark, long hair and a brown dress, holding a knife low behind Walder Frey as he looks up from the table. It is the Game of Thrones revenge scene. Send this when you are sneaking up, getting even, or about to end it.","knife, sneaky, revenge, backstab, medieval, feast, game-of-thrones, arya-stark, walder-frey, woman, female, girl, man, male, old-man, dress, hair",photo_1300_0.jpg
1298,https://t.me/jotchuacontent/1298,photo,2026-07-09 03:15:20,T,"Jotchua holds a cardboard sign reading sale of the century, you'd be crazy to miss it, between two giant gold thumbs-up. The border is a retro infomercial: cassettes, a VCR, old consoles, a call-now burst for 1-800-BARK-DEAL, and a Dog's Choice TV logo. Send this for a cheesy sale, a hard shill, or an as-seen-on-TV pitch.","sale, thumbs-up, infomercial, commercial, call-now, bark-deal, cardboard, sign, retro, cassette, vcr, vhs, nintendo, console, advertisement, deal, as-seen-on-tv",photo_1298_0.jpg
1294,https://t.me/jotchuacontent/1294,photo,2026-07-08 04:18:23,T,"Jotchua's face hangs in a break in the clouds while bright rays pour down through a blue sky. Send this when something is blessed, holy, or looking down from heaven.","heaven, clouds, sky, glowing, god-rays, holy, divine, blessed, light, sunbeams",photo_1294_0.jpg
1293,https://t.me/jotchuacontent/1293,photo,2026-07-08 04:18:22,T,"Pepe, in a blue shirt, pulls back a giant wooden slingshot packed with a black bull, a globe that says NEET, a trollface, a bald tan figure, a drooling cat, a yellow bird, a cardboard box, a puppy, and a smiling guy. A glowing Jotchua head hangs in the sky like a sun. Send this when the whole timeline is getting yeeted at once.","slingshot, launching, yeet, pepe, frog, bull, green-horns, neet, globe, trollface, bald, cat, drool, bird, cardboard, sun, glowing, sky, man, male, guy",photo_1293_0.jpg
1290,https://t.me/jotchuacontent/1290,video,2026-07-07 21:22:13,Shravan Anand,"An anime close-up of Jotchua in a flower field cuts to a cartoon race, where he drives a red convertible with goggles on his forehead, ahead of a blue car and a yellow car. He finishes on the hood in a packed stadium, holding a gold trophy under a pixel banner as confetti falls. Send this when you won, you are first, or you are taking the victory lap.","racing, sports-car, convertible, red, goggles, trophy, stadium, confetti, cartoon, anime, pixel, checkered-flag, flowers, happy, smile, smiling, joy, excited, wholesome, winning, success, bullish, moon, pump, rich",1290_file_1290_0.mp4
1289,https://t.me/jotchuacontent/1289,photo,2026-07-07 14:30:49,T,"Jotchua's head is on Elon Musk in a black t-shirt and a necklace, hauling a white bathroom sink through a glass lobby. The text says $Jotchua is going to $1B, let that sink in. Send this when you are calling a billion-dollar run.","elon-musk, sink, let-that-sink-in, lobby, billion, 1b, black-shirt, necklace, text, bathroom, man, male, guy, winning, success, bullish, moon, pump, rich, money, cash, wealth",photo_1289_0.jpg
1287,https://t.me/jotchuacontent/1287,photo,2026-07-07 05:51:24,T,"Every seat at the Last Supper is a Jotchua in colored robes, the one in blue at the center with a halo in the window behind him. A white plastic chair is parked at the end of the table. Send this for the group dinner, the squad, or a last supper.","last-supper, dinner, banquet, painting, jesus, halo, leonardo-da-vinci, robes, table, food, plastic-chair, renaissance, art, window, apostles",photo_1287_0.jpg
1286,https://t.me/jotchuacontent/1286,photo,2026-07-07 05:43:06,Rishabh Rai,"Jotchua wears a red Norway soccer jersey, number 9, with the NORGE crest and a Nike swoosh, and his hair is pulled into a small bun. Mountains and a plastic chair sit behind him. Send this for match day, Norway, or the bun.","soccer, football, jersey, norway, norge, nike, number-9, hair-bun, crest, mountains, chair, red",photo_1286_0.jpg
1276,https://t.me/jotchuacontent/1276,photo,2026-07-07 05:42:04,Rishabh Rai,"Jotchua wears an Argentina number 10 jersey, AFA crest and Adidas stripes showing, and salutes with a paw to his forehead. Send this for Argentina, a salute, or the number 10.","soccer, football, argentina, jersey, number-10, afa, adidas, salute, stripes, cute, sports",photo_1276_0.jpg
1275,https://t.me/jotchuacontent/1275,photo,2026-07-07 04:20:19,Oowee,"Jotchua wears a blue Superman suit with the red and yellow S and lights both eyes red. Send this for laser eyes, or when you are locked in and bullish.","laser-eyes, superman, superhero, dc, costume, glowing, suit, winning, success, bullish, moon, pump, rich",photo_1275_0.jpg
1274,https://t.me/jotchuacontent/1274,photo,2026-07-07 04:20:06,Oowee,Jotchua wears a small black hat and a silver hoop earring while a glossy pink pig crowds the foreground. Send this when the pig is in the way.,"hat, black-hat, hoop-earring, pig, pink, cartoon, photobomb, foreground, closeup, costume",photo_1274_0.jpg
1273,https://t.me/jotchuacontent/1273,photo,2026-07-07 04:08:33,Oowee,"Jotchua's face hangs in the center of nested square grids, each frame a smaller copy of the same wire pattern. Send this when you keep zooming in or you are locked on one thing.","zoom, squares, grid, nested, frames, tunnel, closeup, face, wireframe, staring, focused",photo_1273_0.jpg
1272,https://t.me/jotchuacontent/1272,photo,2026-07-07 03:21:47,Shravan Anand,"A closed red and gold Iron Man gauntlet, fist shut and repulsor forward, sits beside Jotchua's face. Send this when you have the glove or you are about to fire.","iron-man, marvel, gauntlet, fist, armor, red, gold, repulsor, closed, cute",photo_1272_0.jpg
1269,https://t.me/jotchuacontent/1269,photo,2026-07-07 00:30:32,Kade,"Jotchua runs across a field under a rainbow, a snowy mountain behind him, with the caption 3 white monsters no sleep. Send this when the energy drinks hit and sleep is not happening.","running, rainbow, mountain, snow, field, text, monster-energy, white-monster, energy-drink, no-sleep, caffeine, wired, hyper",photo_1269_0.jpg
1268,https://t.me/jotchuacontent/1268,video,2026-07-06 20:01:09,Shravan Anand,"Jotchua runs smiling through a sunny meadow full of butterflies, then a red-eyed bear, soldiers, and drones close in, and he finishes standing on a gold throne at sunset. Send this for the wholesome start, or when you went through it and came out king.","happy, smile, smiling, joy, excited, wholesome, running, butterflies, meadow, bear, red-eyes, drones, soldiers, battle, throne, gold, king, sunset, winning, success, bullish, moon, pump, rich",1268_file_1268_0.mp4
1267,https://t.me/jotchuacontent/1267,photo,2026-07-06 16:45:31,Grinding,"A USA number 20 player holds a red card high in one hand and a small photo of Jotchua in the other. A referee in a light blue shirt stands in front of him with his back turned. Send this for a red card, an ejection, or when the picture is the call.","red-card, soccer, football, referee, usa, jersey, number-20, photo, card, ejected, sent-off, man, male, guy, watch, field",photo_1267_0.jpg
1266,https://t.me/jotchuacontent/1266,photo,2026-07-06 14:29:56,Oowee,"Jotchua wears a green frog hat with big eyes and a drawn smiley, plus black tribal marks on his chest: a dragon, a small swirl, and a lion head. Send this for the frog hat or a cute tattoo edit.","frog, frog-hat, hat, smiley, tattoo, dragon, lion, swirl, tribal, cute, costume, chest",photo_1266_0.jpg
1265,https://t.me/jotchuacontent/1265,photo,2026-07-06 14:28:14,Oowee,"Jotchua wears a flat red hat and a black crossbody bag, a blue slushie with a cherry in front of him and the same blue smeared around his mouth. Send this when the drink is all over your face or you are posted up sipping.","slushie, drink, blue, red-hat, hat, bag, crossbody, cherry, straw, mouth, stained, sipping",photo_1265_0.jpg
1264,https://t.me/jotchuacontent/1264,photo,2026-07-06 00:13:35,SunShine1X,"Jotchua's head sits on a cloaked figure raising a tall staff in a purple rainstorm, magic rings in the sky and a fallen body at his feet. Send this when the wizard shows up or the storm is the spell.","wizard, mage, staff, magic, magic-circle, cloak, storm, rain, fantasy, ruins, battlefield, blue, purple, fallen",photo_1264_0.jpg
1262,https://t.me/jotchuacontent/1262,photo,2026-07-05 19:24:36,Shravan Anand,"A giant Jotchua face made of cyan lights hangs over a night city, lasers pouring from it onto the skyline, seen from an empty rooftop. A crescent hangs in the sky. Send this when you are huge over the city or the light show is the point.","hologram, laser, leds, city, night, skyline, rooftop, giant, light-show, cyan, crescent, projection",photo_1262_0.jpg
1260,https://t.me/jotchuacontent/1260,photo,2026-07-05 18:52:37,Shravan Anand,"Jotchua in plate armor raises a sword from a black horse, other knights with the same face riding behind him toward a castle in the mountains. Send this when you are leading the charge or the army is moving.","knight, armor, sword, horse, horseback, army, cavalry, castle, mountains, medieval, fantasy, sunset, clones, black-horse",photo_1260_0.jpg
1259,https://t.me/jotchuacontent/1259,photo,2026-07-05 05:03:25,Oowee,"A giant, heavyset Jotchua with chest and arm tattoos stands on the bow of a fishing boat at dusk, rod out over dark water, storm clouds and an orange horizon behind him. A seagull sits on the cabin. Send this when you are waiting on a bite or posted up offshore.","fishing, fishing-rod, boat, ocean, sunset, dusk, giant, chubby, tattoo, seagull, clouds, storm, waves",photo_1259_0.jpg
1258,https://t.me/jotchuacontent/1258,photo,2026-07-05 04:16:25,Oowee,"Jotchua looks out of a blue Porsche ripping through the night, light trails streaking past the car. Send this for a fast night drive or a blue-car flex.","porsche, sports-car, supercar, driving, speeding, night, blue, highway, motion-blur, light-trails, window, winning, success, bullish, moon, pump, rich",photo_1258_0.jpg
1257,https://t.me/jotchuacontent/1257,photo,2026-07-05 04:15:34,Oowee,Jotchua rides in the window of a matte black Porsche as it blurs down a highway at night. Send this for a night flex or when you are moving fast.,"porsche, sports-car, supercar, driving, speeding, night, black, highway, motion-blur, window, winning, success, bullish, moon, pump, rich",photo_1257_0.jpg
1256,https://t.me/jotchuacontent/1256,photo,2026-07-05 03:53:47,Oowee,"Tiny Jotchua in a dark wetsuit crouches on a surfboard inside a wave colored purple, pink, and orange. Send this when you are surfing, cruising, or the colors are the mood.","surfing, surf, surfboard, wave, wetsuit, ocean, rainbow, colorful, purple, pink, orange, crouched",photo_1256_0.jpg
1255,https://t.me/jotchuacontent/1255,photo,2026-07-05 03:04:03,Zenith,"A man with Jotchua's head poses on a BET 30 Years backdrop in sunglasses, a black leather jacket, a tennis chain, and an iced watch, throwing a peace sign. Send this when you showed up, or for the red-carpet flex.","sunglasses, leather, leather-jacket, peace-sign, chain, necklace, tennis-chain, watch, jewelry, iced-out, bet, bet-awards, awards, red-carpet, pose, man, male, guy, winning, success, bullish, moon, pump, rich",photo_1255_0.jpg
1254,https://t.me/jotchuacontent/1254,photo,2026-07-05 02:52:44,Hazy | SODAX,"A hand throws a thumbs-up in front of Jotchua's face. Send this to approve, agree, or say this is the one.","thumbs-up, approve, approval, yes, agree, hand, closeup, cute, good-job",photo_1254_0.jpg
1253,https://t.me/jotchuacontent/1253,video,2026-07-05 02:52:41,Hazy | SODAX,"Jotchua in a grey suit jacket and red shirt sits at a bar beside a glass of liquor, sings into a microphone, then cries in close-up with a tear on his cheek. Send this for karaoke, a sad song, or when it hits you at the bar.","sad, upset, down, depressed, emo, down-bad, lonely, crying, tears, sobbing, karaoke, singing, microphone, bar, suit, red-shirt, drink, liquor, alcohol",1253_IMG_1468.MOV
1252,https://t.me/jotchuacontent/1252,photo,2026-07-05 01:43:32,Shravan Anand,"Jotchua's head is on a man in a black polo with the yellow Binance logo, four fingers held up. Send this when the count is four, or for Binance.","binance, polo, shirt, logo, four, fingers, hand, counting, man, male, guy, black",photo_1252_0.jpg
1251,https://t.me/jotchuacontent/1251,photo,2026-07-05 01:12:38,Zenith,"Three Jotchuas pose as a rap crew: a red cap, glasses, and a green Kith hoodie with a heavy chain; a Bart Simpson cap and glasses with a lit cigar; and a green bucket hat, sunglasses, and a cigar. More of them crowd in behind. Send this when the whole crew pulls up.","rap, hip-hop, crew, group, kith, hoodie, hat, cap, bucket-hat, bart-simpson, glasses, sunglasses, chain, necklace, cigar, smoking, smoke, streetwear, jacket",photo_1251_0.jpg
1250,https://t.me/jotchuacontent/1250,photo,2026-07-05 00:44:58,Zenith,"Jotchua stands by the train tracks in a black leather jacket, cigarette in hand, under the yellow line I will succeed because I'm Jotchua. Send this when you are locked in and talking yourself into it.","smoking, cigarette, leather, leather-jacket, train, tracks, platform, quote, text, motivation, succeed, confident, moody",photo_1250_0.jpg
1249,https://t.me/jotchuacontent/1249,photo,2026-07-04 21:12:56,Shravan Anand,"Jotchua sits in an ornate chair in a black and gold velvet jacket, champagne in one paw, with a mansion and a Rolls-Royce behind him. Stacks of cash and gold bars cover the table under a nameplate that reads CEO of Paw Inc. Send this when you are rich, winning, or playing CEO.","winning, success, bullish, moon, pump, rich, money, cash, wealth, ceo, champagne, gold, gold-bars, chain, dollar-sign, watch, rolls-royce, mansion, velvet, jacket, nameplate",photo_1249_0.jpg
1248,https://t.me/jotchuacontent/1248,photo,2026-07-04 21:12:05,Shravan Anand,"Jotchua's face is set into a frosted birthday cake that reads Happy Birthday, with striped candles around the top and paw prints beside the words. Send this on a birthday or when it is time to celebrate.","birthday, cake, candles, party, celebration, paw-print, frosting, sprinkles, happy, smile, smiling, joy, excited, wholesome",photo_1248_0.jpg
1247,https://t.me/jotchuacontent/1247,photo,2026-07-04 20:21:49,Shravan Anand,"Jotchua rides a red-nosed rocket above the clouds, flame pouring out, with the curve of the earth behind him. Send this when something is sending, you are mooning, or the launch is on.","rocket, space, flying, earth, launch, flames, clouds, to-the-moon, winning, success, bullish, moon, pump, rich, money, cash, wealth",photo_1247_0.jpg
1246,https://t.me/jotchuacontent/1246,photo,2026-07-04 20:21:33,Shravan Anand,"Jotchua holds a red and gold Iron Man gauntlet up to the camera, the palm repulsor glowing blue-white. Send this when you are powered up, about to blast, or locking in.","iron-man, marvel, gauntlet, repulsor, superhero, glowing, armor, blast",photo_1246_0.jpg
1245,https://t.me/jotchuacontent/1245,photo,2026-07-04 19:03:18,Swapperr,"A man with glasses holds a thick cash stack beside his face, Jotchua in sunglasses peeking out of the bills, while he smokes. Send this when you are flexing a stack, paid, or unbothered with money.","man, male, guy, glasses, smoking, cigarette, sunglasses, money, cash, wealth, stack, winning, success, bullish, moon, pump, rich",photo_1245_0.jpg
1244,https://t.me/jotchuacontent/1244,photo,2026-07-04 16:06:59,Hazy | SODAX,"Jotchua's head sits on an elephant body, trunk and all, standing in a bare office by a whiteboard and windows. Send this when someone does not belong in the meeting or the situation got weird.","elephant, office, trunk, whiteboard, work, meeting, windows, hybrid, weird",photo_1244_0.jpg
1241,https://t.me/jotchuacontent/1241,photo,2026-07-04 06:42:02,Oowee,"Jotchua sits in the sunburst of a Sol Chelada can, over the big red Sol logo, with a tomato and a lime on the label. Send this for a beer, a chelada, or cracking a cold one.","beer, can, sol, chelada, drinking, drink, lager, tomato, lime, alcohol",photo_1241_0.jpg
1240,https://t.me/jotchuacontent/1240,photo,2026-07-04 05:43:09,Rishabh Rai,"Jotchua has pink blush marks on his cheeks and two yellow hands pointing in at him. Send this when you are shy, flustered, embarrassed, or catching feelings.","blush, shy, embarrassed, flustered, pointing, emoji, cute, love, heart, crush",photo_1240_0.jpg
1239,https://t.me/jotchuacontent/1239,photo,2026-07-04 05:43:08,Rishabh Rai,"Jotchua rests his paws under his chin outdoors, mountains behind him. Send this when something is cute, sweet, or you just want a soft reaction.","cute, paws, chin, outdoors, mountains, closeup",photo_1239_0.jpg
1236,https://t.me/jotchuacontent/1236,photo,2026-07-04 04:27:20,SunShine1X,"Jotchua in a top hat, scarf, cloak, and armor stands on a cliff with a spear and shield, a blade at his side. A glowing golden tree, the Erdtree, rises over ruined towers behind him. Send this for an Elden Ring entrance, a boss walk-up, or looking legendary.","elden-ring, erdtree, top-hat, armor, knight, spear, shield, sword, cloak, scarf, ruins, fantasy, glowing, tree",photo_1236_0.jpg
1234,https://t.me/jotchuacontent/1234,photo,2026-07-04 02:28:34,peacefuldestroy,"A man drives a green-and-white cartoon car labeled Jotchua, packed with a costumed crew: one flashes cash, one wears glasses, one in a suit and red tie holds a cigar, and one wears a cowboy hat. The wheels carry a teal-to-purple Solana mark, and a yellow field lines the road. Send this for a squad ride or rolling with the crew.","man, male, guy, car, driving, cartoon, road-trip, squad, crew, solana, cash, money, wealth, cigar, cowboy-hat, glasses, suit, red-tie, flowers, field",photo_1234_0.jpg
1233,https://t.me/jotchuacontent/1233,photo,2026-07-03 19:54:17,Shravan Anand,"Jotchua in a blue fireworks vest with a K-9 Pyro patch presses a glowing FIRE button beside a panel labeled CASCADES, while the night sky over the city fills with bursts. Send this for a celebration, a launch, or when it is time to set them off.","fireworks, vest, button, fire, night, celebration, party, pyro, k-9, city, cascades, happy, smile, smiling, joy, excited, wholesome",photo_1233_0.jpg
1232,https://t.me/jotchuacontent/1232,photo,2026-07-03 19:54:16,Shravan Anand,Jotchua flies through a bright sky in a blue Superman suit with a gold J on the chest and a red cape streaming behind him. A hot air balloon hangs in the clouds below. Send this when you feel unstoppable or you are the hero of the day.,"superman, superhero, cape, flying, sky, clouds, costume, hot-air-balloon",photo_1232_0.jpg
1231,https://t.me/jotchuacontent/1231,video,2026-07-03 19:02:02,Shravan Anand,"Jotchua races a go-kart on a track beside a motorcycle, then pulls the kart up into a wheelie. The clip opens on his face before the race. Send this when you are speeding, showing off, or pulling a stunt.","go-kart, racing, wheelie, racetrack, motorcycle, stunt, video, fast",1231_file_1231_0.mp4
1230,https://t.me/jotchuacontent/1230,photo,2026-07-03 16:46:03,peacefuldestroy,"An incoming call from ""trenches"" mobile covers Jotchua in a soldier helmet, with a tank, a plane, and a smoky battlefield behind the answer buttons. Send this when the trenches are calling or you are getting pulled back into the grind.","trenches, phone, call, incoming-call, soldier, helmet, war, battlefield, tank, airplane, plane, military, grind",photo_1230_0.jpg
1229,https://t.me/jotchuacontent/1229,photo,2026-07-03 16:37:39,peacefuldestroy,"Jotchua gives a thumbs-up in a chest harness under a Fortnite #1 Victory Royale banner, pickaxe on his shoulder, with the health and shield bars and inventory slots along the bottom. Send this when you won, took first, or clutched the game.","fortnite, victory-royale, thumbs-up, pickaxe, winner, first-place, gaming, hud, harness, winning, success, bullish, moon, pump, rich",photo_1229_0.jpg
1228,https://t.me/jotchuacontent/1228,photo,2026-07-03 14:06:52,peacefuldestroy,"Jotchua shoots red laser beams from both eyes, mountains and a sunset behind him. Send this when you are bullish, locked in, or lasering the timeline.","laser-eyes, sunset, mountains, outdoors, glowing, winning, success, bullish, moon, pump, rich",photo_1228_0.jpg
1225,https://t.me/jotchuacontent/1225,photo,2026-07-03 10:18:50,peacefuldestroy,"Jotchua's face sits in a blue sci-fi HUD, earth in the corner, with the text ""JOTCHUA"" and ""MAKE THEM ALL COPE."" Send this when you are forcing a cope, ahead, or telling everyone to deal with it.","cope, hud, sci-fi, text, earth, interface, taunt, winning, success, bullish, moon, pump, rich",photo_1225_0.jpg
1224,https://t.me/jotchuacontent/1224,photo,2026-07-03 10:16:27,peacefuldestroy,"A giant black-and-white Jotchua aims two pistols at the camera over a city crowd that includes Doge, Pepe, and Wojak. Send this when you are the boss, making an entrance, or telling everyone to freeze.","gun, pistol, dual-wield, crowd, giant, pepe, doge, wojak, city, black-and-white, aiming",photo_1224_0.jpg
1223,https://t.me/jotchuacontent/1223,photo,2026-07-03 10:16:11,peacefuldestroy,"Jotchua sits in a pet bed with two Shibas, one in a pink beanie and one with the Doge smile, plus a squirrel in a cowboy hat and a wide-mouthed cat bowl. Send this for the squad, the group chat, or a wholesome pile.","doge, shiba, squirrel, cowboy-hat, beanie, pink, cat, bowl, pet-bed, friends, squad, cute, happy, smile, smiling, joy, excited, wholesome",photo_1223_0.jpg
1222,https://t.me/jotchuacontent/1222,photo,2026-07-03 10:15:13,peacefuldestroy,"Jotchua cries in a red Chicago Bulls jersey beside a gold trophy while a man looks on. The overlay is the Meek Mill line ""I used to pray for times like this."" Send this when you finally made it, the win feels unreal, or you are emotional about a success.","crying, tears, sobbing, sad, upset, down, depressed, emo, down-bad, lonely, basketball, jersey, chicago-bulls, trophy, championship, nba, meek-mill, dreams-and-nightmares, lyrics, man, male, winning, success, bullish, moon, pump, rich",photo_1222_0.jpg
1221,https://t.me/jotchuacontent/1221,photo,2026-07-03 10:14:32,peacefuldestroy,"A text thread says you have zero personality and all you do is send pictures of Jotchuas, above a close-up of his face. Send this when you get roasted for only posting him, or when you are calling someone out for it.","texting, texts, messages, screenshot, roast, insult, personality, photo, chat, callout",photo_1221_0.jpg
1220,https://t.me/jotchuacontent/1220,photo,2026-07-03 09:19:03,Chris,"Jotchua sits in a red theater seat in 3D glasses, eating from a striped popcorn bucket. Send this when you are at the movies, starting a film, or settled in with snacks.","movie, film, popcorn, 3d-glasses, theater, cinema, watching, seats, snacks, cute",photo_1220_0.jpg
1219,https://t.me/jotchuacontent/1219,photo,2026-07-03 06:56:18,Zenith,"Jotchua stands in front of a black Buick GNX in a leather jacket, jeans, a patterned fanny pack, and a baseball cap with the MLB logo. The photo is black and white. Send this when you are posted up, looking cool, or showing off the fit.","leather-jacket, baseball-cap, mlb, fanny-pack, jeans, car, buick, gnx, black-and-white, drip, posing",photo_1219_0.jpg
1218,https://t.me/jotchuacontent/1218,photo,2026-07-03 06:56:18,Zenith,"Jotchua in sunglasses and a white polo throws dollar bills off a boat rail while clutching another wad of cash. Send this when you are rich, flexing, or making it rain.","sunglasses, polo, boat, yacht, throwing, money, cash, wealth, bills, flex, wolf-of-wall-street, winning, success, bullish, moon, pump, rich",photo_1218_0.jpg
1217,https://t.me/jotchuacontent/1217,photo,2026-07-03 00:16:49,peacefuldestroy,"A text asks if you want to change your life. The reply is How?, the asker then sends a photo of Jotchua outside, and the next reply is I'm interested. Send this when someone pitches you, or when that photo is the whole answer.","texting, imessage, text, chat, bubbles, mlm, pitch, opportunity, interested, reply, delivered, photo, invite",photo_1217_0.jpg
1216,https://t.me/jotchuacontent/1216,photo,2026-07-03 00:07:37,BlockchainJake,Jotchua lies down in white-framed sunglasses inside a circle of arrows. The text loops from I wake up to I bagwork $jotchua. Send this for the daily routine.,"sunglasses, shades, bagwork, wake-up, routine, cycle, loop, arrows, grind, repeat, circle",photo_1216_0.jpg
1215,https://t.me/jotchuacontent/1215,photo,2026-07-02 23:23:37,T,"Jotchua wears gold aviator glasses, a grey pinstripe three-piece, a red-and-navy tie, and a white pocket square. Send this when you are dressed for the meeting.","suit, pinstripe, glasses, aviators, tie, vest, three-piece, pocket-square, business, formal, professional, meeting",photo_1215_0.jpg
1214,https://t.me/jotchuacontent/1214,photo,2026-07-02 23:23:37,T,"Jotchua stares into the camera with red laser eyes, mountains behind him. Send this when you are locked in or laser-eyes bullish.","laser-eyes, lasers, eyes, red, staring, mountains, locked-in, winning, success, bullish, moon, pump, rich",photo_1214_0.jpg
1213,https://t.me/jotchuacontent/1213,photo,2026-07-02 23:23:36,T,"Shirtless, jacked Jotchua flexes one fist and holds a shaker labeled Alpha Pup. Send this for the gym, the gains, or an alpha check.","muscles, jacked, buff, swole, abs, gym, protein, shaker, workout, flex, fist, alpha-pup, shirtless, bodybuilder, gains",photo_1213_0.jpg
1212,https://t.me/jotchuacontent/1212,photo,2026-07-02 23:23:35,T,"Jotchua's body is stretched into a long wavy line across a price chart, head beside a green price, while the pair is up about eight percent. Send this when the chart is snaking sideways instead of sending.","chart, dexscreener, price, trading, green, percent, worm, snake, wavy, sideways, line, screen",photo_1212_0.jpg
1211,https://t.me/jotchuacontent/1211,photo,2026-07-02 20:24:47,Shravan Anand,"Lawyer Jotchua sits at a wooden desk in a navy three-piece suit, paws on the papers. The books read Client Agreement, Documentation, and Paw-tocal, and the nameplate says Jotchua Mcbarker, Esq. Send this when you are on the paperwork or sending the agreement.","lawyer, attorney, esq, suit, tie, vest, three-piece, desk, contract, paperwork, pen, books, legal, nameplate, paw-tocal, client-agreement",photo_1211_0.jpg
1210,https://t.me/jotchuacontent/1210,photo,2026-07-02 20:08:28,Chris,"Jotchua wears a white NASA suit and a silver helmet, standing outside with his face showing through the open visor. Send this for the astronaut fit, or when you are suiting up.","astronaut, nasa, spacesuit, helmet, space, visor, outdoors, patch, costume",photo_1210_0.jpg
1209,https://t.me/jotchuacontent/1209,photo,2026-07-02 19:33:04,Shravan Anand,"Jotchua holds a cardboard sign that says deal of the day: buy 1 Jotchua, get 1 free, with a paw print. Send this for a sale, a promo, or a two-for-one.","sale, deal, sign, cardboard, bogo, free, promo, discount, paw-print, buy-one-get-one, offer, two-for-one",photo_1209_0.jpg
1208,https://t.me/jotchuacontent/1208,photo,2026-07-02 19:23:07,Zenith,"Jotchua squats on a wooden stool in a white tank top, gold chain, black pants, and white sneakers, with a small tattoo on one arm. Send this when you are posted up or in the fit.","tank-top, squat, stool, chain, gold-chain, sneakers, tattoo, balcony, streetwear, pants, posted-up, fit",photo_1208_0.jpg
1207,https://t.me/jotchuacontent/1207,photo,2026-07-02 17:57:19,Kade,"Jotchua rides a white horse through a snowy pine forest in a huge fur cloak and a dark hood. Send this when it is cold, a long ride, or a winter outing.","horse, riding, fur, cloak, hood, snow, winter, forest, medieval, cold, leather, white-horse",photo_1207_0.jpg
1206,https://t.me/jotchuacontent/1206,photo,2026-07-02 16:42:40,Zenith,"Jotchua, in a light blue shirt and striped tie, points at a red-string conspiracy board the way Charlie Day does. The text says he is trying to explain why Jotchua is the next billion dollar dog. Send this when you are over-explaining the bull case.","explaining, conspiracy, conspiracy-board, red-string, pointing, charlie-day, always-sunny, pepe-silvia, tie, me-trying-to-explain, billion, shill, corkboard, man, male, guy, winning, success, bullish, moon, pump, rich, money, cash, wealth",photo_1206_0.jpg
1205,https://t.me/jotchuacontent/1205,photo,2026-07-02 08:46:56,Kade,"Jotchua's face is toasted into a buttered slice of bread on a white plate. Send this for breakfast, or when you are toast.","toast, bread, butter, breakfast, food, plate, face, im-toast",photo_1205_0.jpg
1204,https://t.me/jotchuacontent/1204,photo,2026-07-02 08:35:35,Oowee,Jotchua's face is in the window of a red Ferrari parked under the lights at a Shell station at night. The ground is wet and smoke hangs behind the car. Send this for a night flex or a gas-station pull-up.,"ferrari, f40, sports-car, supercar, shell, gas-station, night, red, parked, wet, smoke, window, winning, success, bullish, moon, pump, rich, money, cash, wealth",photo_1204_0.jpg
1203,https://t.me/jotchuacontent/1203,photo,2026-07-02 08:29:28,Chris,"Rafiki stands on Pride Rock and holds baby Jotchua up to the sky, the Lion King presentation. Send this when you are showing off the new one.","lion-king, rafiki, baby, pride-rock, simba, disney, presentation, circle-of-life, mandrill, holding, sky, clouds",photo_1203_0.jpg
1202,https://t.me/jotchuacontent/1202,photo,2026-07-02 07:34:34,peacefuldestroy,"Jotchua's head is on a man in a navy pinstripe suit, arms stretched wide in a dry mountain valley with tall plumes of grass. Send this when you are welcoming everyone, claiming the whole view, or flexing.","suit, pinstripe, tie, arms-wide, mountains, desert, grass, man, male, guy, flex, welcoming, winning, success, bullish, moon, pump, rich",photo_1202_0.jpg
1194,https://t.me/jotchuacontent/1194,photo,2026-07-01 21:01:46,Rishabh Rai,"Jotchua stares blank into the camera while a hand holds a bright green sex toy up in the foreground. Send this for a blank stare, or when you are pretending not to notice.","staring, stare, blank, dildo, sex-toy, green, awkward, close-up, hand, reaction, unbothered, pretending",photo_1194_0.jpg
1193,https://t.me/jotchuacontent/1193,photo,2026-07-01 21:01:45,Rishabh Rai,"Jotchua, in a green shirt and a dark cape, holds a glowing green pill out in an open paw under a stormy sky with light breaking through. Send this when you are offering the pill or the choice.","matrix, pill, green-pill, cape, glowing, green, choice, offer, hand, sky, clouds, costume",photo_1193_0.jpg
1186,https://t.me/jotchuacontent/1186,photo,2026-07-01 21:00:54,Rishabh Rai,"In a dark cave forge, Jotchua raises a hammer over the glow while another figure works the blade beside him. The sword below reads MAKE BAGWORKING GREAT AGAIN. Send this when the work is being forged, or bagwork is the slogan.","sword, forging, forge, hammer, blacksmith, lotr, lord-of-the-rings, cave, blade, inscription, bagwork, bagworking, slogan, make-bagworking-great-again, maga, glowing, man, male",photo_1186_0.jpg
1181,https://t.me/jotchuacontent/1181,photo,2026-07-01 20:55:35,Rishabh Rai,"Referee Jotchua, in a striped shirt with a RUFF-REE badge and a whistle, holds up a red card. The text says red card for spreading FUD. Send this when you are throwing the FUD out.","referee, red-card, card, soccer, football, fud, whistle, stripes, jersey, badge, ruff-ree, penalty",photo_1181_0.jpg
1180,https://t.me/jotchuacontent/1180,photo,2026-07-01 20:55:34,Rishabh Rai,"Jotchua wears cracked Thanos armor and holds up the Infinity Gauntlet. The subtitle says he is inevitable. Send this when it is locked in, unavoidable, or time to snap.","thanos, marvel, avengers, infinity-gauntlet, gauntlet, snap, armor, inevitable, stones, subtitle, endgame",photo_1180_0.jpg
1179,https://t.me/jotchuacontent/1179,photo,2026-07-01 20:55:34,Rishabh Rai,"Jotchua wears an orange-and-green turban, a red tilak, beads, and a cream kurta, with chai, samosas, and a little auto rickshaw in front of him. Doge-style text calls it his jotchuwala form: very masala, much festival, wow chai, so jugaad, bork bork namaste. Send this for the festival version.","turban, tilak, chai, tea, samosa, indian, festival, masala, rickshaw, auto-rickshaw, namaste, jugaad, beads, kurta, jotchuwala, food, doge, garland, bork",photo_1179_0.jpg
1178,https://t.me/jotchuacontent/1178,photo,2026-07-01 20:55:33,Rishabh Rai,"A sugar-skull crowd grabs Jotchua, upright in a black Superman suit with a red cape and a gold J on the shield. Send this when the crowd is all over you.","superman, superhero, cape, crowd, hands, skull, sugar-skull, day-of-the-dead, costume, logo, mob, face-paint",photo_1178_0.jpg
1177,https://t.me/jotchuacontent/1177,photo,2026-07-01 20:55:33,Rishabh Rai,"Helicopters, soldiers in a field, and a rank patch are double-exposed over Jotchua's face in a washed-out war photo. Send this when it is battle, chaos, or you are heading in.","war, military, helicopter, huey, soldier, army, battle, troops, sergeant, chevron, double-exposure, overlay, sepia, vietnam",photo_1177_0.jpg
1176,https://t.me/jotchuacontent/1176,photo,2026-07-01 20:55:32,Rishabh Rai,"Jotchua wears a red-and-black emperor hat with gold dragons and a red tassel, plus a dragon robe, with dumplings, tea, a red lantern, and a golden dragon statue. Doge text says jotchao dynasty, very dragon, wow lantern, much dumpling, so prosperity, and bork bork ni hao. Send this for Chinese food, dragons, or dynasty jokes.","chinese, china, dynasty, emperor, hat, robe, dragon, dumplings, lantern, tea, tassel, prosperity, ni-hao, doge, costume, gold, red",photo_1176_0.jpg
1175,https://t.me/jotchuacontent/1175,photo,2026-07-01 20:55:32,Rishabh Rai,"Jotchua glares with angry brows and red laser eyes, paws pressed together, under STEALTH MODE ACTIVATED. Send this when you go quiet, lock in, or stop playing nice.","stealth, laser-eyes, glare, angry, mad, rage, pissed, annoyed, paws, red, eyebrows, scheming",photo_1175_0.jpg
1174,https://t.me/jotchuacontent/1174,photo,2026-07-01 20:53:58,Rishabh Rai,Jotchua in dark plate armor throws a fist up as gold light and sparks explode behind him. Send this when you power up or the moment hits.,"armor, knight, fist, raised-fist, glowing, golden, sparks, hero, power, light, explosion",photo_1174_0.jpg
1172,https://t.me/jotchuacontent/1172,photo,2026-07-01 20:53:52,Rishabh Rai,"Jotchua wears an alpine hat with the German eagle and a feather, plus lederhosen, beside a beer stein, a BMW, a gear, and an Autobahn plan. Doge text says jotchenkaiser mode, very efficiency, wow autobahn, so punctual, much engineering, and bork bork ja. Send this for Germany, cars, or being extremely on time.","german, germany, lederhosen, beer, stein, bmw, autobahn, flag, hat, feather, eagle, engineering, gear, edelweiss, punctual, doge, blueprint",photo_1172_0.jpg
1171,https://t.me/jotchuacontent/1171,photo,2026-07-01 20:53:51,Rishabh Rai,Jotchua wears a white sheet ghost costume with the word BOO across the front. Send this for a soft Halloween scare.,"ghost, halloween, boo, sheet, costume, cute, hood, white",photo_1171_0.jpg
1170,https://t.me/jotchuacontent/1170,photo,2026-07-01 20:53:51,Rishabh Rai,"Armored Jotchua raises a sword at the front of a cavalry charge, more Jotchuas riding behind him under dark banners and a breaking sky. Send this when the whole group is riding in.","army, cavalry, horse, sword, knight, armor, battle, charge, medieval, banner, war, cloak",photo_1170_0.jpg
1169,https://t.me/jotchuacontent/1169,photo,2026-07-01 20:53:50,Rishabh Rai,"Jotchua wears a white and gold pope mitre and vestments, one paw raised and the other holding a golden cross, with HOLY above him and JOTCHUA !!! below. Send this to bless it, or when something is unreal.","pope, holy, blessing, cross, catholic, mitre, vestments, religion, gold, costume",photo_1169_0.jpg
1168,https://t.me/jotchuacontent/1168,photo,2026-07-01 20:53:50,Rishabh Rai,"A text says there is no one on planet earth they love more, and the reply asks about other planets. Green alien Jotchua stands on Mars with antennae and a ship overhead, then the answer is STAY IN YOUR LIMIT. Send this when a sweet text gets pedantic.","texting, imessage, text-message, alien, green, mars, antenna, spaceship, planets, love, heart, crush, clapback",photo_1168_0.jpg
1167,https://t.me/jotchuacontent/1167,photo,2026-07-01 20:53:49,Rishabh Rai,A huge crowd of costumed Jotchuas stands by a lake under DAMN BRO and You Got the Whole Squad Laughing. Send this when the joke hits and the whole group loses it.,"squad, crowd, costumes, cosplay, lake, damn-bro, whole-squad, lightsaber, superman, laughing, lol, happy, smile, smiling, joy, excited, wholesome",photo_1167_0.jpg
1165,https://t.me/jotchuacontent/1165,photo,2026-07-01 20:53:48,Rishabh Rai,"Jotchua wears a tweed flat cap, bow tie, and jacket, with tea, buttered crumpets, and a Union Jack umbrella. Doge text calls it jotchatleman attire, very tea, wow crumpet, much queue, so rainy, and bork bork innit. Send this for Britain, tea, or the queue.","british, britain, england, tea, crumpet, flat-cap, tweed, bow-tie, vest, union-jack, umbrella, rainy, queue, gentleman, doge, innit",photo_1165_0.jpg
1164,https://t.me/jotchuacontent/1164,photo,2026-07-01 20:38:09,Shravan Anand,"Vince McMahon climbs from bored to a red laser-eyed scream as the label goes from 10 million to 100 million, 500 million, and 1 billion, while Jotchua's face stays the same. Send this when the number gets stupid and you lose it.","vince-mcmahon, man, male, guy, wwe, wrestling, reaction, scale, shocked, million, billion, laser-eyes, red, money, cash, wealth, winning, success, bullish, moon, pump, rich",photo_1164_0.jpg
1163,https://t.me/jotchuacontent/1163,photo,2026-07-01 20:38:09,Shravan Anand,"A green highway sign points to exit 12, Dog Runner, while Jotchua's head rides a blue car laying a burnout and flame across the lanes. Big text yells Jotchua and Yee ahhh. Send this when you are flooring it out of there.","highway, exit, road-sign, car, blue-car, burnout, fire, smoke, driving, speed, yelling, guardrail",photo_1163_0.jpg
1162,https://t.me/jotchuacontent/1162,photo,2026-07-01 20:38:08,Shravan Anand,"On a vintage interview set, a woman with short red curls and a black fur collar asks what makes life so easy. Suited Jotchua answers, Jotchua. Send this when the explanation is that simple.","interview, tv, two-panel, suit, tie, woman, female, redhead, fur-collar, vintage, question, answer, talking",photo_1162_0.jpg
1161,https://t.me/jotchuacontent/1161,photo,2026-07-01 20:38:08,Shravan Anand,"At the 1955 dinner in Back to the Future, Lea Thompson sits beside a boy while Jotchua, in Marty McFly's red vest, says he has seen this one, it is a classic. Send this when you already know it, or when something new is just a rerun.","back-to-the-future, marty-mcfly, lea-thompson, woman, female, boy, kid, red-vest, dinner, quote, classic, rerun, 1955, movie",photo_1161_0.jpg
1160,https://t.me/jotchuacontent/1160,photo,2026-07-01 18:44:44,Zenith,"Jotchua floats underwater, eyes closed and arms out, reaching toward a dollar bill on a line. The title reads JOTCHUA ON MY MIND. Send this for the Nirvana cover, or when the money is right there.","nirvana, nevermind, album, album-cover, swimming, underwater, dollar, money, cash, wealth, eyes-closed, on-my-mind",photo_1160_0.jpg
1158,https://t.me/jotchuacontent/1158,photo,2026-07-01 16:23:56,Zenith,"Jotchua sits in a dry field with his eyes closed and a small smile, golden sunlight on his face. Send this when you are at peace, soaking it in, or feeling soft.","sunset, golden-hour, sunshine, eyes-closed, peaceful, field, relaxed, cute, happy, smile, smiling, joy, excited, wholesome",photo_1158_0.jpg
1157,https://t.me/jotchuacontent/1157,photo,2026-07-01 16:12:53,Zenith,"Jotchua as Walter White, in a yellow hoodie, wire glasses, and a goatee, clasps his hands behind his head under TODAY, WE COOK! Send this when it is time to get to work.","breaking-bad, walter-white, heisenberg, cooking, glasses, goatee, yellow, hoodie, hands-behind-head",photo_1157_0.jpg
1156,https://t.me/jotchuacontent/1156,photo,2026-07-01 16:05:27,Zenith,"Someone in a green sleeve holds Jotchua upright on a dirt path, one hind leg still raised with a loading spinner, under Next leg loading. Send this when the next step is still buffering.","standing, upright, legs, loading, spinner, video-game, loading-screen, sunset, chair, holding, green-sleeve",photo_1156_0.jpg
1155,https://t.me/jotchuacontent/1155,photo,2026-07-01 16:05:27,Zenith,"Someone in a green sleeve holds Jotchua up outdoors so his photoshopped legs hang absurdly long and thin. The caption says the dog has legs. Send this when the legs, or any one feature, are the whole joke.","legs, long-legs, tall, skinny, photoshop, holding, stretched, sunset, chair, green-sleeve",photo_1155_0.jpg
1154,https://t.me/jotchuacontent/1154,photo,2026-07-01 03:29:50,Shravan Anand,"Jotchua's face is on a kid in a worn striped shirt, arms crossed, under the line about still saying there is a way to build wealth. Send this when a get-rich pitch does not convince you.","skeptical, doubt, unimpressed, boy, kid, arms-crossed, striped-shirt, wealth, money, cash, poor, questioning",photo_1154_0.jpg
1153,https://t.me/jotchuacontent/1153,photo,2026-06-30 17:55:36,Shravan Anand,"Tigger laughs with his mouth wide open beside stone-faced Jotchua in a black vest, under the labels Generational Meme and Forced meme. Send this when one joke feels natural and the other feels pushed.","tigger, winnie-the-pooh, laughing, lol, happy, smile, smiling, joy, excited, wholesome, serious, deadpan, vest, generational, forced, purple, tattoo",photo_1153_0.jpg
1152,https://t.me/jotchuacontent/1152,photo,2026-06-30 17:55:10,Shravan Anand,"Tuxedo Jotchua is on the Oscars stage in the slap photo while a cartoon bear behind him screams, eyes wide and sweating. Send this when a take deserves the slap.","slap, oscars, tuxedo, suit, stage, bear, cartoon, shocked, sweat, screaming, awards, angry, mad, rage, pissed, annoyed",photo_1152_0.jpg
1149,https://t.me/jotchuacontent/1149,photo,2026-06-30 14:56:42,Zenith,"Jotchua smokes a blunt at a studio mic in pixel sunglasses and headphones, smoke pouring off to the side, next to the words DEAL WITH IT. Send this when you are done explaining and they can handle it.","deal-with-it, sunglasses, pixel, thug-life, headphones, microphone, studio, smoking, smoke, blunt",photo_1149_0.jpg
1148,https://t.me/jotchuacontent/1148,photo,2026-06-30 14:47:11,Zenith,"A bald man in a light blue polo leans back in a gaming chair, chin on his hand, while every monitor on the curved desk shows Jotchua on a price chart. Send this when you are posted up on the screens and nothing else is on.","man, male, guy, bald, tattoo, polo, gaming-chair, monitors, screens, desk, trading, chart, setup, watching, relaxed, chin",photo_1148_0.jpg
1147,https://t.me/jotchuacontent/1147,photo,2026-06-30 14:38:26,ETORO🤲☹️,"In black and white, wizard Jotchua in a starred hat marked with a W smokes a cigar and holds a sign: ""To be ballin, you gotta b-all-in,"" a wand across the sign and a crystal ball beside him. Send this when the move is to go all in.","wizard, hat, stars, cigar, smoking, wand, sign, pendant, crystal-ball, black-and-white, all-in, ballin, robe, magic, scrolls, winning, success, bullish, moon, pump, rich, money, cash, wealth",photo_1147_0.jpg
1146,https://t.me/jotchuacontent/1146,photo,2026-06-30 12:53:46,Zenith,"Jotchua in sunglasses, a navy cardigan over a teal shirt, and jeans dances with one arm out in a crowded club. Send this when the party is on or you are in that mood.","dancing, sunglasses, party, club, crowd, night, cardigan, shirt, jeans, lights, teal, happy, smile, smiling, joy, excited, wholesome",photo_1146_0.jpg
1144,https://t.me/jotchuacontent/1144,photo,2026-06-30 05:03:17,Zenith,"Jotchua in a blue suit and polka-dot tie sits at a news desk, one paw out, with a microphone and a mug whose logo reads ""America First,"" city lights behind him. Send this when you are breaking the news or explaining it on air.","news, anchor, newscaster, suit, blue-suit, tie, polka-dot, microphone, mug, desk, city, skyline, talking, gesturing, america, america-first, night, plants, cap",photo_1144_0.jpg
1131,https://t.me/jotchuacontent/1131,photo,2026-06-29 20:17:39,Shravan Anand,"Three armored Jotchuas in knight plate stand over a round stone table ringed with swords, three blades pointed in, with the word ""Billions"" across the stone. Send this when the group is swearing an oath on a huge number.","knights, swords, armor, billions, round-table, oath, capes, medieval, castle, hall, stone, trio, helmet, winning, success, bullish, moon, pump, rich, money, cash, wealth",photo_1131_0.jpg
1130,https://t.me/jotchuacontent/1130,photo,2026-06-29 19:49:59,Pacman 🍁,"Jotchua points two pistols at the viewer, a plastic chair behind him, with ""WHEN LIFE GETS RUFF"" on top and ""JOTCHUA GETS BUFF"" below. Send this when life gets rough and you lock in.","gun, guns, pistols, dual-wield, aiming, text, ruff, buff, tough, outdoors, chair",photo_1130_0.jpg
1129,https://t.me/jotchuacontent/1129,photo,2026-06-29 19:48:51,Shravan Anand,"Andrew Card whispers into Jotchua's ear in the George W. Bush classroom photo, under the text ""The meme you know began with a whisper that shook our nation."" Send this when something huge supposedly started as a quiet aside.","whispering, whisper, suit, tie, text, secret, classroom, george-bush, andrew-card, man, male, guy, politics, aside",photo_1129_0.jpg
1126,https://t.me/jotchuacontent/1126,photo,2026-06-29 17:57:03,Zenith,"Jotchua in a blue shirt and orange shorts stands in a doorway. On top, a stick figure is buried in scribbles. On the bottom he says ""gm"" and the stick figure blushes with its arms out: ""omg hi GM!!!"" Send this when a gm actually fixes someone's mood.","gm, hello, greeting, door, stick-figure, shirt, shorts, comic, blush, scribble, cheering-up, cute, happy, smile, smiling, joy, excited, wholesome",photo_1126_0.jpg
1125,https://t.me/jotchuacontent/1125,photo,2026-06-29 08:41:15,Kade,"Jotchua sits at a desk with one paw on the mouse and a monitor in front of him, under the text ""I'm gonna play on my computer all night and never go to bed!"" Send this when you are staying up to game and sleep is not happening.","computer, gaming, night, monitor, mouse, desk, text, cartoon, all-nighter, screen, staying-up, window",photo_1125_0.jpg
1124,https://t.me/jotchuacontent/1124,photo,2026-06-29 08:30:02,peacefuldestroy,"Jotchua as Thanos raises a dark gauntlet to snap, in purple armor over a ruined battlefield. Send this when you are about to wipe the slate or make the one move that changes everything.","thanos, snap, infinity-gauntlet, gauntlet, marvel, avengers, armor, purple, villain, ruined, battlefield, movie",photo_1124_0.jpg
1122,https://t.me/jotchuacontent/1122,photo,2026-06-29 07:02:53,Shravan Anand,"A pawn-sized Jotchua labeled ""Day One"" faces a mirror labeled ""One Day,"" where he wears a crown as the king. Send this when you are early and picturing the later version.","chess, pawn, king, crown, mirror, day-one, one-day, motivation, drawing, illustration, glow-up, future",photo_1122_0.jpg
1121,https://t.me/jotchuacontent/1121,photo,2026-06-29 06:21:35,Shravan Anand,"A cartoon man with a goatee hangs a blue-ribbon star medal around suited Jotchua's neck at a White House ceremony, an American flag behind them and microphones in front. Send this when someone is getting the award, the promotion, or official recognition.","medal, medal-of-freedom, award, ceremony, suit, american-flag, flag, cartoon, microphones, goatee, man, male, guy, honor, ribbon, politics, white-house",photo_1121_0.jpg
1120,https://t.me/jotchuacontent/1120,photo,2026-06-29 05:24:33,Zenith,"Jotchua as the Spartan from 300 screams ""THIS IS JOTCHUA!"" on a battlefield, red cape flying, curved sword raised over the shields. Send this when you are announcing yourself or charging in.","sparta, spartan, 300, leonidas, this-is-sparta, warrior, screaming, yelling, cape, battlefield, armor, sword, movie, shields",photo_1120_0.jpg
1118,https://t.me/jotchuacontent/1118,photo,2026-06-29 04:51:43,Zenith,"Two buttons both say ""Buy jotchua,"" each with a picture of him in a red bowl, and in the next panel a sweating Jotchua wipes his forehead with a white cloth. Send this when both choices are the same and you still cannot pick, or the only move is to buy.","buttons, two-buttons, choice, dilemma, sweating, sweat, towel, wiping, buying, comic, nervous, pointing, indecision, red, bowl",photo_1118_0.jpg
1117,https://t.me/jotchuacontent/1117,photo,2026-06-29 04:36:37,Kade,"Jotchua sits on a red carpet in the foreground of a huge classical harbor city, boats and temples packed under a bright sky, in Thomas Cole's Consummation of Empire. Send this when the timeline is at its peak or everyone is living in the golden age.","painting, art, empire, thomas-cole, course-of-empire, consummation, ancient, city, harbor, boats, temple, statue, fountain, carpet, golden-age, classical, rome",photo_1117_0.jpg
1116,https://t.me/jotchuacontent/1116,photo,2026-06-29 04:05:16,Shravan Anand,"Suited Jotchua holds a microphone at a rally podium, one hand raised, in front of a sign that reads ""billions and billions."" Send this when you are announcing a huge number or giving the speech.","speech, podium, suit, microphone, billions, crowd, rally, tie, talking, politics, gesture, winning, success, bullish, moon, pump, rich, money, cash, wealth",photo_1116_0.jpg
1115,https://t.me/jotchuacontent/1115,photo,2026-06-29 04:05:14,Shravan Anand,"Armored Jotchua with huge metal wings stands in a lava fortress under three moons, labeled ""TERRA-HOUND, CUSTODIAN OF THE ENDLESS VOID"" over a boss health bar. Send this when the final boss shows up or you are the raid boss.","armor, wings, boss, boss-fight, fantasy, game, health-bar, hp, lava, castle, moons, night, metal, void, terra-hound, glowing, soldiers, dark",photo_1115_0.jpg
1114,https://t.me/jotchuacontent/1114,video,2026-06-29 02:02:47,Shravan Anand,"In the clip, suited Jotchua speaks into a microphone at a rally podium whose sign reads ""billions and billions,"" gesturing as the crowd behind him starts to clap. Send this when the number is billions or you are giving the big speech.","speech, podium, suit, microphone, billions, crowd, rally, tie, talking, clapping, politics, gesture, winning, success, bullish, moon, pump, rich, money, cash, wealth",1114_file_1114_0.mp4
1113,https://t.me/jotchuacontent/1113,photo,2026-06-29 01:25:53,Kade,"In a black-and-white engraving, a bearded prophet kneels while winged Jotchua sits in a burst of light beside a great spoked wheel. A robed figure shines in the clouds above, and a hand from the clouds holds out a scroll. Send this when the timeline feels biblical or something huge has been revealed.","biblical, engraving, prophet, kneeling, praying, wings, wheel, light, rays, clouds, scroll, vision, ezekiel, black-and-white, bible, religion, beard, castle, man, male",photo_1113_0.jpg
1112,https://t.me/jotchuacontent/1112,photo,2026-06-29 01:14:16,Kade,"Jotchua's face sits in the middle of a black hole, ringed by a bright orange disk against the stars. Send this when you are lost in the void or you have become the center of it.","black-hole, space, stars, galaxy, staring, glowing, orange, accretion-disk, cosmos, void",photo_1112_0.jpg
1111,https://t.me/jotchuacontent/1111,photo,2026-06-28 22:42:15,DMT,"Jotchua holds a pistol in each paw outdoors, a plastic chair behind him, under ""WHEN LIFE GETS RUFF"" and over ""JOTCHUA GETS BUFF."" Send this when things get hard and you show up ready.","gun, guns, pistols, dual-wield, aiming, text, ruff, buff, tough, outdoors, chair",photo_1111_0.jpg
1109,https://t.me/jotchuacontent/1109,photo,2026-06-28 22:42:13,DMT,"Jotchua aims two pistols on a wet city street at night, headlights behind him, under the text ""TRUST NO ONE NOT EVEN YOUR TREAT."" Send this when you trust nobody, not even the obvious thing.","gun, guns, pistols, dual-wield, aiming, night, city, cars, headlights, street, wet, text, distrust, treat, trust-no-one",photo_1109_0.jpg
1108,https://t.me/jotchuacontent/1108,photo,2026-06-28 22:42:13,DMT,"Jotchua points two pistols at the camera in a dark alley lined with boxes, and the text says ""BE GOOD TO ME OR ELSE."" Send this when you want something and you are making it a threat.","gun, guns, pistols, dual-wield, aiming, threatening, warning, text, alley, boxes, or-else",photo_1108_0.jpg
1107,https://t.me/jotchuacontent/1107,photo,2026-06-28 22:31:40,Shravan Anand,"Jotchua wears a leather flight helmet with the goggles up, paws on the yoke and a blue seatbelt across his chest, flying a Cessna through tall white clouds. Send this when you are taking off, traveling, or just cruising.","pilot, plane, airplane, cessna, flying, cockpit, goggles, helmet, seatbelt, yoke, clouds, sky, aviator, travel, wing",photo_1107_0.jpg
1105,https://t.me/jotchuacontent/1105,photo,2026-06-28 21:24:26,Shravan Anand,"Jotchua stands with a tiny bike as a giant green candle shoots straight up over the mountains, green sparks at its base. Send this when the chart is pumping and the candle is going vertical.","bike, bicycle, standing, chair, dirt, green-candle, candle, chart, candlestick, mountains, sky, sparkles, winning, success, bullish, moon, pump, rich",photo_1105_0.jpg
1104,https://t.me/jotchuacontent/1104,photo,2026-06-28 21:24:09,Shravan Anand,"Drew Scanlon blinks, and the label next to Jotchua jumps from 10 million to 100 million. Send this when the number 10xes while you had your eyes closed.","drew-scanlon, blinking, blink, shocked, reaction, millions, market-cap, mcap, man, male, guy, winning, success, bullish, moon, pump, rich, money, cash, wealth",photo_1104_0.jpg
1097,https://t.me/jotchuacontent/1097,photo,2026-06-28 16:20:50,Shravan Anand,Wolverine Jotchua in the battered yellow-and-blue suit carries a smaller Jotchua dressed as Deadpool down a wrecked street with flowers and smoke. Send this when you are hauling the little guy through the mess.,"wolverine, deadpool, marvel, x-men, superhero, carrying, yellow, costume, blood, ruins, flowers, smoke, street",photo_1097_0.jpg
1095,https://t.me/jotchuacontent/1095,photo,2026-06-28 08:10:44,BlockchainJake,"Jotchua sits on a rocky cliff at sunset, a huge snowy mountain behind him and the Solana logo glowing over the peak. Send this when Solana is the whole view, or you are looking at the goal.","solana, mountain, sunset, cliff, sitting, clouds, logo, snow, landscape, sky, winning, success, bullish, moon, pump, rich",photo_1095_0.jpg
1094,https://t.me/jotchuacontent/1094,photo,2026-06-28 05:06:52,Shravan Anand,"Jotchua's face is the stick-figure dad in the doorway asking ARE YA WINNING, SON? At the computer, a headphone stick figure answers yes jotchua, with a smaller Jotchua beside him. Send this when you check a session or you actually are winning.","gaming, dad, son, door, headphones, computer, stick-figure, are-ya-winning, man, male, guy, winning, success, bullish, moon, pump, rich",photo_1094_0.jpg
1093,https://t.me/jotchuacontent/1093,photo,2026-06-28 05:05:37,Musubi,"A host in a white suit, pink tie, and glasses asks Jotchua, also in glasses and a dark suit, why he is gay. Jotchua looks off to the side. Send this when the question comes out of nowhere or the interview just got awkward.","interview, talk-show, tv, host, glasses, suit, tie, pink-tie, question, gay, awkward, man, male, guy",photo_1093_0.jpg
1092,https://t.me/jotchuacontent/1092,photo,2026-06-28 04:56:57,Shravan Anand,"Jotchua in a navy suit and blue tie throws both arms wide in a smoky rocky desert with mountains behind him. The text asks, Are you not entertained? Send this after a show, a win, or any performance you want applause for.","gladiator, are-you-not-entertained, suit, tie, arms, desert, mountains, smoke, applause, quote, winning, success, bullish, moon, pump, rich",photo_1092_0.jpg
1091,https://t.me/jotchuacontent/1091,photo,2026-06-28 04:56:25,Shravan Anand,Jotchua in a bright yellow suit peeks from behind a tree and rubs his hands together. Send this when the scheme is coming together or you are plotting.,"yellow, suit, tree, peeking, hiding, scheming, plotting, hands, rubbing-hands, necklace, ring, mischievous",photo_1091_0.jpg
1090,https://t.me/jotchuacontent/1090,photo,2026-06-28 04:56:00,Chris,"Jotchua walks through smoke and sparks in a black suit, loose tie, and slick hair, pistol at his side. The title reads Jotch Wick. Send this for a John Wick run or when it is time to handle business.","john-wick, jotch-wick, gun, pistol, suit, tie, assassin, hair, smoke, sparks, night, action, poster",photo_1090_0.jpg
1087,https://t.me/jotchuacontent/1087,photo,2026-06-27 19:33:40,Shravan Anand,"Jotchua in an orange puffer holds a hand up beside hey its double top, then opens the jacket over a yellow Jordan shirt, points, and says no anon it's twap. Send this when somebody calls it a double top and it is just a TWAP.","trading, chart, double-top, twap, anon, puffer, jacket, orange, yellow, pointing, jordan, jumpman, two-panel",photo_1087_0.jpg
1086,https://t.me/jotchuacontent/1086,photo,2026-06-27 19:33:31,Shravan Anand,"On a bell curve, both tails are Jotchua labeled Jotchua good with YTD +200%, one plain and one in a brown hood. The screaming wojak in the middle calls it forced, cabal, and bundled, says it is going to zero, and shows -30% YTD. Send this when the midwit is coping and both the simple take and the locked-in take are just up.","bell-curve, iq, midwit, wojak, cope, chart, screaming, hood, ytd, bundled, cabal, angry, mad, rage, pissed, annoyed, winning, success, bullish, moon, pump, rich, money, cash, wealth",photo_1086_0.jpg
1084,https://t.me/jotchuacontent/1084,photo,2026-06-27 18:04:19,Chris,"Four panels climb in swag: plain Winnie the Pooh, two guys laughing in a kitchen, tuxedo Pooh, then Jotchua in a hat and orange shades holding a baguette like a cigar, with a Pepe pin. Send this when your fit or your aura is the final panel, past tuxedo Pooh.","winnie-the-pooh, tuxedo, sunglasses, orange, hat, baguette, pepe, swag, drip, four-panel, kitchen, man, male, guy, laughing, lol, happy, smile, smiling, joy, excited, wholesome",photo_1084_0.jpg
1083,https://t.me/jotchuacontent/1083,photo,2026-06-27 17:49:37,Zenith,"Jotchua in a black suit has a chest made of stacked hundreds, with shelves of cash behind him, while a baby monkey hugs an orange stuffed monkey against him. Send this when you are rich and still soft, or the money and the little guy are both the point.","monkey, baby, plush, stuffed-animal, hug, suit, hundreds, shelves, orange, cash, money, wealth, winning, success, bullish, moon, pump, rich",photo_1083_0.jpg
1082,https://t.me/jotchuacontent/1082,photo,2026-06-27 17:49:36,Zenith,"Jotchua in a green and white shirt holds a fist up against a purple and blue geometric background, face dead serious. Send this when you are locked in, hyping someone, or saying you got this.","fist, fist-pump, green, shirt, determined, hype, serious, purple, geometric, support",photo_1082_0.jpg
1081,https://t.me/jotchuacontent/1081,photo,2026-06-27 17:40:09,Chris,"SpongeBob holds open a blue briefcase with Jotchua sitting inside, sparkles bursting on the grass behind them. Send this when you present the prize, the pick, or the thing you are proud of.","spongebob, nickelodeon, cartoon, briefcase, presenting, reveal, sparkles, shiny, prize, grass",photo_1081_0.jpg
1080,https://t.me/jotchuacontent/1080,photo,2026-06-27 15:50:55,Chris,"Goofy-eyed Jotchua wears SpongeBob's brown pants, socks, and shoes inside the Krusty Krab, with the anchor hat stuck sideways on his head and one leg kicked up. Send this when you are being silly, unhinged, or doing the weird walk.","spongebob, krusty-krab, nickelodeon, cartoon, goofy, silly, hat, anchor, square-pants, eyes, socks, shoes",photo_1080_0.jpg
1079,https://t.me/jotchuacontent/1079,photo,2026-06-27 12:40:16,Chris,Bilbo cups Jotchua in both hands. The top line is After all... Why not? and the bottom is Why shouldn't I topblast it? Send this when you are talking yourself into buying the top.,"bilbo, hobbit, lotr, lord-of-the-rings, top-blast, tempting, temptation, trading, two-panel, quote, man, male",photo_1079_0.jpg
1078,https://t.me/jotchuacontent/1078,photo,2026-06-27 06:13:08,peacefuldestroy,"A round, chubby Jotchua stands on the deck of a luxury yacht under a Call of Duty card that reads Hijacked, international waters, team deathmatch. The intel line is about an EMP grenade. Send this when you load into the yacht map or you are just standing there.","call-of-duty, cod, hijacked, yacht, boat, ocean, team-deathmatch, international-waters, emp, grenade, hud, chubby, round",photo_1078_0.jpg
1077,https://t.me/jotchuacontent/1077,photo,2026-06-27 05:41:22,peacefuldestroy,"A gray-haired anime girl in round sunglasses, a Gadsden hat that says don't tread, and a tank top that says stop being poor stands beside hooded Jotchua. The caption says do it. Send this when someone is peer-pressuring you to ape, buy, or just do the thing.","do-it, hoodie, anime, sunglasses, tank-top, hat, gadsden, snake, dont-tread-on-me, stop-being-poor, temptation, peer-pressure, woman, female, girl",photo_1077_0.jpg
1075,https://t.me/jotchuacontent/1075,photo,2026-06-27 05:22:02,Chris,"A Gem Machine claw game glows cyan, packed with Jotchua plushes in costumes: hoodies, a Binance cap, a Luigi hat, a LOVE shirt, a duck, a strawberry, a halo, and a tiny green frog. The panel says 1 token. Send this when the arcade, the merch, or the whole prize pool is just him.","claw-machine, arcade, plush, stuffed-animal, prizes, costumes, gem-machine, token, hoodie, binance, luigi, sunglasses, halo, duck, strawberry, frog, 7-eleven, netherlands",photo_1075_0.jpg
1074,https://t.me/jotchuacontent/1074,photo,2026-06-27 02:05:12,Shravan Anand,"Jotchua leans out of a silver DeLorean in the rain, paws on the door, time circuits lit, with the clock-tower courthouse behind him and Mr. Fusion on the back. Send this for time travel, going back, or being early.","delorean, back-to-the-future, time-travel, time-circuits, car, clock-tower, rain, mr-fusion, flux-capacitor, silver, paws",photo_1074_0.jpg
1073,https://t.me/jotchuacontent/1073,photo,2026-06-27 02:04:42,Castl3vania,"Jotchua floats as Jesus in white and gold robes, a halo and a beam of light behind him, holding giant green-and-white capsules while more pills drift through the clouds. Send this when the pills, the play, or the whole timeline feels blessed.","jesus, robes, halo, pills, capsules, holy, heaven, clouds, floating, light, green, gold",photo_1073_0.jpg
1072,https://t.me/jotchuacontent/1072,photo,2026-06-27 02:04:41,Castl3vania,"Low-poly Jotchua stands in a white suit, red shirt, and black tie in a GTA casino, slots and a palm on one side and poker tables on the other. A pyramid shows through the glass doors at night. Send this when you are posted up in the casino or feeling like a San Andreas cutscene.","gta, san-andreas, las-venturas, casino, gambling, slots, poker, suit, tie, palm, pyramid, low-poly, night, white-suit",photo_1072_0.jpg
1071,https://t.me/jotchuacontent/1071,photo,2026-06-27 02:04:40,Castl3vania,"Jotchua sits in a white suit and red shirt behind a dark-wood desk in a gold office, whiskey and a thick stack of cash in front of him. Another dog's head peeks from behind the leather chair. Send this when you are the boss, or the bag is already on the desk.","boss, ceo, office, suit, desk, whiskey, lighter, leather-chair, painting, gold, cash, money, wealth, winning, success, bullish, moon, pump, rich",photo_1071_0.jpg
1070,https://t.me/jotchuacontent/1070,photo,2026-06-26 21:30:01,Chris,"Close-up of Jotchua as Neo in The Matrix, mouth slightly open against a dark mechanical blur, with the line He's beginning to believe. Send this when someone is starting to get it, or the idea is finally landing.","matrix, neo, close-up, believe, beginning-to-believe, quote, dark, face",photo_1070_0.jpg
1067,https://t.me/jotchuacontent/1067,photo,2026-06-26 19:29:08,Shravan Anand,"Jotchua stands in a black and red futuristic uniform under a shield that says Speed Patrol Dog, holding a scanner that reads SPD, with a lit police car behind him. Send this when you are on patrol or about to write someone up.","police, cop, officer, futuristic, patrol, speed, sci-fi, badge, uniform, spd, scanner, police-car, lights, armor, cyberpunk, speed-patrol",photo_1067_0.jpg
1066,https://t.me/jotchuacontent/1066,photo,2026-06-26 19:28:43,Shravan Anand,"Jotchua wears a black tricorn over a red bandana and a leather vest with brass buttons and a ruffled cravat, with a few gold coins on his vest. Send this for pirates, treasure, or heading out.","pirate, tricorn, bandana, vest, leather, treasure, gold, coin, costume, hat, buttons, cravat, ruffle",photo_1066_0.jpg
1064,https://t.me/jotchuacontent/1064,photo,2026-06-26 17:41:52,peacefuldestroy,"Jotchua stares blankly while quadratic formulas, E=mc², integrals, and triangles float all over him. Send this when the math is not computing or your brain checked out of the problem.","math, formulas, equation, confused, homework, school, calculus, algebra, physics, blank-stare, numbers, exam, quadratic, science",photo_1064_0.jpg
1063,https://t.me/jotchuacontent/1063,photo,2026-06-26 17:41:18,peacefuldestroy,"Jotchua wears a brown leather aviator helmet with the goggles pushed up on his forehead, and a marker mustache and a small goatee are drawn on his muzzle. Send this for pilot mode or a doodled tough-guy face.","pilot, goggles, aviator, helmet, mustache, goatee, leather, drawn-on, costume, marker, forehead",photo_1063_0.jpg
1062,https://t.me/jotchuacontent/1062,photo,2026-06-26 08:27:57,peacefuldestroy,Jotchua wears a blue plastic bowl upside down as a hat and stares into the camera. Send this when the outfit is ridiculous or you made a hat out of whatever was nearby.,"bowl, hat, blue, plastic, silly, goofy, ridiculous, headwear, costume",photo_1062_0.jpg
1061,https://t.me/jotchuacontent/1061,photo,2026-06-26 06:27:54,Rishabh Rai,"In two panels, Jotchua looks up from behind at bright billboards. The top says why you were born, press to know, and the bottom says buy, hold, bagwork, Jotchua next to a large picture of his face. Send this when that is the whole plan.","billboard, staring, purpose, born, buy-and-hold, bagwork, lights, back-view, two-panel, portrait, winning, success, bullish, moon, pump, rich",photo_1061_0.jpg
1060,https://t.me/jotchuacontent/1060,photo,2026-06-26 06:27:54,Rishabh Rai,"Jotchua wears a white hachimaki with a red sun and a dark floral kimono, ramen and sushi set in front of him while cherry blossoms fall. Doge text says jotchimono, so ramen, and konnichiwa. Send this for Japan, anime, or getting food.","japanese, japan, ramen, sushi, headband, hachimaki, kimono, sakura, cherry-blossom, anime, noodles, food, konnichiwa, doge, costume",photo_1060_0.jpg
1059,https://t.me/jotchuacontent/1059,photo,2026-06-26 06:27:53,Rishabh Rai,"Jotchua wears Gandalf's grey pointed hat and robe and holds a wooden staff with a glowing tip on a mountain path, pines and a waterfall behind him. Send this when you are casting, questing, or the wizard has shown up.","gandalf, wizard, lotr, lord-of-the-rings, magic, staff, robe, pointed-hat, mountains, fantasy, glowing, spell, waterfall, forest, quest",photo_1059_0.jpg
1058,https://t.me/jotchuacontent/1058,photo,2026-06-26 06:27:53,Rishabh Rai,An orange trailer board reads BUY JOTCHUA beside a yellow road sign that says DIP AHEAD. Send this when price is sliding and it is time to buy the dip.,"dip, buy-the-dip, road-sign, road, warning, led-sign, trailer, orange, yellow, winning, success, bullish, moon, pump, rich",photo_1058_0.jpg
1057,https://t.me/jotchuacontent/1057,photo,2026-06-26 06:27:52,Rishabh Rai,"A shirtless guy holds his glasses away from his face beside a big diamond, and a different shirtless guy puts glasses on beside Jotchua. With the glasses on, Jotchua is the real diamond. Send this when the shiny option is a decoy and yours is the actual gem.","glasses, diamond, reveal, gem, comparison, four-panel, man, male, guy, shirtless, hidden-gem",photo_1057_0.jpg
1056,https://t.me/jotchuacontent/1056,photo,2026-06-26 06:27:52,Rishabh Rai,"Jotchua holds a lit cigarette in two panels. The top says to everyone I offended, and the bottom, with smoke drifting off, says You Deseved it. Send this for a fake apology or when they had it coming.","smoking, cigarette, smoke, apology, sorry, rude, savage, offended, deserved, two-panel, unapologetic, fake-apology",photo_1056_0.jpg
1055,https://t.me/jotchuacontent/1055,photo,2026-06-26 06:27:51,Rishabh Rai,"Jotchua wears a chef hat that says Mamma Mia, a drawn-on mustache, and a red checkered scarf with a gold Italy charm that reads Italia. Doge text piles on pasta, spaghetti, mozzarella, and buongiorno. Send this for Italian food or cooking.","italian, italy, chef, hat, mustache, pasta, spaghetti, mozzarella, mamma-mia, cooking, scarf, italia, buongiorno, food, costume, checkered, doge",photo_1055_0.jpg
1054,https://t.me/jotchuacontent/1054,photo,2026-06-26 06:27:51,Rishabh Rai,"Panda-faced Jotchua stands arms crossed in a beat-up red and black Deadpool suit, two katanas on his back, fire in the ruined street behind him. Send this when you are armed, unbothered, or suited up.","deadpool, panda, marvel, katana, swords, costume, superhero, arms-crossed, fire, mercenary, belt, ruins",photo_1054_0.jpg
1053,https://t.me/jotchuacontent/1053,photo,2026-06-26 06:27:50,Rishabh Rai,"Jotchua wears a black beret, striped shirt, and red scarf and holds a baguette and a croissant. Doge text piles on baguette, croissant, romance, and bonjour. Send this for France, a bakery, or being very French.","french, france, beret, baguette, croissant, scarf, striped-shirt, bonjour, bakery, bread, costume, romance, oui, doge",photo_1053_0.jpg
1052,https://t.me/jotchuacontent/1052,photo,2026-06-26 06:27:50,Rishabh Rai,"Curly-haired Jotchua wears a green cloak over a brown vest and a ring pendant, sitting on the path at Bag End. Wooden signs read The Shire and Bag End, and a round green door is set in the hill behind him. The title reads Frodog Baggins, one ring to rule them all. Send this for a quest or a Lord of the Rings bit.","lotr, lord-of-the-rings, hobbit, frodo, frodog, shire, bag-end, cloak, vest, ring, one-ring, pendant, fantasy, middle-earth, curly-hair, green-door",photo_1052_0.jpg
1051,https://t.me/jotchuacontent/1051,photo,2026-06-26 06:25:33,Rishabh Rai,"Jotchua peers over a laptop in a dark room. The text says relax guys, im monitoring the situation. Send this when you are on it and everyone else should calm down.","laptop, computer, desk, monitoring, working, relax, calm, situation, dark, watching",photo_1051_0.jpg
1049,https://t.me/jotchuacontent/1049,photo,2026-06-26 06:25:30,Rishabh Rai,"Jotchua in a black suit and tie is lit blue on a black background, with the caption Business is boomin'. Send this when work, the bag, or the chart is going well.","suit, tie, business, boss, formal, booming, blue, flex, winning, success, bullish, moon, pump, rich",photo_1049_0.jpg
1048,https://t.me/jotchuacontent/1048,photo,2026-06-26 06:25:30,Rishabh Rai,"Jotchua wears a small colorful sombrero and a striped serape. Doge text says very fiesta, much tacos, and so spicy. Send this for Mexican food, a fiesta, or taco night.","sombrero, poncho, serape, mexican, mexico, fiesta, tacos, spicy, amigo, costume, hat, stripes, doge, food",photo_1048_0.jpg
1047,https://t.me/jotchuacontent/1047,photo,2026-06-26 06:25:29,Rishabh Rai,"Jotchua stands in the rain in a black suit and tie, holding a pistol, with cuts on his face, while fire burns down the wet street behind him. The poster reads Jot Wick, Jotchua Baba Yaga. Send this for a revenge run or when someone should not have done that.","john-wick, jot-wick, baba-yaga, gun, pistol, suit, tie, rain, fire, revenge, assassin, action, poster, night, wet, scratches, blood",photo_1047_0.jpg
1046,https://t.me/jotchuacontent/1046,photo,2026-06-26 06:25:29,Rishabh Rai,"Jotchua wears a white tuxedo, black bow tie, and red rose while pink hearts float around the words you are awesome. Send this to compliment someone or tell them they are great.","tuxedo, bow-tie, rose, suit, formal, compliment, awesome, cute, love, heart, crush, happy, smile, smiling, joy, excited, wholesome",photo_1046_0.jpg
1045,https://t.me/jotchuacontent/1045,photo,2026-06-26 06:25:28,Rishabh Rai,"Jotchua sits in the snow in a grey ushanka with a red star and a hammer and sickle, colorful St. Basil's cathedral behind him. Doge text calls it very slavic, much russia, and so snow. Send this for Russia, winter, or comrade jokes.","ushanka, hat, russian, russia, soviet, snow, winter, moscow, cathedral, st-basils, slavic, communism, hammer-and-sickle, red-star, comrade, tovarisch, fur, doge",photo_1045_0.jpg
1044,https://t.me/jotchuacontent/1044,photo,2026-06-26 06:25:28,Rishabh Rai,"Jotchua's head bounces off a green tennis court like a ball, kicking up dust by the white line, with the net behind him. Send this when something ricochets, gets volleyed, or will not sit still.","tennis, ball, bouncing, sports, court, head, dust, net, line, ricochet",photo_1044_0.jpg
1042,https://t.me/jotchuacontent/1042,photo,2026-06-26 06:25:27,Rishabh Rai,"A clock face is drawn on Jotchua's forehead, hands at about 2:00, with the caption jotch o'clock. Send this when it is time, or when someone asks what time it is.","clock, time, forehead, two-oclock, jotch-oclock, analog, drawn, face",photo_1042_0.jpg
1041,https://t.me/jotchuacontent/1041,photo,2026-06-26 04:31:18,Castl3vania,"Jotchua stands in a black cross-print shirt and silver chain in the middle of a purple blocky theme park. The sign reads Jotchua Land, and smaller clones fill the ferris wheel, roller coaster, purple water slides, and the swirling river under neon crosses. Send this for a theme-park takeover or when the clones are everywhere.","theme-park, amusement-park, carnival, ferris-wheel, roller-coaster, waterslide, clones, purple, pixel, blocky, minecraft, chrome-hearts, cross, chain, neon, river",photo_1041_0.jpg
1040,https://t.me/jotchuacontent/1040,photo,2026-06-26 04:31:17,Castl3vania,"A squad of Jotchuas in black Akatsuki cloaks with red clouds stands in rows on a mountain ridge while lightning cracks behind them, eyes glowing red. Send this when the group pulls up or the villains arrive.","akatsuki, naruto, anime, ninja, cloak, red-clouds, lightning, storm, mountain, red-eyes, glowing, lineup, group, villain, costume",photo_1040_0.jpg
1039,https://t.me/jotchuacontent/1039,photo,2026-06-26 03:16:57,peacefuldestroy,"Jotchua wears a black wig with bangs and a braid, heart stamps on his cheeks, diamond grillz, and an iced-out watch, chin on his paw, in a black shirt that says LOVE. Send this when you are flirting, dripping, or both.","wig, bangs, braid, grillz, watch, iced-out, jewelry, diamonds, bling, rapper, e-girl, drip, cute, love, heart, crush, winning, success, bullish, moon, pump, rich, money, cash, wealth",photo_1039_0.jpg
1038,https://t.me/jotchuacontent/1038,photo,2026-06-26 02:08:33,peacefuldestroy,"Jotchua is Foxy, with reddish fur, orange ears, an eyepatch, and a hook, in front of a starry curtain. Send this for the Five Nights at Freddy's bit.","foxy, fnaf, five-nights-at-freddys, eyepatch, hook, pirate, animatronic, ears, orange, costume, curtain",photo_1038_0.jpg
1037,https://t.me/jotchuacontent/1037,photo,2026-06-26 02:05:05,peacefuldestroy,"Jotchua's head is on a person in black playing a violin in thick fog. Send this for the sad song, or when it is just that kind of night.","violin, music, instrument, playing, fog, mist, black, sad, upset, down, depressed, emo, down-bad, lonely",photo_1037_0.jpg
1036,https://t.me/jotchuacontent/1036,video,2026-06-26 02:04:59,peacefuldestroy,"A cartoon shows a tan animal in a blonde wig and pink bow, arms crossed under a Lionel Messi Argentina poster, while Jotchua in a headset sits in a purple gaming chair playing a first-person shooter as a second monitor shows a chart. Send this when you are locked into the game and the chart and someone is waiting on you.","cartoon, gaming, headset, gaming-chair, pc, fps, shooter, chart, trading, monitor, lionel-messi, argentina, soccer, football, jersey, number-10, wig, bow, arms-crossed, angry, mad, rage, pissed, annoyed",1036_IMG_8896.MP4
1035,https://t.me/jotchuacontent/1035,photo,2026-06-26 02:04:56,peacefuldestroy,Green wojaks with Jotchua faces lock into a group hug in front of a green stock chart and a white arrow pointing up. Send this when the chart is green and everyone is in it together.,"wojak, hugging, hug, green, chart, stocks, stonks, arrow, trading, happy, smile, smiling, joy, excited, wholesome, winning, success, bullish, moon, pump, rich, money, cash, wealth",photo_1035_0.jpg
1034,https://t.me/jotchuacontent/1034,photo,2026-06-25 23:54:19,Chris,"A man in a gray hooded jacket stands with his back to us, looking at a screen of black-and-white Jotchua stencils. Each one says ""Laugh now, but one day we'll be in charge."" Send this when people are laughing now and you think that flips later.","banksy, stencil, graffiti, street-art, art, screen, hoodie, jacket, man, male, guy, laugh-now, poster, underdog, black-and-white",photo_1034_0.jpg
1032,https://t.me/jotchuacontent/1032,photo,2026-06-25 12:28:39,peacefuldestroy,A caped silhouette raises a giant green candle over a rocky valley packed with an army of Jotchua faces. Send this when you are leading the pump or rallying everyone behind one green candle.,"army, rally, cape, silhouette, green-candle, candle, candlestick, crowd, clones, battle, cliff, valley, winning, success, bullish, moon, pump, rich, money, cash, wealth",photo_1032_0.jpg
1031,https://t.me/jotchuacontent/1031,photo,2026-06-25 11:19:33,peacefuldestroy,"Jotchua sits at a campus table behind a sign that reads ""Jotchua will save crypto"" and ""change my mind."" A microphone, papers, and a Louder with Crowder mug sit on the table. Send this when you are stating the bullish case and daring someone to argue.","change-my-mind, debate, sign, table, microphone, mug, crowder, papers, camera, campus, opinion, winning, success, bullish, moon, pump, rich",photo_1031_0.jpg
1030,https://t.me/jotchuacontent/1030,photo,2026-06-25 11:18:18,Chris,"A hairless pink Jotchua stands upright while a hand holds him from behind, skin wrinkled and ears huge. Send this when something looks cursed, bald, or wrong.","hairless, bald, pink, skin, wrinkles, standing, hand, held, ears, weird, cursed",photo_1030_0.jpg
1029,https://t.me/jotchuacontent/1029,photo,2026-06-25 11:18:01,peacefuldestroy,"Jotchua wears a green 7-Eleven cap and striped polo, name tag on the chest. Send this when you are clocked in or stuck on a register shift.","7-eleven, convenience-store, uniform, cap, polo, nametag, cashier, clerk, retail, work, job, employee, green, stripes",photo_1029_0.jpg
1027,https://t.me/jotchuacontent/1027,photo,2026-06-25 05:39:19,peacefuldestroy,"Jotchua floats as Goku in a white top and torn orange pants, one arm up, charging an empty spirit bomb alone in the sky. Send this when you are doing it by yourself and nobody showed up.","goku, dragon-ball, dragon-ball-z, anime, spirit-bomb, energy, flying, sky, gi, orange, white, torn, boots, empty, alone, solo, sad, upset, down, depressed, emo, down-bad, lonely",photo_1027_0.jpg
1026,https://t.me/jotchuacontent/1026,photo,2026-06-25 05:39:18,peacefuldestroy,"Jotchua floats as Goku in a white top and torn orange pants, one arm up, holding a spirit bomb packed with a crowd of Jotchuas. Send this when the whole group is charging one big move together.","goku, dragon-ball, dragon-ball-z, anime, spirit-bomb, energy, flying, sky, gi, orange, white, torn, boots, crowd",photo_1026_0.jpg
1022,https://t.me/jotchuacontent/1022,photo,2026-06-25 04:53:17,peacefuldestroy,Jotchua in a black hoodie stares out calm while a wildfire burns the hillside behind him. Send this when everything is on fire and you are acting fine.,"hoodie, fire, flames, wildfire, burning, smoke, calm, unbothered, this-is-fine, chaos, disaster, staring",photo_1022_0.jpg
1021,https://t.me/jotchuacontent/1021,photo,2026-06-25 04:52:56,Rishabh Rai,"Jotchua's face is on Po's panda body, one paw raised in a kung fu stance, on a poster titled Kung Fu Jotchua, The Dog Warrior, with mountains and a temple behind him. Send this for the Kung Fu Panda bit.","kung-fu-panda, po, martial-arts, fighting, stance, poster, warrior, temple, mountains, costume, shorts, movie",photo_1021_0.jpg
1020,https://t.me/jotchuacontent/1020,photo,2026-06-25 04:52:55,Rishabh Rai,"Jotchua wears aviators, smokes a cigarette, and holds a paw up toward you. The text says sorry, can't hear you, I'm busy mooning. Send this when you are ignoring everyone because it is running.","sunglasses, aviators, shades, cigarette, smoking, smoke, paw, ignoring, busy, mooning, cant-hear-you, winning, success, bullish, moon, pump, rich, money, cash, wealth",photo_1020_0.jpg
1019,https://t.me/jotchuacontent/1019,photo,2026-06-25 04:52:51,Rishabh Rai,Jotchua wears a deerstalker and a plaid coat with a pipe in his mouth. The text says Sherlock Bones. Send this when you are on the case.,"sherlock-holmes, sherlock-bones, detective, pipe, deerstalker, hat, coat, plaid, mystery",photo_1019_0.jpg
1016,https://t.me/jotchuacontent/1016,photo,2026-06-25 04:52:49,Rishabh Rai,"Jotchua sits in a striped prison uniform and beanie, inmate number 07232025, under a big red VALUE. The bottom line says criminally under value. Send this when you think the price is too cheap.","prison, jail, inmate, stripes, beanie, uniform, mugshot, undervalued, criminally-undervalued, value, winning, success, bullish, moon, pump, rich, money, cash, wealth",photo_1016_0.jpg
1015,https://t.me/jotchuacontent/1015,photo,2026-06-25 04:52:49,Rishabh Rai,"Jotchua is a Minion in blue overalls, a yellow shirt, silver goggles, and black gloves. The title above him spells jotchua in the yellow Minions letters, with an eye for the o. Send this for the Minion bit.","minion, minions, despicable-me, goggles, overalls, gloves, yellow, blue, eye, costume, logo, cute",photo_1015_0.jpg
1014,https://t.me/jotchuacontent/1014,photo,2026-06-25 04:52:48,Rishabh Rai,"Jotchua's head is on a man in a yellow shirt, feet up in a leather armchair, pointing at you, a beer and a cigarette in the other hand. Send this when you are calling someone out.","pointing, accusing, calling-out, yellow-shirt, beer, can, cigarette, smoking, armchair, feet, shoes, necklace, man, male, guy",photo_1014_0.jpg
1013,https://t.me/jotchuacontent/1013,photo,2026-06-25 04:52:48,Rishabh Rai,"Jotchua is Yoda, with big ears, a brown robe, and a twisted staff. The text reads ""Jotchua am I."" Send this when you are talking in riddles or dropping the wise line.","yoda, jedi, star-wars, robe, staff, ears, brown, costume, pendant, wisdom",photo_1013_0.jpg
1012,https://t.me/jotchuacontent/1012,photo,2026-06-25 04:52:47,Rishabh Rai,"Jotchua is Darth Vader in a black helmet and cape, red lightsaber out, standing in a rocky canyon. The text says your lack of conviction disgusts me. Send this when someone's belief is weak and you are done with it.","darth-vader, star-wars, sith, lightsaber, red, cape, helmet, armor, canyon, disgust, conviction, angry, mad, rage, pissed, annoyed",photo_1012_0.jpg
1011,https://t.me/jotchuacontent/1011,photo,2026-06-25 04:15:58,Oowee,"Jotchua wears a dark jersey beside a boy in a Timberwolves number 4 jersey holding a basketball, like an Air Bud poster. Send this for basketball, the Timberwolves, or the Air Bud bit.","air-bud, basketball, sports, jersey, timberwolves, nba, ball, boy, kid, number-4",photo_1011_0.jpg
1010,https://t.me/jotchuacontent/1010,photo,2026-06-25 04:15:50,Oowee,"Jotchua's face peeks out from inside a fortune cookie. Send this for a lucky pull, or when something is cute and random.","fortune-cookie, cookie, food, snack, lucky, luck, peeking, face, cute",photo_1010_0.jpg
1009,https://t.me/jotchuacontent/1009,photo,2026-06-25 04:15:33,Oowee,"Jotchua drives a white Porsche at night past a sign that reads speed limit 100 mph, with a second sign that says billions ahead. Send this when you are speeding toward billions.","porsche, sports-car, driving, speeding, night, sign, billions, winning, success, bullish, moon, pump, rich, money, cash, wealth",photo_1009_0.jpg
1008,https://t.me/jotchuacontent/1008,photo,2026-06-25 03:34:45,peacefuldestroy,"Joker Jotchua, in green hair and clown makeup, faces the camera in front of stacks of dollar bills on fire. Send this when money is burning or you have cash to burn.","joker, clown, makeup, green-hair, suit, money, cash, wealth, fire, burning, dollars, dc",photo_1008_0.jpg
1007,https://t.me/jotchuacontent/1007,photo,2026-06-25 03:34:44,peacefuldestroy,Joker Jotchua stands in the rain in front of a Gotham skyline and a red Wayne Enterprises sign. A glowing pup head hangs in the sky like a bat-signal. Send this when you want a dark Batman or villain scene.,"joker, batman, gotham, wayne-enterprises, bat-signal, rain, night, city, skyline, makeup, green-hair, dc, suit",photo_1007_0.jpg
1006,https://t.me/jotchuacontent/1006,photo,2026-06-25 03:25:31,peacefuldestroy,"Jotchua wears the 2019 Joker costume: slick green hair, red brows, teal diamonds around the eyes, a red smile, a red jacket, and a yellow vest. Send this when you are in a clown or chaos mood.","joker, clown, makeup, green-hair, suit, costume, dc, yellow-vest, chaos",photo_1006_0.jpg
1005,https://t.me/jotchuacontent/1005,photo,2026-06-25 01:30:24,Pacman 🍁,Jotchua holds a glass of Lipton tea to his mouth. Bottom text says damn couldn't be me. Send this when the problem is someone else's and you are staying out of it.,"tea, sipping, smug, lipton, unbothered, couldnt-be-me, reaction, shade, drinking",photo_1005_0.jpg
1004,https://t.me/jotchuacontent/1004,photo,2026-06-25 01:30:23,Pacman 🍁,"Jotchua presses a finger to his nose. Impact text says shut up, just buy Jotchua. Send this when you want someone to stop talking and buy.","shush, quiet, hush, silence, finger, shut-up, buy, nose",photo_1004_0.jpg
1001,https://t.me/jotchuacontent/1001,photo,2026-06-24 10:10:54,peacefuldestroy,"Jotchua wears a blonde wig, brown wraparound sunglasses, and a white jacket with blue cuffs while playing a keyboard. A heart earring hangs from one ear. Send this when you are performing or making music.","keyboard, piano, sunglasses, wig, blonde, music, musician, earring, jacket",photo_1001_0.jpg
1000,https://t.me/jotchuacontent/1000,photo,2026-06-24 10:10:53,peacefuldestroy,"Jotchua wears a black suit, white shirt, and a red patterned tie, with black over-ear headphones and his hair slicked back. Send this when you are handling business.","suit, red-tie, headphones, businessman, work, formal, slicked-hair, white-shirt",photo_1000_0.jpg
999,https://t.me/jotchuacontent/999,photo,2026-06-24 10:10:53,peacefuldestroy,"Jotchua stands in as Broly, with huge green Super Saiyan hair, an X on his bare chest, and a green fur wrap, in front of lava. Send this when you go legendary.","broly, super-saiyan, dragon-ball, dbz, anime, green-hair, lava, costume, legendary, wristbands",photo_999_0.jpg
998,https://t.me/jotchuacontent/998,photo,2026-06-24 10:10:52,peacefuldestroy,"Jotchua goes Super Saiyan as Gohan, gold hair falling in one bang, in a purple gi with a blue belt and blue wristbands. Send this when you power up.","super-saiyan, gohan, dragon-ball, dbz, anime, gi, gold-hair, wristbands, costume",photo_998_0.jpg
997,https://t.me/jotchuacontent/997,photo,2026-06-24 10:10:51,peacefuldestroy,"Jotchua is dressed as Vegeta, with tall purple Super Saiyan hair, a purple aura, and white and blue Saiyan armor. Send this when you are powering up.","vegeta, super-saiyan, dragon-ball, dbz, anime, armor, aura, purple-hair, costume",photo_997_0.jpg
996,https://t.me/jotchuacontent/996,photo,2026-06-24 10:10:51,peacefuldestroy,"Jotchua is dressed as Trunks, with long pink hair, a purple vest, and a black shirt, posed against a blue sky. Send this when you want that Dragon Ball fit.","trunks, pink-hair, dragon-ball, dbz, anime, vest, costume, sky",photo_996_0.jpg
995,https://t.me/jotchuacontent/995,photo,2026-06-24 10:10:50,peacefuldestroy,"Jotchua dresses as Luffy, with the straw hat, red vest, open pink shirt, and a scar under one eye. Send this when you want the One Piece look.","luffy, straw-hat, one-piece, anime, vest, scar, pirate, costume",photo_995_0.jpg
994,https://t.me/jotchuacontent/994,photo,2026-06-24 05:36:10,Castl3vania,"Jotchua wears a pixel wizard hat labeled wizard and holds a wand. The dialog says he learned his third simple cantrip, it only took 15 hours, and he is a chill level 99 pupwizard. Send this when a basic skill took all day and you are still fine with it.","wizard, hat, wand, rpg, dnd, cantrip, pixel, magic, level, chill, gaming, dialog, stars",photo_994_0.jpg
993,https://t.me/jotchuacontent/993,photo,2026-06-24 05:36:07,Castl3vania,"In a pixel RPG scene, wizard Jotchua thinks mfw I cast Spell of No Bitches. His spellbook lists Spell of the Crust and Spell of Chill. Send this when you are lonely, down bad, and have no bitches.","wizard, hat, spell, spellbook, rpg, pixel, magic, gaming, retro, no-bitches, chill, mfw, crust, sad, upset, down, depressed, emo, down-bad, lonely",photo_993_0.jpg
992,https://t.me/jotchuacontent/992,photo,2026-06-24 05:36:06,Castl3vania,"Jotchua wears a cracked space helmet labeled PS2-style and fires rainbow lasers from both eyes, surrounded by galaxies, floating brains, DNA, and Dogecoin. Text says knowledge has no boundaries for this specific dog, and to bow to the ascended pup in god mode. Send this when the play is fully ascended.","laser-eyes, space, helmet, galaxy, brain, dna, rainbow, ps2, playstation, sony, god-mode, ascended, knowledge, dogecoin",photo_992_0.jpg
991,https://t.me/jotchuacontent/991,photo,2026-06-24 05:36:05,Castl3vania,"A wireframe halo circles Jotchua's head beside a wireframe globe, with Doge and Pepe faces and text that you unlocked 101% of your brain in a PS2 port. The bottom calls him an ascended puffer. Send this when the idea is galaxy-brain.","galaxy-brain, smart, genius, globe, earth, ps2, playstation, pepe, doge, ascended, wireframe, halo",photo_991_0.jpg
990,https://t.me/jotchuacontent/990,photo,2026-06-24 05:36:04,Castl3vania,"Jotchua's face fills a jagged pixel frame under the text Genius Level IQ: Over 9000. A system error says too much knowledge, and the bottom says press X to accept existence. Send this when the take is genius or too much to process.","genius, iq, smart, over-9000, gaming, retro, pixel, playstation, ps2, dragon-ball, mushroom, mario, error, knowledge, bone, ring",photo_990_0.jpg
989,https://t.me/jotchuacontent/989,photo,2026-06-24 05:36:03,Castl3vania,"Several Jotchua heads fill a grainy CRT screen labeled Doge (PS2 Edition). The loading bar says dankness loading, and a Metal Gear codec says the perfectly low res is genius. Send this when something is still loading or the quality is proudly terrible.","clones, loading, retro, crt, ps2, playstation, pixel, gaming, low-res, doge, much-wow, codec, metal-gear, genius, dankness",photo_989_0.jpg
988,https://t.me/jotchuacontent/988,photo,2026-06-24 05:01:24,Rishabh Rai,"Jotchua wears a fluffy white unicorn onesie with a gold horn, a rainbow mane, and a rainbow tail. Send this when you want a cute costume.","unicorn, costume, onesie, rainbow, horn, fluffy, cute, star, mane, tail",988_image.png
986,https://t.me/jotchuacontent/986,photo,2026-06-24 04:31:23,Swapperr,"Text says these could fix me over tiny Jotchuas with a spilled pill bottle, a grapefruit, a cupcake, a waffle sandwich, a blueberry, a pink bikini top, a Milk Jug Legend hat, and a Red Bull. Send this when you are not okay and snacks, pills, and an energy drink would fix you.","sad, upset, down, depressed, emo, down-bad, lonely, pill, medicine, snacks, red-bull, energy-drink, waffle, cupcake, grapefruit, blueberry, bikini, hat, milk-jug, fix-me, clones",photo_986_0.jpg
984,https://t.me/jotchuacontent/984,photo,2026-06-24 04:29:40,T,Jotchua wears a red MAGA hat that reads Make Bag Working Great Again. Send this when you want the bag to start working.,"hat, cap, red, maga, trump, bag, slogan, politics",photo_984_0.jpg
983,https://t.me/jotchuacontent/983,photo,2026-06-24 04:29:27,T,A fortune teller in a headscarf reads a crystal ball full of gold coins and tells Jotchua she sees billions in his future. Tarot cards sit on the table. Send this when you want a bullish call that you are going to be rich.,"woman, female, fortune-teller, psychic, crystal-ball, tarot, coin, gold, billions, prediction, winning, success, bullish, moon, pump, rich, money, cash, wealth",photo_983_0.jpg
982,https://t.me/jotchuacontent/982,photo,2026-06-24 04:29:16,T,"Jotchua side-eyes the camera with one ear flipped up, outdoors beside a plastic chair. Send this when you are judging someone or not impressed.","side-eye, judging, skeptical, unimpressed, ear, stare, suspicious, chair, outdoors",photo_982_0.jpg
981,https://t.me/jotchuacontent/981,photo,2026-06-24 04:29:01,T,"Jotchua wears a neon green Borat mankini and gives two thumbs-up. Send this for a yes, an approval, or a ridiculous little flex.","thumbs-up, swimsuit, mankini, neon, green, sling, approval, yes, flex, borat",photo_981_0.jpg
980,https://t.me/jotchuacontent/980,photo,2026-06-24 04:28:18,Castl3vania,"Jotchua peeks from behind a wall in the Backrooms with his head tilted sideways. Yellow wallpaper, fluorescent lights, and an empty carpeted hall stretch behind him. Send this when a place feels liminal, off, or creepy.","backrooms, peeking, hiding, liminal, wallpaper, yellow, hallway, fluorescent, carpet, corner, creepy, scared, fear, horror",photo_980_0.jpg
978,https://t.me/jotchuacontent/978,photo,2026-06-24 04:22:14,Castl3vania,"Wizard Jotchua stands on a low-poly mountain in a blue robe and a pointed hat covered in stars and a moon, while purple lightning cracks around him. Pixel text at the top and bottom reads 'Player 1' and 'Wizard Puppy Lv. 1.' Send this when you are starting a run or casting something.","wizard, magic, hat, robe, lightning, storm, mountain, pixel-art, rpg, video-game, level, low-poly, player-one, stars, crescent, wizard-hat, blue",photo_978_0.jpg
977,https://t.me/jotchuacontent/977,photo,2026-06-24 04:13:53,peacefuldestroy,"Jotchua is dressed as Pikachu, with yellow fur, red cheeks, black ear tips, and a lightning-bolt tail. Send this for Pokemon.","pikachu, pokemon, costume, yellow, cheeks, tail, lightning, electric, anime, ears",photo_977_0.jpg
976,https://t.me/jotchuacontent/976,photo,2026-06-24 04:08:50,peacefuldestroy,"Jotchua sits at an NBA Finals press conference in a grey suit and black tie, paws on the table. An NBA Finals mic stands in front of him, with Lakers championship hats along the bottom. Send this when you need to address the room or make a statement.","nba, basketball, press-conference, suit, tie, microphone, finals, lakers, champion, championship, interview, statement, trophy",photo_976_0.jpg
975,https://t.me/jotchuacontent/975,photo,2026-06-24 04:08:49,peacefuldestroy,"A cartoon Jotchua is shirtless and jacked, abs drawn on, with a black-and-white snapback and a smoking pipe. Send this when you are feeling built, cocky, or too cool.","muscles, buff, swole, jacked, shirtless, abs, pipe, smoking, snapback, hat, flex, cartoon, strong, wristbands, cool",photo_975_0.jpg
974,https://t.me/jotchuacontent/974,photo,2026-06-24 04:08:47,peacefuldestroy,"Angel Jotchua has a gold halo and faint white wings against a blue sky with clouds. Send this when someone is innocent, blessed, or being a little angel.","angel, halo, wings, holy, heaven, innocent, blessed, sky, clouds, costume",photo_974_0.jpg
972,https://t.me/jotchuacontent/972,photo,2026-06-24 04:08:45,peacefuldestroy,"Jotchua dresses as Luffy against a red background: straw hat with a red band, orange sunglasses, an open red vest with a white A, and blue shorts. Send this for One Piece.","luffy, one-piece, straw-hat, sunglasses, shades, vest, shorts, anime, costume, pirate, orange",photo_972_0.jpg
971,https://t.me/jotchuacontent/971,photo,2026-06-24 04:08:45,peacefuldestroy,"Jotchua rests a paw under his chin and looks up, thinking it over. Send this when you are considering it, unsure, or working something out.","thinking, wondering, curious, chin, paw, considering, idea, question, unsure, hmm",photo_971_0.jpg
970,https://t.me/jotchuacontent/970,photo,2026-06-24 04:08:44,peacefuldestroy,A yellow banana on a white background has Jotchua's eyes and nose on the curve. Send this when the joke is his face on fruit.,"banana, fruit, food, snack, face, yellow, eyes, nose",photo_970_0.jpg
969,https://t.me/jotchuacontent/969,photo,2026-06-24 04:08:44,peacefuldestroy,"A red apple on a white background has Jotchua's eyes and nose stuck on it, stem still on top. Send this when the joke is just his face on fruit.","apple, fruit, food, snack, face, red, eyes, nose, stem",photo_969_0.jpg
968,https://t.me/jotchuacontent/968,photo,2026-06-24 04:08:43,peacefuldestroy,"Jotchua peeks through a bent gap in white window blinds, both eyes, his nose, and one paw showing. Send this when you are spying, snooping, or watching from the side.","peeking, blinds, spy, spying, snooping, watching, window, hiding, nosy, curious, paw, eyes",photo_968_0.jpg
967,https://t.me/jotchuacontent/967,photo,2026-06-24 04:08:42,peacefuldestroy,"Jotchua wears Ash Ketchum's red-and-white cap, green logo and all, plus a blue vest over a black shirt. Send this when you are the trainer or repping Pokemon.","ash, pokemon, trainer, hat, cap, vest, costume, anime, red, blue",photo_967_0.jpg
965,https://t.me/jotchuacontent/965,photo,2026-06-23 20:26:21,Rishabh Rai,"Reporter Jotchua, in a trench coat and striped tie, holds a Jotch News mic. The text asks what's you sentiment on Jotchua and why it is bullish. Send this when you want the bullish case.","news, reporter, microphone, interview, trench-coat, tie, sentiment, press, jotch-news, bullish, winning, success, moon, pump, rich",photo_965_0.jpg
964,https://t.me/jotchuacontent/964,photo,2026-06-23 20:26:21,Rishabh Rai,"Jotchua in aviator sunglasses smokes a cigarette, smoke curling past his ear. The text says dont call me cute, I am a gangstaa. Send this when you want to look tough instead of cute.","sunglasses, shades, aviators, cigarette, smoking, smoke, gangster, gangstaa, cool, tough, swagger",photo_964_0.jpg
963,https://t.me/jotchuacontent/963,photo,2026-06-23 20:26:20,Rishabh Rai,"Jotchua wears a white chicken onesie with a red comb, a yellow beak, and a red wattle. The text underneath reads Cockchua. Send this for the chicken pun.","chicken, rooster, costume, onesie, hoodie, beak, bird, cock, cockchua, wattle, comb",photo_963_0.jpg
961,https://t.me/jotchuacontent/961,photo,2026-06-23 20:22:10,Rishabh Rai,"Gladiator Jotchua, in leather armor and a blue tunic, holds a sword and yells with one arm out. Gold text asks 'Are you not entertained?' Send this after a show, a fight, or anything you want the crowd to acknowledge.","gladiator, sword, armor, yelling, shouting, arena, colosseum, movie, entertained, warrior, tunic",photo_961_0.jpg
959,https://t.me/jotchuacontent/959,photo,2026-06-23 20:22:05,Rishabh Rai,"A finger presses to Jotchua's nose in a shush. The text says shut up, just buy Jotchua. Send this when the talking should stop and someone should just buy.","shush, quiet, silence, shut-up, hush, finger, nose, buy, stop-talking",photo_959_0.jpg
954,https://t.me/jotchuacontent/954,photo,2026-06-23 20:22:02,Rishabh Rai,"Will Smith, in a black suit, holds both hands out to present Jotchua. The text says 'I present you' and 'my source of happiness,' with pink hearts around the photo. Send this when something is what makes you happy.","will-smith, man, male, guy, presenting, suit, happiness, happy, smile, smiling, joy, excited, wholesome, love, heart, crush, cute",photo_954_0.jpg
953,https://t.me/jotchuacontent/953,photo,2026-06-23 20:22:01,Rishabh Rai,"A bald, shirtless man is drawn as a puzzle with a piece missing from his head. He holds up a puzzle piece of Jotchua's face, labeled Jotchua. The text says sometimes all a person needs is that one missing piece. Send this when something is the last bit that makes it click.","puzzle, jigsaw, missing-piece, head, brain, piece, hand, completing, solution, man, male, bald, shirtless",photo_953_0.jpg
952,https://t.me/jotchuacontent/952,photo,2026-06-23 20:20:56,Rishabh Rai,"Jotchua stares straight into the camera. The text says he is going to keep looking at you until he gets what he wants. Send this when you are begging, waiting, or refusing to drop it.","staring, stare, looking, eyes, waiting, begging, wanting, demanding, persistent, stubborn",photo_952_0.jpg
951,https://t.me/jotchuacontent/951,photo,2026-06-23 20:20:55,Rishabh Rai,"Jotchua wears a white lab coat, a stethoscope around his neck, and a doctor's head mirror strapped to his forehead. The text says trust me, I'm a dogtor. Send this when you want someone to trust sketchy advice.","doctor, dogtor, stethoscope, head-mirror, headband, lab-coat, coat, medical, trust, trust-me, advice, professional",photo_951_0.jpg
950,https://t.me/jotchuacontent/950,photo,2026-06-23 20:20:50,Rishabh Rai,"Jotchua wears black sunglasses. The text says sorry, he can't see you, because he is wearing anti-fudder glasses. Send this when you are ignoring FUD, haters, or someone you do not want to deal with.","sunglasses, shades, fud, anti-fud, fudder, ignore, haters, smug, cool, unbothered",photo_950_0.jpg
947,https://t.me/jotchuacontent/947,photo,2026-06-23 20:20:48,Rishabh Rai,"Jotchua poses as the Mona Lisa, paws crossed, in a dark dress inside an ornate gold frame. The plaque reads JotchuaLisa, with a river and mountains behind him. Send this when something looks classic, priceless, or ready for a museum wall.","mona-lisa, painting, art, portrait, dress, frame, gold-frame, museum, classic, renaissance, plaque, masterpiece, landscape, crossed-paws",photo_947_0.jpg
946,https://t.me/jotchuacontent/946,photo,2026-06-23 20:20:48,Rishabh Rai,"Jotchua leans over a green tub labeled dip and licks the top, tongue out, with dip on his nose and paw. Send this when you are snacking, being messy, or going back in.","dip, eating, licking, tongue-out, tub, food, snack, messy, nose, paw",photo_946_0.jpg
944,https://t.me/jotchuacontent/944,photo,2026-06-23 20:20:47,Rishabh Rai,Jotchua is in the foreground of a huge concrete dam while water pours down the spillways. Bold text beside him reads DAM! Send this for the damn pun.,"dam, damn, pun, joke, wordplay, waterfall, water, spillway, concrete, text, reaction",photo_944_0.jpg
943,https://t.me/jotchuacontent/943,photo,2026-06-23 20:20:46,Rishabh Rai,"Jotchua sits behind a yellow popcorn bucket and a red Coca-Cola cup with a straw. Top text says continue, and the bottom says this is getting interesting. Send this when the drama is good and you want more.","popcorn, coca-cola, soda, straw, bucket, drink, watching, spectator, continue, interesting, drama, text, reaction",photo_943_0.jpg
941,https://t.me/jotchuacontent/941,photo,2026-06-23 12:49:43,Chris,"Split into two panels, Jotchua is held up with both paws out and his eyes squeezed into a side-eye. One panel squints at the camera and the other looks off to the side. Send this when you are skeptical, unimpressed, or quietly judging.","side-eye, squint, skeptical, unimpressed, judging, suspicious, two-panel, reaction, paws, held-up",photo_941_0.jpg
940,https://t.me/jotchuacontent/940,photo,2026-06-23 12:03:37,Chris,"The same safari-hat illustration, but the fur is brown. Orange sunglasses, a Pepe patch with a cigarette, tattoos, and a golden cricket bat over the shoulder. Send this for the brown explorer version.","explorer, safari-hat, sunglasses, shades, pepe, cigarette, jacket, zipper, tattoo, cricket-bat, gold, illustration, brown, scout",photo_940_0.jpg
939,https://t.me/jotchuacontent/939,photo,2026-06-23 12:03:36,Chris,"An illustrated cream-furred Jotchua wears a wide safari hat and narrow orange sunglasses. A Pepe with a cigarette is patched on the zip jacket, and the tattooed paw rests a thick golden cricket bat on his shoulder. Send this for an explorer or scout look.","explorer, safari-hat, sunglasses, shades, pepe, cigarette, jacket, zipper, tattoo, cricket-bat, gold, illustration, cream, scout",photo_939_0.jpg
937,https://t.me/jotchuacontent/937,photo,2026-06-23 11:18:22,Castl3vania,"The same straw-hat drawing, with Luffy's hat, orange shades, a red vest with a bone-shaped A, and blue shorts, but this frame shows the paws and claws. Send this for that One Piece fit.","luffy, one-piece, straw-hat, sunglasses, shades, vest, letter-a, bones, shorts, paws, claws, red, orange, costume, illustration",photo_937_0.jpg
935,https://t.me/jotchuacontent/935,photo,2026-06-23 10:42:25,Castl3vania,"On a flat red background, Jotchua wears Luffy's straw hat, orange triangular sunglasses, a red vest with a bone-shaped letter A, and blue shorts. This crop cuts off before the paws. Send this for a cool One Piece outfit.","luffy, one-piece, straw-hat, sunglasses, shades, vest, letter-a, bones, shorts, red, orange, costume, illustration",photo_935_0.jpg
934,https://t.me/jotchuacontent/934,photo,2026-06-23 10:19:21,Chris,"Jotchua's face fills the front of a blue Thomas the Tank Engine with a yellow number 1 and a red buffer beam. Send this for a train joke, or when you are the little engine in frame.","thomas, train, tank-engine, blue, number-1, red, face, buffer",photo_934_0.jpg
933,https://t.me/jotchuacontent/933,photo,2026-06-23 10:19:20,Chris,"Jotchua holds a pistol in each paw and points them at the camera. The caption reads so anyways, I started blasting. Send this when the story skips straight to chaos.","gun, pistol, shooting, started-blasting, anyways, dual-wield, pointing, text, chaos, reaction",photo_933_0.jpg
931,https://t.me/jotchuacontent/931,photo,2026-06-23 09:22:28,peacefuldestroy,"Five Jotchuas in muddy brown military uniforms sit on a tank, boots up, with the cannon barrel crossing the group. Send this when the squad rolls in.","tank, soldier, soldiers, army, military, uniform, cannon, war, muddy, boots, crew, man, male",photo_931_0.jpg
930,https://t.me/jotchuacontent/930,photo,2026-06-23 07:14:54,Chris,"Jotchua is blown out into chunky pixels, with the word wut typed on his forehead. Send this when you are confused or still processing what just happened.","wut, confused, pixelated, pixel, forehead, reaction, what, huh, text, close-up",photo_930_0.jpg
928,https://t.me/jotchuacontent/928,photo,2026-06-23 05:29:55,peacefuldestroy,A massive army of costumed Jotchuas fills muddy trenches under storm clouds and smoke. A fighter jet tows a banner that says jotchua over a painted scene. Send this when the whole army is here.,"army, crowd, war, battlefield, trenches, soldiers, helmet, muddy, smoke, banner, fighter-jet, painting, costumes, storm",photo_928_0.jpg
927,https://t.me/jotchuacontent/927,photo,2026-06-23 05:29:55,peacefuldestroy,"Costumed Jotchuas pack a field under a castle that reads Jotchua World Order. Flags say return to memes, a blimp with his name hangs in the smoky sunset, and drones hover over the crowd. Send this when everybody shows up, or for that return-to-memes rally.","crowd, army, rally, costumes, castle, crown, blimp, drones, flags, banner, return-to-memes, world-order, sunset, smoke",photo_927_0.jpg
925,https://t.me/jotchuacontent/925,photo,2026-06-23 03:45:33,peacefuldestroy,"Jotchua is shot from below against a sunset, the sun behind his head and the light reflecting off the water, with a dark roof edge in the corner. Send this for a quiet evening or golden hour.","sunset, sun, water, reflection, sky, golden-hour, waterfront, evening, low-angle, roof, calm",photo_925_0.jpg
924,https://t.me/jotchuacontent/924,photo,2026-06-23 03:39:04,peacefuldestroy,"Jotchua's head is on a black suit and tie, both arms raised wide, with small blue earrings, in a dark room with a glowing blue grid floor. Send this as Morpheus when you are about to explain the setup or offer the choice.","matrix, morpheus, suit, tie, raised-arms, construct, grid, black, blue, earrings, man, male",photo_924_0.jpg
923,https://t.me/jotchuacontent/923,photo,2026-06-22 22:49:01,Chris,"This 2026 calendar is labeled meme calendar. January is a wide-eyed calico cat, February is Trollface, March is a shiny wooden face, April is Wojak in black sunglasses, and May is a blurry picture. June through December are all the same photo of Jotchua, and a small chrome bust sits in the top corner. Send this when one thing takes over the rest of the year.","calendar, 2026, months, cat, calico, trollface, wojak, sunglasses, blurry, wooden, chrome, bust, june, december",photo_923_0.jpg
911,https://t.me/jotchuacontent/911,photo,2026-06-22 18:10:07,peacefuldestroy,"A six-card timeline runs left to right: Dogecoin 2013, Bonk 2022, Pepe 2023, dogwifhat 2023, Peanut the Squirrel 2024, and Jotchua 2026. Send this when he is the latest entry, or when you are putting him in that lineup.","timeline, lineup, history, evolution, dogecoin, doge, bonk, shiba, pepe, dogwifhat, beanie, peanut-the-squirrel, coin, 2013, 2022, 2023, 2024, 2026",photo_911_0.jpg
909,https://t.me/jotchuacontent/909,photo,2026-06-22 16:40:22,peacefuldestroy,"Jotchua wears a bright yellow toy-robot suit with a round helmet, two gold antennae, silver ear cups, and a ringed emblem on the chest. Send this for a robot costume.","robot, costume, yellow, helmet, antenna, headphones, suit, toy, retro, emblem",photo_909_0.jpg
906,https://t.me/jotchuacontent/906,photo,2026-06-22 03:04:44,Rob.,"Jotchua glows like a halo in the round window over a last-supper banquet. A man in a white robe sits at the center, surrounded by Pepe, Doge, Trollface, Nyan Cat, anime girls, and other characters, with matching banners on the walls. Send this for a chaotic group dinner or when the whole cast is at the table.","last-supper, dinner, banquet, painting, pepe, doge, trollface, nyan-cat, jesus, window, halo, table, banners, robes, anime, man, male, woman, female, girl",photo_906_0.jpg
905,https://t.me/jotchuacontent/905,photo,2026-06-22 02:19:50,peacefuldestroy,"Jotchua stares into the camera on a quote card. The line reads hate me or love me, you watched, with 6699 in the top bar and a note about his fans and haters. Send this when they can hate you and still cannot look away.","haters, fans, quote-card, watched, attention, flex, text, 6699, graphic",photo_905_0.jpg
898,https://t.me/jotchuacontent/898,photo,2026-06-21 21:01:14,Chris,"Jotchua in a blue Sonic hoodie leaps forward with his mouth open while golden rings splash around him. Send this when you are hyped, sprinting, or collecting rings.","sonic, hoodie, costume, blue, jumping, rings, gold, splash, quills, paws, happy, smile, smiling, joy, excited, wholesome",photo_898_0.jpg
897,https://t.me/jotchuacontent/897,photo,2026-06-21 21:01:13,Chris,"Jotchua stands in a blue Sonic hoodie with the quills, ears, and tan belly patch, both paws held out. Send this for the Sonic costume on its own.","sonic, hoodie, costume, blue, quills, paws, zipper, standing, belly",photo_897_0.jpg
896,https://t.me/jotchuacontent/896,photo,2026-06-21 20:30:41,Chris,"Jotchua wears thin wire glasses, a black cap that says SAFU in yellow, and a black Binance t-shirt. Send this when funds are safu, or when you are repping the exchange.","safu, binance, glasses, cap, hat, t-shirt, black, yellow, logo, exchange",photo_896_0.jpg
895,https://t.me/jotchuacontent/895,photo,2026-06-21 20:30:40,Chris,"Jotchua wears a wide-brim black hat with a green band, a dark green coat, a white cravat, and a thin gold chain. Send this when the outfit is formal or gentlemanly.","wide-brim-hat, coat, cravat, chain, gold, velvet, formal, gentleman, costume, green, black, cute",photo_895_0.jpg
894,https://t.me/jotchuacontent/894,photo,2026-06-21 20:30:39,Chris,"Two Jotchuas stand face to face outdoors, held up by hands, and both speech bubbles say yo. Send this when you greet someone with a yo.","twins, greeting, hello, yo, speech-bubble, hands, standing, outdoor, mountains, cute",photo_894_0.jpg
893,https://t.me/jotchuacontent/893,photo,2026-06-21 19:11:48,Rob.,"A hand lifts a maroon shirt to show a small line-art tattoo of Jotchua's face and three sparkles on the lower stomach, above blue jeans and beside a navel piercing. Send this when the loyalty is inked.","tattoo, ink, stomach, belly, waist, jeans, piercing, navel, sparkles, stars, shirt, cute",photo_893_0.jpg
892,https://t.me/jotchuacontent/892,photo,2026-06-21 19:01:35,Rob.,Blocky voxel Jotchua drives a teal go-kart with an orange stripe over a dark floor with a checkered patch. Send this when you are racing or locked in on the drive.,"voxel, blocky, go-kart, racing, driving, steering-wheel, checkered, teal, orange, wheels",photo_892_0.jpg
891,https://t.me/jotchuacontent/891,photo,2026-06-21 19:01:34,Rob.,"Jotchua wears a black and yellow Binance cap and a matching zip hoodie, outdoors by a plastic chair with mountains behind him. Send this when you are repping the brand.","binance, cap, hat, hoodie, zipper, logo, yellow, black, outdoor, mountains, merch",photo_891_0.jpg
890,https://t.me/jotchuacontent/890,photo,2026-06-21 19:01:32,Rob.,A painted close-up shows Jotchua in a black sweater staring softly against a plain white background. Send this when you are just looking at them.,"sweater, portrait, painting, staring, black, close-up, white-background, cute, eye-contact",photo_890_0.jpg
889,https://t.me/jotchuacontent/889,photo,2026-06-21 19:01:31,Rob.,"Jotchua wears a yellow Binance bathrobe and a black Binance sleep mask in a candlelit spa, with a pool and a wellness sign behind him. Send this when you are resting, done for the day, or at the spa.","binance, spa, bathrobe, yellow, sleep-mask, wellness, pool, candles, towels, logo, relax, sleep, sleepy, sleeping, nap, tired",photo_889_0.jpg
888,https://t.me/jotchuacontent/888,photo,2026-06-21 19:01:31,Rob.,"Jotchua's face is stuck on the side of a white Nike sneaker, just above the swoosh. Send this when the shoes are customized or the logo got replaced.","sneaker, shoes, nike, swoosh, air-force-1, white, leather, custom, cute",photo_888_0.jpg
887,https://t.me/jotchuacontent/887,photo,2026-06-21 19:01:30,Rob.,"Jotchua's head is on Virgil van Dijk in the orange Netherlands kit, number 4, arms wide on the pitch. Gravenberch, in number 8, stands beside him with his back turned. Send this when the team scores or you are celebrating.","soccer, football, celebrating, goal, netherlands, orange, jersey, stadium, nike, virgil-van-dijk, gravenberch, happy, smile, smiling, joy, excited, wholesome, man, male, guy",photo_887_0.jpg
886,https://t.me/jotchuacontent/886,photo,2026-06-21 19:01:29,Rob.,"Cartoon Jotchua in black sunglasses lies on the beach sipping an orange drink with a lime, palm trees and a pool against a pink sky. Send this when you are on vacation or just chilling.","beach, sunglasses, cocktail, drink, lime, straw, palm-trees, summer, vacation, pool, cartoon, sun, chill, cute",photo_886_0.jpg
885,https://t.me/jotchuacontent/885,photo,2026-06-21 19:01:29,Rob.,An army of metal robots with glowing translucent chests and Jotchua heads stands in rows in a dark industrial hall. Send this when the clones roll out or there is a whole squad of them.,"robots, clones, army, sci-fi, i-robot, metal, rows, glowing, translucent, chest, industrial",photo_885_0.jpg
884,https://t.me/jotchuacontent/884,photo,2026-06-21 19:01:28,Rob.,"Jotchua wears an MF Doom metal mask and a gray beanie with a yellow nobody smiley, outdoors with mountains behind him. Send this when the fit is the masked rapper.","mf-doom, mask, metal, beanie, nobody, smiley, patch, rap, hip-hop, outdoor, mountains",photo_884_0.jpg
883,https://t.me/jotchuacontent/883,photo,2026-06-21 19:01:28,Rob.,"Jotchua in a black tuxedo and bow tie speaks into a microphone at a podium, one arm raised. Stormtroopers, one in chrome with a cape, and men in black stand before red flags with a white sun. Send this when someone is giving a grand speech.","speech, podium, microphone, tuxedo, bow-tie, salute, star-wars, stormtrooper, chrome, cape, armor, flag, taiwan, rally, uniform, man, male",photo_883_0.jpg
880,https://t.me/jotchuacontent/880,photo,2026-06-21 14:33:35,peacefuldestroy,"A text asks ""Babe why are you ignoring me?"" The reply is a photo of Jotchua, marked delivered, and then ""Understandable."" Send this when ignoring them is the right call.","texting, imessage, chat, bubbles, ignoring, ghosting, understandable, babe, delivered, reply",photo_880_0.jpg
879,https://t.me/jotchuacontent/879,photo,2026-06-21 14:07:31,peacefuldestroy,"Texts ask ""Do you want to change your life?"" The answer is ""How?"", then a photo of Jotchua outside, then ""I'm interested."" Send this when the pitch is just the picture and they are already in.","texting, imessage, chat, bubbles, invite, recruiting, interested, delivered, pitch, change-your-life, outdoor",photo_879_0.jpg
877,https://t.me/jotchuacontent/877,photo,2026-06-21 07:12:16,"remus (⚫️,◻️)","Jotchua's face sits in the middle of a cinnamon roll under white icing, on a plate on a wooden table. Send this when someone is a sweetheart, or for breakfast.","cinnamon-roll, icing, pastry, food, breakfast, plate, dessert, sweet, cute, happy, smile, smiling, joy, excited, wholesome",photo_877_0.jpg
872,https://t.me/jotchuacontent/872,photo,2026-06-21 07:12:08,"remus (⚫️,◻️)",Jotchua's face is the cap of a yellow mushroom growing from moss and dead leaves on the forest floor. Send this when something is just sprouting or you found one in the woods.,"mushroom, fungus, gills, forest, moss, leaves, woods, nature, sprouting, cute",photo_872_0.jpg
870,https://t.me/jotchuacontent/870,photo,2026-06-21 06:43:03,Ayo.,"Jotchua in a blue suit and tie holds praying hands under a red trade offer sign. He receives hate from the non believers, and you receive a multi milly runner in these market conditions. Send this when you are making that deal.","trade-offer, praying-hands, suit, tie, blue, purple, neon, hate, non-believers, runner, multi-milly, money, cash, wealth, winning, success, bullish, moon, pump, rich",photo_870_0.jpg
869,https://t.me/jotchuacontent/869,photo,2026-06-21 06:43:00,Ayo.,"Black-and-white Jotchua in a suit jacket sits in an armchair with both paws up. Text says faders and haters are waiting for the downfall while Jotchua makes ath after ath, and the bottom reads absolute cinema. Send this when a run is peak and the doubters look silly.","absolute-cinema, cinema, cheering, armchair, suit, paws, black-and-white, ath, all-time-high, faders, haters, happy, smile, smiling, joy, excited, wholesome, winning, success, bullish, moon, pump, rich",photo_869_0.jpg
860,https://t.me/jotchuacontent/860,photo,2026-06-21 06:42:49,Ayo.,"A three-panel comic shows a man hating the Jotchua run, then crashing his bike while he spreads fud. The last panel says the wreck fueled the virality and got Jotchua more eyes. Send this when the hate accidentally helps.","comic, panels, bike, bicycle, crash, falling, stick, fud, hater, virality, man, male, guy, winning, success, bullish, moon, pump, rich",photo_860_0.jpg
859,https://t.me/jotchuacontent/859,photo,2026-06-21 06:42:46,Ayo.,"Jotchua in a ruff and dark doublet writes with a quill, ""To cute, or not to cute: that is the question."" A portrait labeled Shakespawre hangs by the books, a candle burns on the other side, and the spines read Romeo and, Bark Julius Caesar, and Much Ado About Treats. Send this when you are deciding if something is cute.","shakespeare, shakespawre, hamlet, writing, quill, inkwell, candle, ruff, doublet, parchment, books, portrait, cute, costume, romeo, julius-caesar, bark, treats",photo_859_0.jpg
858,https://t.me/jotchuacontent/858,photo,2026-06-21 06:42:46,Ayo.,"In black and white, bearded Jotchua wears a head wrap and scarf beside the quote buy and hold $Jotchua. Send this when you are telling everyone to hold.","sage, guru, beard, head-wrap, scarf, robe, quote, buy-and-hold, coin, black-and-white, advice, winning, success, bullish, moon, pump, rich",photo_858_0.jpg
857,https://t.me/jotchuacontent/857,photo,2026-06-21 06:42:45,Ayo.,"The man labeled me looks back at Jotchua while his girlfriend, labeled other cute animal meta, holds his hand and stares. Send this when you ditch the old meta for Jotchua.","distracted-boyfriend, cheating, looking, temptation, girlfriend, street, plaid, jeans, meta, shocked, cute, woman, female, man, male, guy",photo_857_0.jpg
855,https://t.me/jotchuacontent/855,photo,2026-06-21 06:42:44,Ayo.,"Jotchua gives two thumbs-up outdoors, a plastic chair and mountains behind him. Send this when you approve, agree, or the plan looks good.","thumbs-up, approve, agree, yes, hands, outdoor, chair, mountains, happy, smile, smiling, joy, excited, wholesome",photo_855_0.jpg
852,https://t.me/jotchuacontent/852,photo,2026-06-21 06:42:43,Ayo.,"Jotchua sleeps with his eyes shut on a huge pile of hundred-dollar bills, wearing a blue checkered polo and a black jacket. Send this when you are rich and comfortable, or joking that you are.","sleep, sleepy, sleeping, nap, tired, winning, success, bullish, moon, pump, rich, money, cash, wealth, dollars, bills, hundreds, stacks, polo, checkered, blue, jacket, pile",photo_852_0.jpg
849,https://t.me/jotchuacontent/849,photo,2026-06-21 06:42:34,Ayo.,"Jotchua is dressed as Harry Potter, with round glasses, a lightning scar, a Gryffindor scarf and tie, a Hogwarts robe, and a wand. The caption on the picture reads Harry Paw-ter. Send this for a wizard or Harry Potter joke.","harry-potter, harry-paw-ter, wizard, glasses, wand, scar, lightning, gryffindor, hogwarts, robe, scarf, tie, magic, costume",photo_849_0.jpg
847,https://t.me/jotchuacontent/847,photo,2026-06-21 06:42:34,Ayo.,"Jotchua wears a black headset with red earcups and holds a PlayStation controller. He yells that he is playing an online game, mom, and asks what you mean by paws it. Send this when you are mid-match and someone wants you to stop.","gaming, gamer, headset, headphones, controller, playstation, ps4, mom, pause, paws, online, angry, mad, rage, pissed, annoyed",photo_847_0.jpg
846,https://t.me/jotchuacontent/846,photo,2026-06-21 06:42:34,Ayo.,"Jotchua wears a black Nike cap and a black track jacket with white sleeve stripes, arms crossed. The text says don't think, jotchua it, next to the swoosh. Send this when someone should stop hesitating and just do it.","nike, swoosh, cap, hat, jacket, track-jacket, just-do-it, logo, stripes, black, motivational",photo_846_0.jpg
843,https://t.me/jotchuacontent/843,photo,2026-06-21 06:42:30,Ayo.,"A hand holds Jotchua wrapped tight in a white blanket with little pastel shapes, like a burrito. The text says lets fkin go, im born ready. Send this when you are hyped and already committed.","blanket, burrito, wrapped, hand, hype, ready, born-ready, lets-go, lfg, happy, smile, smiling, joy, excited, wholesome",photo_843_0.jpg
842,https://t.me/jotchuacontent/842,photo,2026-06-21 06:42:29,Ayo.,"Jotchua wears a clear fishbowl on his head like a helmet. The text says they said im going to the moon, im ready. Send this when you are ready for a run to the moon.","fishbowl, helmet, space, astronaut, ready, winning, success, bullish, moon, pump, rich, money, cash, wealth",photo_842_0.jpg
841,https://t.me/jotchuacontent/841,photo,2026-06-21 06:42:29,Ayo.,"Jotchua wears a red-and-white checkered ghutra with a black agal, surrounded by doge text: jotchua in his jotchub, very culture, much arab, wow, so sand, and bork bork habibi. Send this as a habibi or very-culture reaction.","keffiyeh, ghutra, shemagh, agal, habibi, arab, doge, culture, sand, bork, jotchub, wow",photo_841_0.jpg
839,https://t.me/jotchuacontent/839,photo,2026-06-21 06:42:28,Ayo.,"Jotchua stares into the camera, ANYTHING IS above him and PAW-SIBBLE below. Send this when you are telling someone they can do it.","possible, paw-sible, motivational, encouragement, can-do, try, positive, cute",photo_839_0.jpg
837,https://t.me/jotchuacontent/837,photo,2026-06-21 06:42:17,Ayo.,"Someone says you bark too much, and Jotchua answers well god forbids I express my concerns. Send this when you get told to quiet down and you are not going to.","bark, barking, talking, sarcastic, clapback, concerns, god-forbids, god-forbid, annoyed, angry, mad, rage, pissed",photo_837_0.jpg
834,https://t.me/jotchuacontent/834,photo,2026-06-21 06:42:13,Ayo.,"Jotchua sips tea from a glass cup, teabag tag hanging, with DAMN COULDN'T BE ME along the bottom. Send this when the mess is someone else's problem.","tea, teabag, sipping-tea, gossip, smug, unbothered, couldnt-be-me, shade, lipton",photo_834_0.jpg
833,https://t.me/jotchuacontent/833,photo,2026-06-21 06:42:13,Ayo.,"At a traffic stop, a cop asks what is in the bottle. Jotchua says it is just water. The cop drinks from the paper bag, says this is wine, and Jotchua answers that Jesus has done it again. Send this for a water-to-wine joke or a stop that goes sideways.","police, cop, officer, man, male, guy, wine, water, bottle, paper-bag, car, traffic-stop, pulled-over, jesus, miracle, drinking, beanie, comic, panels",photo_833_0.jpg
832,https://t.me/jotchuacontent/832,photo,2026-06-21 06:42:12,Ayo.,"Jotchua's head sits on a man in a dark suit, a light blue striped shirt, and a dark tie, in front of office blinds. He says everybody calm down, its happening, then again louder. Send this when the thing you waited on is finally starting.","office, suit, tie, shirt, striped, blinds, hype, its-happening, man, male, guy, happy, smile, smiling, joy, excited, wholesome",photo_832_0.jpg
831,https://t.me/jotchuacontent/831,photo,2026-06-21 06:42:12,Ayo.,"Jotchua in a black beanie puts both paws up. The text says HANDS UP, YOU HAVE BEEN JOTCHED. Send this when somebody just got caught.","beanie, hands-up, paws, caught, busted, jotched, surrender, freeze",photo_831_0.jpg
829,https://t.me/jotchuacontent/829,photo,2026-06-21 06:42:11,Ayo.,"Jotchua holds a black camera in front of his chest. The badge on the strap reads PUP-ARAZZI PRESS. Send this when you are snooping, taking pictures, or playing the press.","camera, paparazzi, pup-arazzi, press, photographer, reporter, badge, news",photo_829_0.jpg
828,https://t.me/jotchuacontent/828,photo,2026-06-21 06:42:10,Ayo.,"Jotchua in a navy suit and tie clasps his paws and asks if he may interest you in a money-making oppurr-tunity. Send this when a pitch shows up, or when you are the one pitching.","suit, tie, salesman, pitch, business, opportunity, money, cash, wealth, scam, mlm",photo_828_0.jpg
827,https://t.me/jotchuacontent/827,photo,2026-06-21 06:41:59,Ayo.,"Jotchua is green and dressed as Shrek, in a vest and belt. He yells you fudder, get out of my swamp. Send this when you want someone out of your space.","shrek, swamp, ogre, green, vest, belt, yelling, fud, fudder, angry, mad, rage, pissed, annoyed",photo_827_0.jpg
826,https://t.me/jotchuacontent/826,photo,2026-06-21 06:41:58,Ayo.,"Jotchua has pink blush lines on his cheeks. The text says hi, lets be furr-iends. Send this when you are shyly saying hello or asking to be friends.","blush, blushing, shy, awkward, friends, hello, hi, greeting, cute",photo_826_0.jpg
825,https://t.me/jotchuacontent/825,photo,2026-06-21 06:41:56,Ayo.,"Jotchua wears thick black glasses, a white lab coat, and a tie, with pens in the pocket. The text says research says if you believe in Jotchua, you have top iq thingy. Send this when you want to crown an opinion as high-IQ.","scientist, lab-coat, glasses, nerd, smart, top-iq, research, believe, pens, tie",photo_825_0.jpg
823,https://t.me/jotchuacontent/823,photo,2026-06-21 06:41:54,Ayo.,"Jotchua wears a cartoon police uniform, badge, and hat, and holds a baton. The text says ARRESTED, for spreading fud about Jotchua everywhere. Send this when you are busting someone for talking doubt.","police, cop, officer, arrested, arrest, badge, baton, uniform, hat, tie, belt, fud, cartoon",photo_823_0.jpg
822,https://t.me/jotchuacontent/822,photo,2026-06-21 06:41:54,Ayo.,Jotchua in a camo cap and jacket holds a rifle beside his face. The text says UNALIVE ALL FUDDERS. Send this when you are done hearing doubt.,"camo, camouflage, cap, hat, jacket, rifle, gun, hunting, hunter, fud, fudder, unalive, angry, mad, rage, pissed, annoyed",photo_822_0.jpg
821,https://t.me/jotchuacontent/821,photo,2026-06-21 06:41:53,Ayo.,"Jotchua wears a laurel wreath, a white toga, and a red cloak. The text says HAVE PATIENCE and ROME WASN'T BUILT IN A DAY. Send this when someone needs to wait.","roman, rome, caesar, emperor, laurel, wreath, toga, cloak, patience, waiting, brooch",photo_821_0.jpg
820,https://t.me/jotchuacontent/820,photo,2026-06-21 06:41:53,Ayo.,"Jotchua's head sits on a guy in a black polo at a shipping dock, a container ship behind him, over the line SURPRISE MOTHERF*CKER. Send this when you show up out of nowhere.","surprise-motherfucker, polo, shirt, black, dock, port, ship, shipping, container, cargo, muscular, man, male, guy",photo_820_0.jpg
819,https://t.me/jotchuacontent/819,photo,2026-06-21 06:41:52,Ayo.,"Jotchua salutes in a camouflage helmet and jacket, with a chevron on the helmet and a name tape that reads JOTCHUA. Send this when you are reporting in or showing respect.","soldier, salute, saluting, army, military, camo, camouflage, helmet, uniform, jacket, chevron, insignia",photo_819_0.jpg
818,https://t.me/jotchuacontent/818,photo,2026-06-21 06:41:52,Ayo.,"Jotchua stares straight into the camera, with PURRFECT across the bottom. Send this when something looks just right, or as a small compliment.","staring, stare, eyes, close-up, purr, purrfect, perfect, cute, compliment",photo_818_0.jpg
817,https://t.me/jotchuacontent/817,photo,2026-06-21 06:41:46,Ayo.,"Tom Holland as Spider-Man crouches on a rooftop at night and says everywhere I go, with a train behind him. In the next panel he sits beside a screen that shows Jotchua and says I see his face. Send this when you keep seeing the same thing everywhere.","tom-holland, spider-man, marvel, man, male, guy, rooftop, night, city, screen, frame, brick, train, subway, everywhere, costume, obsession, two-panel",photo_817_0.jpg
816,https://t.me/jotchuacontent/816,photo,2026-06-21 06:41:45,Ayo.,"A painted gentleman Jotchua in a dark suit, patterned vest, and high white collar sits in a chair under the word Gentleman. The line says it's with great pleasure I welcome you to the Jotchua cult. Send this when you are greeting someone formally or inviting them in.","gentleman, suit, vest, stripes, vintage, painting, portrait, cult, welcome, formal, chair, collar, invitation, seated, paws",photo_816_0.jpg
813,https://t.me/jotchuacontent/813,photo,2026-06-21 06:41:42,Ayo.,"Nine sticker faces of Jotchua sit on black, labeled fine, infected, injured, drugged, drunk, angry, dead, smoking, and burning. The corner calls them status icons for the experience, starring Jotchua. Send this when you are picking a state or showing how the night is going.","status, icons, grid, stickers, moods, fine, infected, injured, blood, scratches, drugged, drugs, syringe, drunk, bottle, alcohol, spiral-eyes, snarling, dead, x-mark, smoking, cigarette, burning, fire, experience",photo_813_0.jpg
812,https://t.me/jotchuacontent/812,photo,2026-06-21 06:41:41,Ayo.,"A who-would-win card puts Jotchua on the left and, on the right, asks if you are kidding, because no one can beat him. Send this when you are flexing that there is no competition.","who-would-win, versus, fight, champion, unbeatable, competition, flex, confident, winning, success, bullish, moon, pump, rich",photo_812_0.jpg
811,https://t.me/jotchuacontent/811,photo,2026-06-21 06:41:41,Ayo.,"Jotchua wears white earbuds and stares, captioned as listening to his recorded vocals after thinking he nailed every note. Send this when you play yourself back and it is worse than you thought.","earbuds, earphones, listening, vocals, singing, recording, music, cringe, embarrassed, regret, staring, voice",photo_811_0.jpg
810,https://t.me/jotchuacontent/810,photo,2026-06-21 06:41:40,Ayo.,Jotchua's head sits on Forrest Gump in a white suit and blue plaid shirt on a park bench. The caption says my mumma told me I'm special. Send this when you are calling yourself special.,"forrest-gump, bench, park, suit, plaid, shirt, special, mom, mumma, sitting, man, male, movie, outdoors",photo_810_0.jpg
809,https://t.me/jotchuacontent/809,photo,2026-06-21 06:41:40,Ayo.,"Two police Jotchuas in blue uniforms hold a handcuffed Jotchua in an orange jumpsuit numbered 069420. The text says arrested for being everywhere on X, and that he is going to keep doing it. Send this when you got in trouble for posting too much and you are not stopping.","arrested, police, cops, jail, prison, jumpsuit, handcuffs, orange, uniform, badge, police-hat, cartoon, posting, twitter, spam, unbothered, trouble",photo_809_0.jpg
808,https://t.me/jotchuacontent/808,photo,2026-06-21 06:41:39,Ayo.,Gollum holds Jotchua up in one hand in a fiery cave and the caption says precious. Send this when something is your treasure and you are not letting go.,"gollum, lotr, precious, my-precious, holding, cave, fire, obsessed, treasure, creature, clutching, hands, greedy",photo_808_0.jpg
807,https://t.me/jotchuacontent/807,photo,2026-06-21 06:41:36,Ayo.,Jotchua wears dark bull horns and a gold chain with a small bull charm. The caption says feeling kinda bull-ish. Send this when you are bullish or the market feels good.,"horns, bull, gold-chain, charm, jewelry, flex, winning, success, bullish, moon, pump, rich, money, cash, wealth",photo_807_0.jpg
805,https://t.me/jotchuacontent/805,photo,2026-06-21 06:41:33,Ayo.,"Jotchua holds up a paw beside stacked text that reads join the cult and have unlimited aura, the red letters spelling the name. Send this as a hello or an invite in.","waving, paw, hello, greeting, hi, cult, aura, letters, join, recruitment, initials, cute",photo_805_0.jpg
804,https://t.me/jotchuacontent/804,photo,2026-06-21 06:41:32,Ayo.,"Jotchua, in round glasses, a brown beret, and a headset, rests his chin on a ringed hand. The text says he sold, now send it. Send this when someone just sold and you want the next order to go.","glasses, headset, beret, microphone, ring, turtleneck, trading, trader, sold, sell, send-it, hand-on-chin, winning, success, bullish, moon, pump, rich, money, cash, wealth",photo_804_0.jpg
803,https://t.me/jotchuacontent/803,photo,2026-06-21 06:41:32,Ayo.,Jotchua in a brown winter parka stands on a snowy street and says he is once again asking you to put on the profile picture. Send this as the Bernie Sanders ask when you want someone to change their picture.,"bernie-sanders, man, male, parka, coat, jacket, winter, snow, pfp, profile-picture, asking, street, cold, neighborhood, request",photo_803_0.jpg
802,https://t.me/jotchuacontent/802,photo,2026-06-21 06:41:31,Ayo.,"Jotchua in a black hoodie gives a side-eye and says coincidence, I think not. Send this when something lines up too neatly to be an accident.","side-eye, hoodie, suspicious, conspiracy, doubt, skeptical, coincidence, distrust, theory, cartoon, glancing",photo_802_0.jpg
801,https://t.me/jotchuacontent/801,photo,2026-06-21 06:41:30,Ayo.,Will Smith yells in a black suit and tie beside Jotchua in a black baseball cap and aviator sunglasses. The line says keep my Jotchua's name out of your mouth. Send this when you are warning someone to stop talking about it.,"will-smith, man, male, guy, angry, mad, rage, pissed, annoyed, yelling, sunglasses, aviators, baseball-cap, oscars, suit, tie, shirt, audience, warning",photo_801_0.jpg
800,https://t.me/jotchuacontent/800,photo,2026-06-21 06:41:30,Ayo.,"Jotchua stares under the line that you still have not bought, and the bottom calls it pathetic. Send this when you are shaming someone who is still on the sidelines.","staring, pathetic, judging, shame, shaming, insult, mocking, coin, buy, holder, sidelined",photo_800_0.jpg
799,https://t.me/jotchuacontent/799,photo,2026-06-21 06:41:29,Ayo.,"Jotchua stares while the text says this is how I listen to the fudders' reasoning, already knowing their entire thesis is about to be proven wrong. Send this when you are hearing a bad take and you know you are right.","staring, listening, smug, judging, fud, thesis, wrong, cope, skeptical, winning, success, bullish, moon, pump, rich",photo_799_0.jpg
798,https://t.me/jotchuacontent/798,photo,2026-06-21 06:41:29,Ayo.,"Jotchua stares under what to buy, seriously, and the bottom line says buy Jotchua for real. Send this when someone is stuck choosing and you want them to just buy.","staring, buy, buying, shopping, choice, serious, coin, fomo, winning, success, bullish, moon, pump, rich, money, cash, wealth",photo_798_0.jpg
797,https://t.me/jotchuacontent/797,photo,2026-06-21 06:41:25,Ayo.,"Jotchua stares under how much of a holder you want to be, and the bottom line is yess. Send this when you are in and the answer is just yes.","staring, yess, yes, agree, holder, holding, bags, join, coin, winning, success, bullish, moon, pump, rich, money, cash, wealth",photo_797_0.jpg
796,https://t.me/jotchuacontent/796,photo,2026-06-21 06:41:25,Ayo.,"Jotchua stares straight ahead under the words go on, I'm listening. Send this when you want someone to keep talking.","staring, listening, waiting, attentive, interested, serious, deadpan, story, conversation, go-on",photo_796_0.jpg
794,https://t.me/jotchuacontent/794,photo,2026-06-21 06:41:21,Ayo.,"The cashier asks to take the order, and Jotchua answers no, it's mine. Send this when you are keeping the food and refusing to share.","staring, cashier, order, food, restaurant, refusing, selfish, mine, possessive, greedy",photo_794_0.jpg
792,https://t.me/jotchuacontent/792,photo,2026-06-21 06:41:20,Ayo.,A loading spinner sits on Jotchua's forehead. The text says ten-year-old me pretending to ignore the game so it loads faster. Send this when a game or download is stuck loading.,"loading, spinner, loading-icon, waiting, gaming, video-game, ignoring, childhood, ten-year-old, download, buffering, pretend, impatient, stuck",photo_792_0.jpg
765,https://t.me/jotchuacontent/765,photo,2026-06-21 06:40:48,Ayo.,"Jotchua wears a brown cowboy hat and a fringed bandana, with a wagon wheel and a wooden fence behind him. Send this for a western, cowboy, or ranch mood.","cowboy, cowboy-hat, bandana, western, fringe, wagon-wheel, fence, ranch, mountains, costume, cute, outdoors",photo_765_0.jpg
763,https://t.me/jotchuacontent/763,photo,2026-06-21 06:40:47,Ayo.,"Jotchua stares into the camera under the question of how many Jotchua coin you hold, and the bottom line is yess. Send this when you hold, or when you are saying yes to holding more.","staring, coin, holding, hodl, bags, yess, yes, agree, holder, winning, success, bullish, moon, pump, rich, money, cash, wealth",photo_763_0.jpg
762,https://t.me/jotchuacontent/762,photo,2026-06-21 06:40:46,Ayo.,"A text thread asks if you want to join a religion. The reply asks what the religion is, and the answer is a photo of Jotchua, followed by I'm interested. Send this when you are recruiting someone into the cult.","texting, imessage, messages, chat, phone, screenshot, cult, religion, join, interested, recruitment, blue-bubbles, reply, delivered",photo_762_0.jpg
761,https://t.me/jotchuacontent/761,photo,2026-06-21 06:40:46,Ayo.,"A chart titled what gives people feelings of power shows a short green bar for money, a slightly longer blue bar for status, and a long pink bar that is just a photo of Jotchua. Send this when he beats money and status.","chart, bar-chart, power, status, ranking, feelings, pink, graph, photo",photo_761_0.jpg
760,https://t.me/jotchuacontent/760,photo,2026-06-21 06:40:45,Ayo.,"Jotchua in a blue sweatshirt printed $Jotchua mashes a glowing green BUY button while a crowd panics behind him. The screens read market crash at minus 24.32 percent, extreme fear, crypto bloodbath, and a portfolio at minus 99.8 percent, and a mug says this is fine. Send this when you are buying the dip anyway.","buy, button, green, sweatshirt, dip, buying, market-crash, crash, extreme-fear, fear-index, bloodbath, portfolio, this-is-fine, mug, panic, crowd, chart",photo_760_0.jpg
759,https://t.me/jotchuacontent/759,photo,2026-06-21 06:40:44,Ayo.,"A hooded man is a silhouette at the blinds, labeled $Jotchua haters and faders, and says he fears no man. The bottom row says but that thing, shows Jotchua, and ends with it scares me. Send this when something harmless still scares you, or the haters are spooked.","scared, fear, horror, creepy, haters, faders, hood, blinds, silhouette, i-fear-no-man, man, male, guy",photo_759_0.jpg
757,https://t.me/jotchuacontent/757,photo,2026-06-21 06:07:46,peacefuldestroy,Jotchua wears a tall white chef hat with a wooden spoon beside his face. Send this when you are cooking or the chef has spoken.,"chef, hat, toque, spoon, wooden-spoon, cooking, cute",photo_757_0.jpg
756,https://t.me/jotchuacontent/756,photo,2026-06-21 05:28:56,peacefuldestroy,"Jotchua wears Guts's black cloak and metal shoulder armor, with spiky hair white on one side and black on the other, and a huge bloodstained sword on his back. A castle and a black flag with a red emblem sit under storm clouds behind him. Send this when you are locked in or on your Berserk arc.","berserk, guts, sword, armor, cloak, warrior, castle, flag, blood, anime, manga, storm, emblem",photo_756_0.jpg
755,https://t.me/jotchuacontent/755,photo,2026-06-21 05:03:33,SHARINGAN SOL 🐂🀄,"A GTA VI poster titled pump fun trenches is a sunset collage. Panels show an orange hot dog with a baseball bat in a helicopter, a muscular trollface, a green goblin fleeing police on a motorcycle, a guy with a house for a head, a man in a suit behind the logo, and Jotchua sitting on a rock by the water. The bottom row has a blocky Minecraft character beside an orange Lamborghini, a man with a rifle, and a driver wrapped in white on a speedboat beside a flamingo. Send this when the timeline is pure trench chaos.","gta, gta-6, collage, poster, pump-fun, trenches, trollface, goblin, motorcycle, police, house-head, minecraft, lamborghini, rifle, speedboat, sunset, palm-trees, suit, flamingo, helicopter, hot-dog, baseball-bat, man, male, guy",photo_755_0.jpg
753,https://t.me/jotchuacontent/753,photo,2026-06-21 05:02:50,SHARINGAN SOL 🐂🀄,"Three Jotchuas stand inside an x-ray of a human head, filling the brain inside the skull. Send this when he is living in your head.","brain, x-ray, skull, head, thinking, brainrot, mind, obsessed, rent-free",photo_753_0.jpg
751,https://t.me/jotchuacontent/751,photo,2026-06-21 05:02:42,Chris,"The Jotchua starter pack calls him legend, good boy, and icon. Tiles show king behavior, a suited Jotchua holding stacks of cash, a ritual circle, the plastic-chair throne, a green plastic bag, a food bowl, a pump fun balloon scene, and a daily schedule of sleep, explore, get called Jotchua, nap, and repeat. The footer says 100 percent good boy, 100 percent Jotchua, zero chill. Send this when someone asks for the whole personality.","starter-pack, collage, good-boy, king-behavior, ritual, rifle, soldier, pump-fun, hot-air-balloon, suit, phone, cigarette, smoking, car, chair, throne, plastic-bag, bowl, mountains, schedule, woman, female, man, male, leader",photo_751_0.jpg
749,https://t.me/jotchuacontent/749,photo,2026-06-21 05:02:40,Chris,"Jotchua wears a red strawberry hat and a black T-shirt with a TODDOU ZOO graphic, holding a phone, with a black watch on one paw, against a peeling brick wall. Send this when you are on your phone or the outfit is the bit.","strawberry, hat, phone, watch, t-shirt, toddou-zoo, brick, wall, costume, cute",photo_749_0.jpg
748,https://t.me/jotchuacontent/748,photo,2026-06-21 05:02:40,Chris,"Jotchua stands outdoors behind a big yellow letter A with black ruler ticks, a plastic chair and hills behind him. Send this when the grade is an A or you need a giant A.","letter-a, yellow, ruler, costume, chair, outdoor, mountains, cute",photo_748_0.jpg
747,https://t.me/jotchuacontent/747,photo,2026-06-21 05:02:39,Chris,"A Minecraft wolf with Jotchua's face and a red collar lies in the grass while pixel hearts float overhead, with a stone house, a pond, and a flower behind him. Send this when it is cute, loved, or tamed.","minecraft, wolf, collar, hearts, grass, house, flower, pond, blocky, tamed, love, heart, crush, cute",photo_747_0.jpg
746,https://t.me/jotchuacontent/746,photo,2026-06-21 05:02:38,Chris,A blocky Minecraft Jotchua wears a diamond helmet and diamond chestplate and holds an iron pickaxe against a black background. Send this when you are geared up and ready to mine.,"minecraft, diamond, armor, helmet, chestplate, pickaxe, iron, blocky, mining",photo_746_0.jpg
737,https://t.me/jotchuacontent/737,photo,2026-06-21 02:32:11,peacefuldestroy,"Jotchua wears a white T-shirt that reads i love Jotchua with a red heart, outdoors by a plastic chair with mountains behind him. Send this when you love him or want the shirt.","t-shirt, love, heart, crush, cute, mountains, chair, outdoor",photo_737_0.jpg
734,https://t.me/jotchuacontent/734,photo,2026-06-20 16:33:04,peacefuldestroy,"Jotchua stands in silhouette on a ridge, back to the camera, watching an orange sunset over the mountains. Send this when the day is over or you are just looking at the sky.","sunset, silhouette, standing, sun, sky, orange, mountains, dusk, evening, backlit, clouds, ridge",photo_734_0.jpg
733,https://t.me/jotchuacontent/733,photo,2026-06-20 15:02:11,peacefuldestroy,"Jotchua's face is on Michael Jordan as he cries into the NBA championship trophy in a red Bulls jersey, blue tears on his cheeks, while his father James Jordan, also with Jotchua's face, holds him in a suit and a Bulls cap. Send this when you won and it still makes you cry.","michael-jordan, james-jordan, chicago-bulls, nba, basketball, trophy, championship, crying, tears, sobbing, sad, upset, down, depressed, emo, down-bad, lonely, winning, success, bullish, moon, pump, rich, suit, man, male",photo_733_0.jpg
732,https://t.me/jotchuacontent/732,photo,2026-06-20 15:02:10,peacefuldestroy,"On a phone, the 4-hour Jotchua/USDC chart goes vertical to about a 500 million market cap, up 2,962 percent, with his face behind the candles. Send this when the chart is sending.","chart, candlestick, green, phone, screenshot, market-cap, usdc, 4-hour, vertical, winning, success, bullish, moon, pump, rich, money, cash, wealth",photo_732_0.jpg
731,https://t.me/jotchuacontent/731,photo,2026-06-20 15:02:10,peacefuldestroy,"Jotchua's face is on two Miami Heat players against the Bucks. Dwyane Wade in number 3 spreads his arms in front, and LeBron James in number 6 goes up with the ball near the hoop. Send this when the game is on or you are hooping.","basketball, nba, miami-heat, milwaukee-bucks, dwyane-wade, lebron-james, jersey, court, ball, rim, sports, man, male, guy",photo_731_0.jpg
730,https://t.me/jotchuacontent/730,photo,2026-06-20 14:59:21,peacefuldestroy,"A grainy black-and-white closeup of Jotchua stares out of the dark, face soft and distorted. Send this when something is creepy, cursed, or watching you.","scared, fear, horror, creepy, staring, closeup, black-and-white, grainy, dark, cursed, distorted",photo_730_0.jpg
729,https://t.me/jotchuacontent/729,photo,2026-06-20 14:59:21,peacefuldestroy,"Jotchua has a gold halo and faint wings against a blue sky full of clouds. Send this when someone is an angel, blessed, or being wholesome.","angel, halo, wings, clouds, sky, heaven, gold, cute, happy, smile, smiling, joy, excited, wholesome",photo_729_0.jpg
728,https://t.me/jotchuacontent/728,photo,2026-06-20 14:59:20,peacefuldestroy,"Jotchua wears a black suit and tie in the rain, one tear on his cheek. Send this when you are sad, crying, or standing in the rain.","suit, tie, rain, formal, sad, upset, down, depressed, emo, down-bad, lonely, crying, tears, sobbing",photo_728_0.jpg
727,https://t.me/jotchuacontent/727,photo,2026-06-20 14:59:20,peacefuldestroy,"Green arrows, a rising line, and a bar chart cover the view behind Jotchua, with mountains in the back. Send this when it is pumping and every arrow is green.","arrows, green, chart, bars, line-chart, mountains, winning, success, bullish, moon, pump, rich",photo_727_0.jpg
725,https://t.me/jotchuacontent/725,photo,2026-06-20 14:37:14,peacefuldestroy,"A black ink tattoo on skin shows Jotchua's face in a rectangle of stippled black, with JOTCHUA lettered underneath and a curved arrow above the frame. Send this when the tattoo is real or you would get it.","tattoo, ink, skin, portrait, blackwork, lettering, rectangle, stipple, arrow",photo_725_0.jpg
724,https://t.me/jotchuacontent/724,photo,2026-06-20 14:37:14,peacefuldestroy,"A blue-haired guy in an orange shirt covers his mouth, eyes wide, while red arrows point at an incoming call that shows Jotchua's face. A tiny Jotchua is pasted beside his shoulder, and dripping red text says 3AM. Send this when the call comes in the middle of the night.","phone, call, shocked, 3am, arrows, blue-hair, orange-shirt, hand-over-mouth, man, male, guy, reaction, late-night, shoulder",photo_724_0.jpg
723,https://t.me/jotchuacontent/723,photo,2026-06-20 14:37:13,peacefuldestroy,"A colored-pencil drawing of Jotchua sits on a sheet of paper, with mountains, a path, and a white plastic chair behind him, shown as a phone screenshot. A pencil touches the corner of the page. Send this when the portrait or the fan art drops.","drawing, colored-pencil, portrait, art, mountains, path, chair, landscape, screenshot, phone, paper",photo_723_0.jpg
722,https://t.me/jotchuacontent/722,photo,2026-06-20 14:37:13,peacefuldestroy,"On a thigh, two blackwork tattoos sit side by side. Jotchua is labeled horizontally blessed with a double-headed arrow; the darker panel is José Luis, labeled vertically privileged. Send this for the comparison, or for wide versus tall.","tattoo, ink, leg, thigh, jose-luis, horizontally-blessed, vertically-privileged, comparison, arrow, blackwork, wide, tall",photo_722_0.jpg
721,https://t.me/jotchuacontent/721,photo,2026-06-20 14:37:12,peacefuldestroy,"Two heart earrings rest on green velvet. One reads jotchua my beloved; the other holds a photo of his face. Send this for your beloved, a crush, or custom fan jewelry.","earrings, jewelry, heart, love, crush, cute, beloved, gift, merch, photo, green, velvet",photo_721_0.jpg
720,https://t.me/jotchuacontent/720,photo,2026-06-20 14:37:11,peacefuldestroy,"A blonde news anchor in a white blouse holds a soft, blurry Jotchua up on a blue studio set. The lower third is cropped and the readable part ends in AD ALERT. Send this when it made the news, or you are the thing they are holding up.","news, tv, television, anchor, reporter, broadcast, woman, female, blonde, holding, chyron, alert, studio, screenshot, blouse",photo_720_0.jpg
719,https://t.me/jotchuacontent/719,photo,2026-06-20 14:37:11,peacefuldestroy,"A thick black mustache is drawn under Jotchua's nose on a close-up, plastic chair and hills behind him. Send this when you doodle on a picture or want a cheap disguise.","mustache, doodle, drawing, disguise, portrait, closeup, edit, outdoors, chair",photo_719_0.jpg
718,https://t.me/jotchuacontent/718,photo,2026-06-20 14:37:10,peacefuldestroy,"A black-border poster shows Jotchua beside the Eiffel Tower in a graduation cap and a drawn mustache, with a baguette beside his cheek, captioned Lé Jotchua. Send this for a French joke, Paris, or graduating somewhere fancy.","french, france, eiffel-tower, paris, graduation, grad, cap, mustache, poster, demotivational, baguette, bread",photo_718_0.jpg
715,https://t.me/jotchuacontent/715,photo,2026-06-20 12:55:27,Castl3vania,"Jotchua sits in a fighter-plane cockpit in a fleece aviator cap and goggles, with RPM and boost gauges on the panel and a gunsight in the windscreen, open ocean on the horizon. Send this when you are the pilot, locked in, or on a mission.","pilot, flying, fighter, plane, cockpit, aviator-cap, goggles, sky, ocean, horizon, military, aviation, gauges, gunsight, wwii, rpm, oxygen, boost",photo_715_0.jpg
714,https://t.me/jotchuacontent/714,photo,2026-06-20 12:55:25,Castl3vania,"Joe Biden, in a dark suit, kisses the side of Jotchua's head while Jotchua looks into the camera. Send this for a Biden photo, a weird kiss, or politics.","joe-biden, kissing, kiss, president, politics, suit, man, male, guy, white-hair, head, formal",photo_714_0.jpg
713,https://t.me/jotchuacontent/713,photo,2026-06-20 12:55:24,Castl3vania,"Jotchua stands in a hardware aisle in an orange Home Depot apron that reads Hi, I'm JOTCHUA and I put customers FIRST, store logo on the chest. Send this when you work retail, stock shelves, or you are the employee who helps.","home-depot, apron, orange, store, retail, hardware, employee, working, job, uniform, shelves, aisle, customers, logo",photo_713_0.jpg
712,https://t.me/jotchuacontent/712,photo,2026-06-20 12:55:24,Castl3vania,"Jotchua wears a yellow hard hat and smokes a lit cigarette in front of a half-framed Minecraft house, blocky grass, a pixel rainbow, and three rolled blueprints. Send this for a job site, a build, or Minecraft construction.","construction, hard-hat, helmet, smoking, cigarette, minecraft, building, blocks, rainbow, blueprints, job-site, contractor, house, wood, pixel",photo_712_0.jpg
710,https://t.me/jotchuacontent/710,photo,2026-06-20 12:55:23,Castl3vania,"Jotchua wears a black graduation cap with a tassel in a green park, trees and a playground behind him and a picnic pavilion off to the side. Send this for graduation, the last day of school, or a grad photo.","graduation, grad, cap, mortarboard, tassel, school, park, outdoors, trees, sky, playground, pavilion",photo_710_0.jpg
709,https://t.me/jotchuacontent/709,photo,2026-06-20 12:55:23,Castl3vania,"Bold text over Jotchua's stare reads I LIVE IN YOUR WALLS. Send this when you are lurking, hiding nearby, or trying to be creepy.","walls, staring, hiding, lurking, text, caption, copypasta, cursed, unhinged, scared, fear, horror, creepy",photo_709_0.jpg
708,https://t.me/jotchuacontent/708,photo,2026-06-20 12:55:23,Castl3vania,"Jotchua is pasted over a Lego Star Wars cantina: his face is the corner portrait with four hearts, and a big blocky body fills the foreground while a minifigure with a green lightsaber stands by the bar. The HUD shows a timer, 100.0%, and a press-start prompt. Send this when you are playing Lego Star Wars or you just cleared a game.","lego, star-wars, lego-star-wars, game, gaming, screenshot, lightsaber, jedi, cantina, hud, health, hearts, minifigure, timer, completion, bar",photo_708_0.jpg
707,https://t.me/jotchuacontent/707,photo,2026-06-20 12:55:22,Castl3vania,"Jotchua is propped up in a hospital bed in a blue surgical cap and an oxygen mask, a loaded cheeseburger beside his face, monitors and cables on the wall. Send this when you are sick, stuck in the hospital, or eating anyway.","hospital, bed, patient, sick, mask, oxygen, burger, food, cheeseburger, hungry, medical, monitor, cables, surgical-cap",photo_707_0.jpg
706,https://t.me/jotchuacontent/706,photo,2026-06-20 12:55:22,Castl3vania,"Jotchua stands behind a McDonald's counter in a red visor, registers in front of him and the lit menu boards above. Send this when you are on a fast-food shift or clocked in at work.","mcdonalds, fast-food, cashier, visor, hat, uniform, register, counter, menu, working, job, employee, restaurant, burger, golden-arches",photo_706_0.jpg
705,https://t.me/jotchuacontent/705,photo,2026-06-20 12:55:22,Castl3vania,"A story-select screen puts haloed HERO Jotchua on a blue panel beside horned DARK Jotchua on red, with Select, Confirm, and Back underneath. Send this when you are choosing a path, the hero run, or the villain arc.","story-select, hero, villain, dark, halo, angel, horns, devil, evil, choice, choose, game, menu, alignment, buttons, red, blue",photo_705_0.jpg
704,https://t.me/jotchuacontent/704,photo,2026-06-20 12:55:21,Castl3vania,"Jotchua stares under a caption that reads, always come downstairs when your mom calls you for dinner, trust me, signed Jotchua 5:15. Send this when dinner is ready, mom is calling, or you want fake scripture.","dinner, mom, mother, food, quote, advice, staring, bible, verse, scripture, downstairs, caption, text, trust",photo_704_0.jpg
703,https://t.me/jotchuacontent/703,photo,2026-06-20 12:55:20,Castl3vania,"Red circles and a curved arrow compare two upward ink arcs, drawn like closed eyes on Jotchua's forehead, with a Sacred Heart painting of Jesus. The text says the up and the down symbolize the opposites. Send this when a comparison is a stretch, or for a fake art reading.","jesus, sacred-heart, painting, art, comparison, opposites, arrow, circle, forehead, eyes, religion, holy, halo, cross, catholic, man, male, diagram",photo_703_0.jpg
701,https://t.me/jotchuacontent/701,photo,2026-06-20 10:45:20,peacefuldestroy,"Jotchua wears the blocky black deal-with-it sunglasses over a straight face. Send this when you are unbothered, finished arguing, or telling someone to deal with it.","sunglasses, shades, glasses, deal-with-it, thug-life, pixel, 8-bit, mlg, cool, swag",photo_701_0.jpg
700,https://t.me/jotchuacontent/700,photo,2026-06-20 10:45:19,peacefuldestroy,"Jotchua's skull is open around a bare brain while a mercury syringe comes down on it. Hands hold a fluoride cup and a ritalin cup; aluminum streaks, a wifi mark, a cell tower, and a pile of skulls fill the purple backdrop. Send this for a conspiracy spiral, chemicals, or wifi frying your brain.","conspiracy, brain, skull, open-brain, fluoride, aluminum, wifi, ritalin, mercury, syringe, needle, cell-tower, antenna, cup, chemicals, skulls, hands",photo_700_0.jpg
699,https://t.me/jotchuacontent/699,photo,2026-06-20 10:45:19,peacefuldestroy,"Jotchua's eyes and nose are set into a yellow pear on a plain background. Send this when the whole point is a pear, or the edit is nonsense.","pear, fruit, yellow, face, eyes, nose, food, photoshop, edit, stem",photo_699_0.jpg
698,https://t.me/jotchuacontent/698,photo,2026-06-20 10:45:18,peacefuldestroy,"The JOTCHUAMAXXING chart, subtitled return to memes, lines up long walks, sunmaxxing, relaxing, no job, high testosterone, nature, a low cortisol gauge, camping, no alarm, reading and workouts, sleeping a lot, and prayer with a rosary. Send this as a looksmaxxing routine or a how-I-live checklist.","maxxing, looksmaxxing, sunmaxxing, guide, infographic, collage, routine, walks, relaxing, no-job, testosterone, high-t, cortisol, nature, camping, no-alarm, reading, workout, prayer, faith, rosary, cross, man, male",photo_698_0.jpg
697,https://t.me/jotchuacontent/697,photo,2026-06-20 10:45:18,peacefuldestroy,"Jotchua stands in a white sweater and light blue pants in a green field under an orange sunset, with falling leaves in the sky. Send this for a calm evening, a soft day outside, or a cozy picture.","sunset, field, grass, sweater, pants, clothes, leaves, illustration, drawing, standing, outdoors, nature, sky, cute, cozy, barefoot",photo_697_0.jpg
695,https://t.me/jotchuacontent/695,photo,2026-06-20 10:45:16,peacefuldestroy,"Jotchua wears a red-and-white checkered ghutra held by a black agal, hills and a plastic chair behind him. Send this for Gulf headwear, a shemagh, or a keffiyeh costume.","ghutra, shemagh, keffiyeh, agal, headscarf, scarf, checkered, red-white, arab, outdoors, mountains, costume",photo_695_0.jpg
694,https://t.me/jotchuacontent/694,photo,2026-06-20 10:45:16,peacefuldestroy,"Jotchua is drawn shirtless and jacked, snapback on, smoking a pipe, with wristbands on both arms. Send this when you are him, built, or on a chad run.","shirtless, muscles, jacked, buff, swole, abs, snapback, hat, pipe, smoking, wristbands, chad, gigachad, cartoon, drawing, flex",photo_694_0.jpg
693,https://t.me/jotchuacontent/693,photo,2026-06-20 10:40:03,Enmaaaa Crypto,"Jotchua watches from the top of the stairs as two smiling men and three cartoon characters walk down. A gray-haired girl wears a Don't Tread cap, sunglasses, and a tank top that says Stop Being Poor, Mikasa comes down in the Survey Corps cloak and red scarf, and a blonde anime man in a blue suit and orange tie is in front. Send this when the group is heading out and you are watching them go.","stairs, walking, squad, house, anime, mikasa, attack-on-titan, aot, scarf, cloak, suit, tie, stop-being-poor, tank-top, cap, sunglasses, dont-tread, gadsden, snake, gray-hair, survey-corps, man, male, guy, woman, female, girl",photo_693_0.jpg
692,https://t.me/jotchuacontent/692,photo,2026-06-20 10:40:03,Enmaaaa Crypto,"Wait.... is set in big type over a sunny valley, a snow-capped peak, and pine trees. Send this when you need everyone to pause, look again, or hold on.","wait, mountain, snow, valley, landscape, sky, trees, nature, pause, peak",photo_692_0.jpg
691,https://t.me/jotchuacontent/691,photo,2026-06-20 10:40:03,Enmaaaa Crypto,"Jotchua is base-form Goku, with black spiky hair, a red gi, and the red power pole on his back, against a blue sky. Send this when you are Goku, suiting up, or heading out to train.","goku, dragon-ball, anime, costume, gi, spiky-hair, power-pole, staff, training, sky, black-hair",photo_691_0.jpg
690,https://t.me/jotchuacontent/690,photo,2026-06-20 10:40:03,Enmaaaa Crypto,"Jotchua is Super Saiyan 4 Goku: huge black hair framing the face, red fur over a drawn muscular chest, and blue wristbands, floating by a planet in a pink sky. Send this when you transformed, powered up, or went Super Saiyan 4.","goku, super-saiyan, super-saiyan-4, ss4, dragon-ball, anime, costume, muscles, planet, sky, red, black-hair, fur, pink",photo_690_0.jpg
689,https://t.me/jotchuacontent/689,photo,2026-06-20 10:29:38,peacefuldestroy,"Jotchua's face sits behind a phone chart of Jotchua against USDC. The last candle is a vertical green bar up 2,962.50 percent, and the scale sits around 500 million. Send this when it is pumping, the chart went vertical, or you are winning.","chart, candlestick, green, phone, screenshot, volume, usdc, trading, pumping, winning, success, bullish, moon, pump, rich, money, cash, wealth",photo_689_0.jpg
687,https://t.me/jotchuacontent/687,video,2026-06-20 09:35:29,Enmaaaa Crypto,"A hand colors a pencil portrait of Jotchua while a page of face sketches sits beside the drawing. The clip ends on the finished portrait of him outdoors, pencils and a black marker on the desk. Send this when you are drawing, or someone made art of you.","drawing, art, coloring, pencil, portrait, sketch, colored-pencil, marker, paper, artist, desk, hand, sketchbook",687_IMG_1301.MP4
682,https://t.me/jotchuacontent/682,photo,2026-06-19 16:44:38,peacefuldestroy,"Jotchua is Vegeta, widow's peak and scouter on, in white Saiyan armor with yellow shoulder pads, against colorful rock spires. Send this when you are Vegeta, you are the prince, or you are too proud to back down.","vegeta, dragon-ball, anime, scouter, saiyan, armor, costume, prince, rocks, shoulder-pads",photo_682_0.jpg
681,https://t.me/jotchuacontent/681,photo,2026-06-19 16:44:36,peacefuldestroy,"An army of winged Jotchuas in white robes crowds the clouds above the earth, a dark storm bank between the host and the ground. Send this when the group is ascending, watching from above, or arriving as angels.","angel, angels, heaven, wings, army, earth, clouds, sky, robes, white, flying, storm",photo_681_0.jpg
680,https://t.me/jotchuacontent/680,photo,2026-06-19 16:44:35,peacefuldestroy,"In a black-and-white war photo, soldier Jotchua lifts a rifle overhead in a leaf-covered helmet and chest rig, with troops pressed in behind. Send this when you are charging, rallying the group, or going to war.","soldier, war, rifle, army, military, helmet, black-and-white, troops, forest, rally, chest-rig, man, male",photo_680_0.jpg
679,https://t.me/jotchuacontent/679,photo,2026-06-19 16:44:35,peacefuldestroy,"Emperor Jotchua, in a laurel crown, gold armor, and a white cloak, raises a human hand before an endless army of armored Jotchuas. Send this when you have an army, you are in command, or everyone showed up.","emperor, king, crown, laurel, armor, army, soldiers, roman, cloak, legion, military, leader",photo_679_0.jpg
678,https://t.me/jotchuacontent/678,photo,2026-06-19 12:09:47,peacefuldestroy,"Jotchua wears a yellow cat hood with purple ears and a pink bow. Send this when you want something cute, or you are in the cat hat.","cat, hat, hood, ears, bow, costume, cute, yellow, pink, kitty",photo_678_0.jpg
677,https://t.me/jotchuacontent/677,photo,2026-06-19 12:09:42,peacefuldestroy,"Jotchua is Kakashi: silver hair, a leaf-village headband, one red Sharingan, and a green flak vest. Send this when you are Kakashi, going ninja, or you copied the move.","kakashi, naruto, ninja, anime, headband, sharingan, vest, costume, konoha, silver-hair",photo_677_0.jpg
676,https://t.me/jotchuacontent/676,photo,2026-06-19 04:00:52,letsbetonthis,"Angry eyebrows are drawn on Jotchua beside a green water gun, with plata o plomo across the bottom. Send this when you are giving an ultimatum, making a threat, or you are mad.","angry, mad, rage, pissed, annoyed, water-gun, toy-gun, gun, plata-o-plomo, narcos, threat, eyebrows, ultimatum",photo_676_0.jpg
675,https://t.me/jotchuacontent/675,photo,2026-06-19 04:00:51,letsbetonthis,"A tiny green cartoon turtle sits on top of Jotchua's head. Send this when something small is along for the ride, or it is just cute.","turtle, head, cute, cartoon, sticker, small, green, shell",photo_675_0.jpg
673,https://t.me/jotchuacontent/673,photo,2026-06-19 03:59:50,letsbetonthis,"Two worried eyebrows are drawn on Jotchua, and the eyes cut to the side. Send this when you are concerned, confused, or side-eyeing a bad idea.","worried, confused, eyebrows, side-eye, skeptical, concerned, anxious, suspicious, drawn-on",photo_673_0.jpg
672,https://t.me/jotchuacontent/672,photo,2026-06-19 03:59:49,letsbetonthis,"Hooded Jotchua faces Kermit, and the words on the picture say Do It. Send this when you are telling someone to send it, give in, or finally do the thing.","kermit, muppets, hood, do-it, puppet, temptation, evil, peer-pressure, dark",photo_672_0.jpg
671,https://t.me/jotchuacontent/671,photo,2026-06-19 03:59:48,letsbetonthis,"Jotchua sits in an empty red theater holding a gas nozzle labeled Premium Cope. The marquee reads Blockbuster Delusion, $999.99 a ticket, the screen is an explosion, and the concessions are Government Cheese Puffs and a Brain Freeze Formula Slurpee. Send this when you are coping, buying a delusion, or pumping yourself full of hopium.","movie, theater, cinema, cope, delusion, hopium, marquee, blockbuster, gas-pump, ticket, popcorn, cheese-puffs, slurpee, explosion, fire, cameras, snacks, seats",photo_671_0.jpg
670,https://t.me/jotchuacontent/670,photo,2026-06-19 03:59:48,letsbetonthis,"Laser-eyed Jotchua stares through Windows error boxes that say Jotchua.zip cannot be found and the file has been deleted or corrupted. Smaller haloed Jotchuas stand in the Minecraft hills behind green glitch lines. Send this when the file is gone, the download broke, or everything is corrupted.","laser-eyes, windows, error, popup, dialog, glitch, corrupted, deleted, file, computer, halo, pixel, matrix, zip, minecraft",photo_670_0.jpg
669,https://t.me/jotchuacontent/669,photo,2026-06-19 03:59:47,letsbetonthis,"A third-eye flare burns on Jotchua's forehead, with the moon, the earth, red rings, and glowing planets crowded behind. Send this when you are awakened, staring into the cosmos, or the third eye is open.","third-eye, space, full-moon, earth, planets, glowing, psychedelic, cosmic, rings, stars, collage, awakened",photo_669_0.jpg
667,https://t.me/jotchuacontent/667,photo,2026-06-19 03:59:46,letsbetonthis,"Jotchua wears a navy cap and a crossbody bag that both say Bagworking, plus a dark polo, outdoors by the mountains. Send this when you are bagworking, on the clock, or grinding.","bagworking, hat, cap, bag, crossbody, polo, uniform, working, grind, mountains",photo_667_0.jpg
666,https://t.me/jotchuacontent/666,photo,2026-06-19 03:59:45,letsbetonthis,"The van is full. Five women fill the back seat while costumed Jotchuas crowd the front, and one hangs upside down from the ceiling in a suit and red tie, holding two guns with a sweat drop on its face. The rest salute in a helmet, wear a Don't Tread on Me hat and a Stop Being Poor shirt, a Netherlands cap and jersey, headphones with a yellow jacket, a house hat and a cigarette, a fedora with a fan of cash, or a pause-symbol hoodie. Send this when the whole squad is in the car.","van, car, squad, woman, female, suit, guns, upside-down, salute, helmet, sunglasses, dont-tread-on-me, gadsden, netherlands, jersey, soccer, smoking, cigarette, house-hat, blue-hair, fedora, cash, money, wealth, hoodie, pause, headphones, stop-being-poor",photo_666_0.jpg
665,https://t.me/jotchuacontent/665,photo,2026-06-19 03:59:45,letsbetonthis,"Astronaut Jotchua is buckled into a spacecraft seat in a white NASA suit and helmet, and another astronaut in the background gives a thumbs-up. Send this when you are strapped in, launching, or headed to space.","astronaut, space, spacesuit, spacecraft, helmet, seatbelt, thumbs-up, cockpit, flying, launch, window, nasa, man, male",photo_665_0.jpg
664,https://t.me/jotchuacontent/664,photo,2026-06-19 03:59:44,letsbetonthis,"Green alien Jotchua, two antennae on his head, is in front of glowing green candlesticks and a planet blowing apart. Send this when the chart is green, it is pumping, or you are not from here.","alien, green, chart, candlestick, space, planet, glow, neon, antenna, winning, success, bullish, moon, pump, pumping, rich, money, cash, wealth",photo_664_0.jpg
663,https://t.me/jotchuacontent/663,photo,2026-06-19 03:59:44,letsbetonthis,"Jotchua stands in a white diaper on a flying saucer, over a pale sky and a few trees. Send this when you just showed up, you are too small for the room, or you floated in from nowhere.","diaper, ufo, flying-saucer, flying, saucer, sky, standing, baby, cute, clouds",photo_663_0.jpg
662,https://t.me/jotchuacontent/662,photo,2026-06-19 03:59:39,letsbetonthis,"Every circle on this color tier list is the same Jotchua face with a gun at each side of his head. The rows read coded, goated, great r/r, og status, alright, web 3.0 hoes buy these and they top, and wank with sand paper. Send this when he is every rank, good or bad.","tier-list, ranking, tiers, goated, coded, clones, identical, web3, risk-reward, og, chart, gun, alright, sand-paper",photo_662_0.jpg
661,https://t.me/jotchuacontent/661,photo,2026-06-19 03:59:38,letsbetonthis,"Jotchua glares under two drawn-on angry eyebrows while a finger is held up in front of his snout, next to the word Sybau and a broken red heart. Send this to tell someone to shut up.","shush, shh, sybau, shut-up, finger, angry, mad, rage, pissed, annoyed, broken-heart, eyebrows, glare",photo_661_0.jpg
660,https://t.me/jotchuacontent/660,photo,2026-06-19 03:59:38,letsbetonthis,"Jotchua wears a big sombrero, has Mexican flags for eyes, and sits behind a plate of tacos with lime, radish, and onion. Send this for tacos, Mexico, or the food version of him.","sombrero, tacos, mexican, mexico, mexican-flag, food, eyes, plate, costume, hat, lime, radish, onion",photo_660_0.jpg
659,https://t.me/jotchuacontent/659,photo,2026-06-19 03:59:37,letsbetonthis,"A close-up of Jotchua sits beside a wide-eyed man in a navy polo with his mouth open and an earphone wire on his cheek. Send this when you are stunned, or when he is the reason for the face.","shocked, surprised, staring, reaction, closeup, split-screen, man, male, guy, polo, wide-eyes, earphones",photo_659_0.jpg
658,https://t.me/jotchuacontent/658,photo,2026-06-19 03:59:37,letsbetonthis,A red circle marks Jotchua's eye and a red arrow points at the black pearls in a glass of milk tea with ice and a yellow straw. Send this when his eye looks like boba.,"boba, bubble-tea, eye, drink, milk-tea, comparison, arrow, circle, pearls, tapioca, straw, ice",photo_658_0.jpg
657,https://t.me/jotchuacontent/657,photo,2026-06-19 03:59:36,letsbetonthis,"Jotchua wears a striped sombrero and a fake handlebar mustache and holds a Coronita Extra. Send this for a beer, a fiesta, or the costume version of him.","sombrero, mustache, beer, corona, coronita, mexican, mexico, drink, costume, hat",photo_657_0.jpg
656,https://t.me/jotchuacontent/656,photo,2026-06-19 03:59:35,letsbetonthis,"Jotchua is tinted purple and wears a glowing cyan visor with lit-up headphones, one paw lifted. Send this for a DJ set, a rave, or when the music is on.","dj, visor, headphones, glow, neon, rave, party, music, purple, cyan, led",photo_656_0.jpg
655,https://t.me/jotchuacontent/655,photo,2026-06-19 03:59:35,letsbetonthis,A giant Jotchua face looms in purple storm clouds between dark skyscrapers. Send this when he is watching the whole city or hanging over everything.,"giant, city, sky, storm, clouds, skyscraper, night, looming, skyline, god, watching, purple",photo_655_0.jpg
654,https://t.me/jotchuacontent/654,photo,2026-06-19 03:59:34,letsbetonthis,"In a first-person night shot, a hand aims a pistol at Jotchua peeking over the edge of a roof. The text says this mf on my roof I aint playing with u boy. Send this as a joke threat when someone will not get off the roof.","roof, gun, pistol, night, aiming, threat, pov, first-person, hand, text, this-mf-on-my-roof, angry, mad, rage, pissed, annoyed",photo_654_0.jpg
653,https://t.me/jotchuacontent/653,photo,2026-06-19 03:59:33,letsbetonthis,"A collage tiles Jotchua's face over and over, dressed up with a suit and tie, sunglasses, a cowboy hat, a watermelon helmet, an upside-down KFC bucket, a KFC cap, a clown suit with a rose, a wrench, and a rainbow flag. Send this when every outfit, or the whole timeline, is still him.","collage, crowd, clones, kfc, suit, tie, sunglasses, cowboy-hat, watermelon, wrench, clown, rose, rainbow, pride, party-hat, bucket",photo_653_0.jpg
652,https://t.me/jotchuacontent/652,photo,2026-06-19 03:59:33,letsbetonthis,"Pink and red flowers and sparkles circle Jotchua, with the text there is no meme on top and Jotchua loves you below. Send this as a sincere, wholesome love note.","love, heart, crush, cute, happy, smile, smiling, joy, excited, wholesome, flowers, sparkles, pink, loves-you",photo_652_0.jpg
651,https://t.me/jotchuacontent/651,photo,2026-06-19 03:59:27,letsbetonthis,Gollum holds Jotchua up in a wash of gold light with the word precious underneath. Send this when something is your precious.,"gollum, smeagol, lotr, lord-of-the-rings, precious, fantasy, gold, holding",photo_651_0.jpg
650,https://t.me/jotchuacontent/650,photo,2026-06-19 03:59:26,letsbetonthis,"Friend, girlfriend, boyfriend, and best friend are crossed out in red, and the word only sits beside the last line. Jotchua is written over a photo of him, and the bottom line says has no end. Send this when the loyalty outlasts every other relationship.","love, heart, crush, cute, loyalty, friend, girlfriend, boyfriend, best-friend, forever, crossed-out, relationship",photo_650_0.jpg
648,https://t.me/jotchuacontent/648,photo,2026-06-19 03:59:25,letsbetonthis,"A blurry, washed-out close-up of Jotchua stares into the camera. Send this as a low-quality blank stare.","blurry, closeup, staring, grainy, low-quality, overexposed, blank-stare, reaction",photo_648_0.jpg
647,https://t.me/jotchuacontent/647,photo,2026-06-19 03:59:25,letsbetonthis,"Jotchua's face is the sun in a blue sky above a pump.fun hot-air balloon. A white character hangs under a parachute while a green frog in a blue shirt holds on beside him, over a hill packed with cartoon characters. A girl up front wears a shirt that says stop being poor, and the older man in the suit has Binance across his sunglasses. Send this for a pump, a coin launch, or when the whole timeline shows up at once.","pump-fun, balloon, sun, collage, cartoon, parachute, pepe, frog, stop-being-poor, binance, bitcoin, coin, money, cash, wealth, winning, success, bullish, moon, pump, rich, woman, female, girl, man, male, guy",photo_647_0.jpg
646,https://t.me/jotchuacontent/646,photo,2026-06-19 03:59:24,letsbetonthis,"A hand holds Jotchua up in space with his brain open and a FIFA World Cup 2026 mark on his chest while labeled SpaceX rockets, Dragon capsules, and satellites launch around him. The poster reads Jotchua launching dreams and mind of a goat, with Elon Musk, the SpaceX logo, and a Tesla Roadster along the bottom. Send this as a space flex or when he is the one behind the launch.","spacex, elon-musk, rocket, brain, hand, space, launch, starship, falcon-1, falcon-9, falcon-heavy, dragon, crew-dragon, starlink, starshield, tesla-roadster, world-cup, fifa, goat, goated, winning, success, bullish, moon, pump, rich",photo_646_0.jpg
645,https://t.me/jotchuacontent/645,photo,2026-06-19 03:59:23,letsbetonthis,"Hundreds of Jotchuas cover the grass, towers, pods, and flying cars of a bright futuristic city while one man walks one of them on a leash. Send this when the future, the city, or the timeline is nothing but him.","city, futuristic, sci-fi, crowd, clones, skyscraper, flying-car, monorail, skyline, leash, walking, takeover, man, male, guy",photo_645_0.jpg
644,https://t.me/jotchuacontent/644,photo,2026-06-19 03:59:23,letsbetonthis,"Jotchua wears a black sweater and stares straight ahead on a plain white background. Send this as a blank, serious reaction.","black-sweater, portrait, staring, closeup, white-background, serious, blank-stare, studio",photo_644_0.jpg
643,https://t.me/jotchuacontent/643,photo,2026-06-19 03:59:22,letsbetonthis,"Jotchua sits in a wooden trench in digital camo, cap low, with barbed wire and a bare field behind him. The uniform reads PUP and 1st K9 DIV. Send this for duty, the trenches, or being deployed.","soldier, military, army, camo, trench, war, uniform, cap, sergeant, barbed-wire, battlefield, sandbags, k9, name-tape",photo_643_0.jpg
642,https://t.me/jotchuacontent/642,photo,2026-06-19 03:59:18,letsbetonthis,"A tweet screenshot shows Jotchua with his brain exposed, a syringe in the top of his head, and FIFA World Cup 2026 logos on his body, the cups, and the cell tower, with a pile of skulls behind him. Ansem replies lmao underneath. Send this when a post is everywhere or the brain will not let something go.","brain, tweet, twitter, screenshot, ansem, world-cup, fifa, syringe, viral, skulls, coffee, lmao, 2026, cell-tower",photo_642_0.jpg
641,https://t.me/jotchuacontent/641,photo,2026-06-19 03:59:17,letsbetonthis,A crowd kneels on a gallery floor in front of a gold-framed painting of Jotchua on a red wall. Send this when people are worshipping him or treating the picture like it is holy.,"museum, gallery, painting, portrait, gold-frame, kneeling, worship, crowd, prayer, art, devotion, religion",photo_641_0.jpg
640,https://t.me/jotchuacontent/640,photo,2026-06-19 03:59:17,letsbetonthis,"Four Jotchuas play poker under one lamp in a haze of smoke, with cash, chips, and drinks on the green felt. One wears a Don't Tread on Me bandana, white sunglasses, and a cigar; one in a blue suit grips his cards with a tear on his cheek; one in a helmet salutes; one with blue hair has a tiny house on his head, smileys on his shirt, and a cigarette. Send this for a card game, a gamble, the whole table, or the player already in tears.","poker, cards, gambling, chips, cigar, smoking, cigarette, sunglasses, suit, helmet, salute, whiskey, beer, lamp, dont-tread-on-me, gadsden, smiley, blue-hair, house-hat, bandana, crying, tears, sobbing, sad, upset, down, depressed, emo, down-bad, lonely",photo_640_0.jpg
639,https://t.me/jotchuacontent/639,photo,2026-06-19 03:59:16,letsbetonthis,"Rows of men in black suits and ties stand on the steps of a columned stone building, and every head is Jotchua. The one in the center clasps his hands in a long coat with a gold collar. Send this when the whole group, council, or cult is him.","suits, ties, clones, cult, crowd, council, formal, leader, coat, columns, arch, steps, man, male, guy, organization",photo_639_0.jpg
638,https://t.me/jotchuacontent/638,photo,2026-06-19 03:59:16,letsbetonthis,"Jotchua stares into the camera on a white background with the text Jotchua is him. Send this when someone is that guy, or just has the aura.","closeup, portrait, staring, is-him, aura, text, white-background, serious, reaction",photo_638_0.jpg
637,https://t.me/jotchuacontent/637,photo,2026-06-19 03:59:15,letsbetonthis,Jotchua in a navy pinstripe suit and red polka-dot tie stands at a microphone with both arms out while the crowd claps and reaches up. Send this for a victory speech or soaking up applause.,"happy, smile, smiling, joy, excited, wholesome, celebrating, applause, speech, microphone, suit, tie, crowd, clapping, victory, man, male, guy, blinds, pinstripe, polka-dot",photo_637_0.jpg
636,https://t.me/jotchuacontent/636,photo,2026-06-19 03:59:14,letsbetonthis,"A rough yellow line drawing of Jotchua's face sits on black. Send this for a doodle, a simple logo, or a sketch.","drawing, sketch, line-art, yellow, black, minimal, outline, doodle, face",photo_636_0.jpg
635,https://t.me/jotchuacontent/635,photo,2026-06-19 03:59:14,letsbetonthis,A man in a light grey suit and black shirt holds Jotchua against a black background and looks off with a serious face. Send this for a formal portrait or a serious mood.,"man, male, guy, suit, portrait, holding, serious, formal, necklace, studio, black-shirt",photo_635_0.jpg
634,https://t.me/jotchuacontent/634,photo,2026-06-19 03:59:13,letsbetonthis,"Jotchua drives with both paws on the wheel at sunset. The back seat has a grocery bag with champagne, a fish, a baguette, a pineapple, and a bright green sex toy. Send this for the drive home or a grocery run that got weird.","driving, car, steering-wheel, groceries, shopping, champagne, baguette, pineapple, fish, dildo, sex-toy, sunset, food, backseat",photo_634_0.jpg
633,https://t.me/jotchuacontent/633,photo,2026-06-19 03:59:12,letsbetonthis,"A small pixel Jotchua stands on a stone path by the grass, with the label Lvl 30 over his name. Send this when you level up, are grinding, or feel like a tiny game sprite.","pixel-art, game, rpg, level, isometric, grass, stone, sprite, blocks, character",photo_633_0.jpg
632,https://t.me/jotchuacontent/632,photo,2026-06-19 03:59:12,letsbetonthis,Jotchua wears a black t-shirt that reads I am the Force and reaches both paws at the camera. Send this for Star Wars or when you are sure you are the Force.,"star-wars, force, t-shirt, reaching, text, black, paws, costume",photo_632_0.jpg
631,https://t.me/jotchuacontent/631,photo,2026-06-19 03:59:07,letsbetonthis,"In black and white, Jotchua in a white t-shirt holds a lit cigarette in his mouth, with smoke behind him. Send this when you are smoking or keeping it low-key.","smoking, cigarette, t-shirt, black-and-white, smoke, monochrome, portrait, closeup, chill",photo_631_0.jpg
630,https://t.me/jotchuacontent/630,photo,2026-06-19 03:59:07,letsbetonthis,Jotchua in a blue pinstripe suit sits at a cluttered office desk and puts up both middle fingers while the men around him smile. Send this when you are done with work or telling the whole office off.,"middle-finger, office, suit, tie, desk, angry, mad, rage, pissed, annoyed, man, male, guy, coworkers, papers, fluorescent, pinstripe",photo_630_0.jpg
629,https://t.me/jotchuacontent/629,photo,2026-06-19 03:59:06,letsbetonthis,"Four Jotchuas wear the Beatles' bodies and cross the Abbey Road stripes, one of them barefoot, with the white Beetle parked on the street. Send this for the Beatles, the album cover, or the group walking out together.","beatles, abbey-road, crossing, walking, crosswalk, street, suits, barefoot, album-cover, denim, parody, vw-beetle, man, male",photo_629_0.jpg
628,https://t.me/jotchuacontent/628,photo,2026-06-19 03:59:06,letsbetonthis,Jotchua stares calmly at the camera while a huge explosion burns behind him. Send this when everything is on fire and you are fine.,"explosion, fire, staring, calm, unbothered, chaos, blast, closeup, disaster, this-is-fine",photo_628_0.jpg
627,https://t.me/jotchuacontent/627,photo,2026-06-19 03:59:05,letsbetonthis,"Jotchua DJs on a pink and mint controller with paw-print records, in yellow heart-shaped sunglasses and pink and mint headphones. Send this when you are mixing, on DJ duty, or at the party.","dj, headphones, heart-sunglasses, music, party, turntables, controller, pink, mint, mixing, records, colorful, paw-print",photo_627_0.jpg
626,https://t.me/jotchuacontent/626,photo,2026-06-19 03:59:04,letsbetonthis,"Jotchua prays with his eyes closed in front of a rainbow, a french-fry halo, and seagulls, while a giant syringe pours syrup onto pancakes. Pizza, burgers, donuts, Doritos, and Lay's are piled around him. Send this before a junk-food binge or to bless a terrible meal.","praying, junk-food, rainbow, seagulls, fries, halo, pancakes, syrup, syringe, pizza, burger, doritos, lays, donuts, chips, feast, blessing",photo_626_0.jpg
621,https://t.me/jotchuacontent/621,video,2026-06-19 03:10:00,Amoneyz,"In blue light, Jotchua wears a San Andreas cap, grillz, a green jacket, fingerless gloves, and an iced-out watch. He poses, looks down, and finishes on a dab. Send this for rapper drip, GTA, or hitting the dab.","rapper, dab, bling, grillz, watch, cap, san-andreas, gta, jacket, gloves, pose, jewelry, hip-hop, blue, drip",621_kling_20260616_Motion_Control__24_0 (1).mp4
618,https://t.me/jotchuacontent/618,photo,2026-06-19 01:55:35,peacefuldestroy,"Jotchua is dressed as Luffy, straw hat on, scar under one eye, red vest open over an X on his chest, holding up a purple devil fruit. The Going Merry and a skull flag sit behind him. Send this for One Piece, Luffy, or pirate energy.","luffy, one-piece, straw-hat, pirate, anime, devil-fruit, scar, vest, ship, skull, flag, going-merry",photo_618_0.jpg
614,https://t.me/jotchuacontent/614,photo,2026-06-18 23:44:33,Pacman 🍁,"Jotchua wears glasses, a lab coat, and a black tie between two lines of text. The top says research says, if you believe in Jotchua, and the bottom says you have top iq thingy. Send this when you are calling believers smart or citing research you made up.","scientist, glasses, lab-coat, tie, iq, smart, text, research, nerd, believer, pens",photo_614_0.jpg
610,https://t.me/jotchuacontent/610,audio,2026-06-18 09:19:03,peacefuldestroy,An 81-second voice note.,"voice, voice-note, audio, talking, speaking",610_88368E93-0297-4E56-B136-05AB38BE7C14.m4a
606,https://t.me/jotchuacontent/606,photo,2026-06-17 06:02:40,Enmaaaa Crypto,"Jotchua peeks out of a green capsule beside a blank speech bubble, with stars and little doodles around him. Send this when you just popped out, just arrived, or need an empty reaction bubble.","capsule, pill, peeking, speech-bubble, blank, stars, sticker, doodles, cartoon, paws",photo_606_0.jpg
605,https://t.me/jotchuacontent/605,photo,2026-06-17 06:02:40,Enmaaaa Crypto,"Jotchua wears a tuxedo, sunglasses, and an orange cap that says I love $, with a cigarette in his mouth and a gold-handled knife in one paw. Send this when you are flexing money, acting rich, or loving cash.","winning, success, bullish, moon, pump, rich, money, cash, wealth, tuxedo, sunglasses, cap, cigarette, smoking, knife, gold, bow-tie, suit",photo_605_0.jpg
604,https://t.me/jotchuacontent/604,photo,2026-06-17 06:02:40,Enmaaaa Crypto,"A cartoon Jotchua in a navy suit snorts three green lines through a straw, with a razor and two baggies of green powder on the table. Send this when the lines are out or the night has gone off the rails.","snorting, lines, drugs, cocaine, green, razor, straw, suit, baggies, table, cartoon, party",photo_604_0.jpg
603,https://t.me/jotchuacontent/603,photo,2026-06-17 06:02:40,Enmaaaa Crypto,"Jotchua wears a blue muscle hoodie, hood up, and a navy trucker hat, with a pipe in his mouth. Send this when you are feeling buff, smoking, or posted up in a costume.","muscles, pipe, smoking, trucker-hat, costume, abs, buff, hoodie, smoke",photo_603_0.jpg
602,https://t.me/jotchuacontent/602,photo,2026-06-17 06:02:40,Enmaaaa Crypto,"Jotchua has spiky black Sasuke hair with white cat ears, red sharingan eyes dripping blood, and a grey high-collar jacket. Send this for Sasuke, Naruto, or a cursed anime edit.","sasuke, naruto, anime, sharingan, eyes, blood, cat-ears, hair, costume, jacket",photo_602_0.jpg
601,https://t.me/jotchuacontent/601,video,2026-06-17 06:02:39,Enmaaaa Crypto,"Jotchua glitches in on black, then the metal letters JOTCHUA appear beside him and both fade out. Send this as an intro, a title card, or the credits.","title-card, intro, logo, credits, fade, glitch, text, black, name, cinematic, letters, metal",601_IMG_1048.MOV
600,https://t.me/jotchuacontent/600,video,2026-06-17 06:02:39,Enmaaaa Crypto,"The Minecraft title screen reads Jotchua Edition, with three puppy heads over the logo, then the view drops into first person. Stickers take the screen in turn: a straw-hat pirate in the crafting menu, a hoodie next to a diamond sword and a bee, a long blue wig, and a house hat smoking a cigarette. Send this for Minecraft or a Jotchua mod.","minecraft, title-screen, menu, gameplay, crafting, diamond-sword, hoodie, bee, wig, cigarette, house-hat, hotbar, health, costume, straw-hat, sticker, luffy",600_IMG_1047.MOV
599,https://t.me/jotchuacontent/599,video,2026-06-17 06:02:39,Enmaaaa Crypto,"Costume edits of Jotchua flash through a vertical collage: wigs, a Gojo blindfold, Naruto, Ichigo, house hats, a straw hat, and a card that reads Absolute Jotchua. Send this as a highlight reel of the edits.","collage, montage, costumes, wigs, anime, outfits, edits, flashing, naruto, gojo, blindfold, hoodie, straw-hat, house-hat, ichigo, bleach, luffy",599_IMG_1228.MOV
598,https://t.me/jotchuacontent/598,photo,2026-06-17 06:01:39,Enmaaaa Crypto,"Jotchua is dressed as Patrick Star, pink star body, a green waistband, and purple shorts with green flowers, plus a tiny anchor hat on top. Send this for a SpongeBob costume.","patrick, spongebob, starfish, shorts, flowers, pink, purple, green, costume, cartoon, hat, anchor",photo_598_0.jpg
597,https://t.me/jotchuacontent/597,photo,2026-06-17 06:01:39,Enmaaaa Crypto,Jotchua wears a rainbow bowl-cut wig and a plain white shirt. Send this when the whole joke is the hair.,"rainbow, wig, bowl-cut, hair, bangs, colorful, shirt, costume",photo_597_0.jpg
596,https://t.me/jotchuacontent/596,photo,2026-06-17 06:01:39,Enmaaaa Crypto,"Jotchua wears a pink pigtail wig with huge bows, a heart choker, and a white top with a pink bow. Send this for a cute anime-girl costume.","anime, pigtails, wig, pink-hair, bow, choker, collar, costume, cute",photo_596_0.jpg
595,https://t.me/jotchuacontent/595,photo,2026-06-17 06:01:38,Enmaaaa Crypto,"Jotchua as Pain, orange hair and face piercings under an Akatsuki cloak, clasps his hands over his mouth and watches Pepe, planes, and a UFO circle the Earth. Send this when you are watching the chaos from above.","pain, naruto, akatsuki, cloak, piercings, headband, earth, space, flying, pepe, ufo, plane, parachute, balloon, anime, watching",photo_595_0.jpg
594,https://t.me/jotchuacontent/594,photo,2026-06-17 06:01:38,Enmaaaa Crypto,"Jotchua stands at the McDonald's counter in a red cap and red shirt with the yellow arches, front paws on the counter, while another worker faces the kitchen. Send this when you are on a shift or this is the job.","mcdonalds, uniform, cap, worker, employee, counter, fast-food, burger, job, restaurant, golden-arches",photo_594_0.jpg
593,https://t.me/jotchuacontent/593,photo,2026-06-17 06:01:38,Enmaaaa Crypto,"Jotchua wears a yellow Brazil jersey, number 10, with Brasil across the chest, and holds the World Cup trophy. Send this when Brazil wins it or you are flexing a title.","brazil, brasil, soccer, football, jersey, number-10, trophy, world-cup, fifa, champion, winning, success, bullish, moon, pump, rich",photo_593_0.jpg
592,https://t.me/jotchuacontent/592,photo,2026-06-17 06:01:38,Enmaaaa Crypto,"Jotchua's face is the sun over a cartoon crowd: a pump.fun balloon, a parachuting Pepe, a trollface with a net, and an older man in a suit whose sunglasses say Binance. A girl up front wears a shirt that reads stop being poor. Send this when everything is pumping and the whole party is in the sky.","pump-fun, balloon, sun, cartoon, crowd, festival, parachute, pepe, trollface, binance, stop-being-poor, coin, sunglasses, suit, ufo, woman, female, girl, man, male, guy, winning, success, bullish, moon, pump, rich, money, cash, wealth",photo_592_0.jpg
591,https://t.me/jotchuacontent/591,photo,2026-06-17 06:01:38,Enmaaaa Crypto,"Jotchua wears a long white wig, a crystal tiara, and a lace gown in front of a pale castle. Send this when you want a princess look.","princess, tiara, crown, wig, white-hair, gown, lace, jewelry, earrings, castle, fairytale, costume, cute",photo_591_0.jpg
590,https://t.me/jotchuacontent/590,photo,2026-06-17 06:01:38,Enmaaaa Crypto,"Jotchua wears a green Brazil headband, a brown bob, jewel-trim glasses, and a cigarette, in a black shirt that says stop chemtrails. Send this when you are on a conspiracy rant or telling people to look at the sky.","brazil, headband, wig, brown-hair, glasses, cigarette, smoking, chemtrails, conspiracy, airplane, t-shirt, costume",photo_590_0.jpg
589,https://t.me/jotchuacontent/589,photo,2026-06-17 06:01:38,Enmaaaa Crypto,"Jotchua wears a black hoodie with a pause button on the hood and a pixel floppy disk on the chest, against a blue pixel background. Send this when you need a pause or you are hitting save.","pause, hoodie, floppy-disk, save, pixel, retro, computer, blue, costume",photo_589_0.jpg
588,https://t.me/jotchuacontent/588,photo,2026-06-17 06:00:38,Enmaaaa Crypto,"Jotchua wears a red Indonesia jersey, number 10, and holds the World Cup trophy. Send this when Indonesia wins it, or you are claiming the trophy anyway.","indonesia, soccer, football, jersey, number-10, trophy, world-cup, fifa, champion, winning, success, bullish, moon, pump, rich",photo_588_0.jpg
587,https://t.me/jotchuacontent/587,photo,2026-06-17 06:00:38,Enmaaaa Crypto,"Jotchua wears a flat cartoon Naruto wig and the orange and blue jumpsuit, leaf symbol on the headband. Send this for a simpler Naruto costume.","naruto, ninja, anime, headband, konoha, orange, jumpsuit, spiky-hair, cartoon, costume",photo_587_0.jpg
586,https://t.me/jotchuacontent/586,photo,2026-06-17 06:00:37,Enmaaaa Crypto,"Jotchua wears Argentina's striped jersey, number 10, and holds the World Cup trophy. Send this for a Messi-style win or when your side just took it all.","argentina, messi, afa, soccer, football, jersey, number-10, trophy, world-cup, fifa, champion, winning, success, bullish, moon, pump, rich",photo_586_0.jpg
585,https://t.me/jotchuacontent/585,photo,2026-06-17 06:00:37,Enmaaaa Crypto,"Jotchua wears a red Portugal jersey and holds the World Cup trophy. Send this when your team won, or you are taking the victory lap.","portugal, soccer, football, jersey, trophy, world-cup, fifa, champion, winning, success, bullish, moon, pump, rich",photo_585_0.jpg
584,https://t.me/jotchuacontent/584,photo,2026-06-17 06:00:37,Enmaaaa Crypto,"Jotchua is Naruto, yellow spiky hair, whisker marks, a leaf headband, and an orange and black jacket. Send this for a Naruto costume.","naruto, ninja, anime, headband, konoha, whiskers, orange, jacket, spiky-hair, costume",photo_584_0.jpg
583,https://t.me/jotchuacontent/583,photo,2026-06-17 06:00:37,Enmaaaa Crypto,"Jotchua is Gojo, white spiky hair over a black blindfold and a high purple collar. Send this for a Gojo costume or a Jujutsu Kaisen edit.","gojo, jujutsu-kaisen, jjk, anime, blindfold, white-hair, purple, costume, spiky-hair",photo_583_0.jpg
582,https://t.me/jotchuacontent/582,photo,2026-06-17 06:00:37,Enmaaaa Crypto,"Jotchua is dressed as Sakura, pink hair under a leaf headband and a red top with white trim. Send this for a Sakura costume.","sakura, naruto, anime, ninja, headband, konoha, pink-hair, red, costume",photo_582_0.jpg
581,https://t.me/jotchuacontent/581,photo,2026-06-17 06:00:37,Enmaaaa Crypto,"Jotchua is Pain, with orange spiky hair, a scratched headband, black face piercings, and a black Akatsuki cloak with red clouds. Send this for a Pain costume or a final-boss look.","pain, naruto, akatsuki, cloak, piercings, headband, orange, anime, ninja, costume, red-clouds",photo_581_0.jpg
580,https://t.me/jotchuacontent/580,photo,2026-06-17 06:00:37,Enmaaaa Crypto,"Jotchua is dressed as young Sasuke, with dark spiky hair, a leaf headband, a purple high collar, and the Uchiha fan on his chest. Send this for a Sasuke costume.","sasuke, uchiha, naruto, ninja, anime, headband, konoha, purple, costume, spiky-hair",photo_580_0.jpg
579,https://t.me/jotchuacontent/579,photo,2026-06-17 06:00:37,Enmaaaa Crypto,Jotchua stands arms crossed in a dark suit in front of a blue stock board and a huge orange arrow pointing up. Send this when the chart is running or you are feeling bullish.,"suit, tie, stocks, stock-market, chart, arrow, businessman, arms-crossed, painting, winning, success, bullish, moon, pump, rich, money, cash, wealth",photo_579_0.jpg
578,https://t.me/jotchuacontent/578,photo,2026-06-17 05:58:13,Enmaaaa Crypto,Jotchua has a cartoon house roof perched over black sunglasses and a purple pinstripe sweater. Send this when you are hiding behind sunglasses or showing up in a weird little outfit.,"house, roof, hat, chimney, sunglasses, sweater, purple, pinstripe, costume",photo_578_0.jpg
577,https://t.me/jotchuacontent/577,photo,2026-06-17 05:57:07,Enmaaaa Crypto,"Jotchua wears a red house-roof hat over blue hair, a lit joint in his mouth, and a white shirt printed with two yellow smiley faces. Send this when you are at a rave, smoking, or on house music.","house-music, hat, roof, chimney, blue-hair, wig, joint, smoking, weed, smiley, shirt, rave, costume",photo_577_0.jpg
576,https://t.me/jotchuacontent/576,photo,2026-06-17 05:57:07,Enmaaaa Crypto,"Jotchua's giant head pushes through dark storm clouds above a sprawling suburb. Send this when something huge is looming, or you are the monster over the city.","giant, storm, clouds, city, suburb, houses, sky, looming, monster, kaiju",photo_576_0.jpg
575,https://t.me/jotchuacontent/575,photo,2026-06-17 05:57:07,Enmaaaa Crypto,"Jotchua's head sits on a pinstripe suit and red tie, arms stretched wide at a microphone while the room cheers. Send this for a hype speech, a sales pitch, or the Wolf of Wall Street moment.","suit, tie, pinstripe, microphone, speech, crowd, applause, celebrating, office, wolf-of-wall-street, businessman, winning, success, bullish, moon, pump, rich, money, cash, wealth",photo_575_0.jpg
574,https://t.me/jotchuacontent/574,photo,2026-06-17 05:57:07,Enmaaaa Crypto,"Jotchua's head sits on a man in a light shirt and jeans, alone on a yellow park swing. Send this when you are by yourself or just sitting there.","swing, park, sitting, alone, yellow, shirt, jeans, man, male, guy, sad, upset, down, depressed, emo, down-bad, lonely",photo_574_0.jpg
573,https://t.me/jotchuacontent/573,photo,2026-06-17 05:57:07,Enmaaaa Crypto,Jotchua wears Ichigo's spiky orange hair and black soul reaper robe from Bleach. Send this when you want the Bleach fit.,"ichigo, bleach, anime, costume, orange, hair, robe, soul-reaper, sash, spiky",photo_573_0.jpg
570,https://t.me/jotchuacontent/570,photo,2026-06-17 05:57:07,Enmaaaa Crypto,"Jotchua in a long black coat looks back over his shoulder beside a gray river and a bridge. Send this when you are leaving, looking back, or feeling alone.","coat, overcoat, river, bridge, looking-back, overcast, black, boat, sad, upset, down, depressed, emo, down-bad, lonely",photo_570_0.jpg
569,https://t.me/jotchuacontent/569,photo,2026-06-17 05:57:07,Enmaaaa Crypto,Jotchua in a tuxedo sits on a private jet across from Jeffrey Epstein. Send this for the Epstein plane.,"tuxedo, bow-tie, private-jet, plane, jeffrey-epstein, man, male, guy, flying, window, polo, watch, leather, seat",photo_569_0.jpg
568,https://t.me/jotchuacontent/568,photo,2026-06-17 05:57:07,Enmaaaa Crypto,Jotchua cries on a purple background while one huge white tear sprays off his face. Send this when you are sobbing or the sadness is dramatic.,"crying, tears, sobbing, sad, upset, down, depressed, emo, down-bad, lonely, purple, cartoon",photo_568_0.jpg
567,https://t.me/jotchuacontent/567,photo,2026-06-17 05:56:06,Enmaaaa Crypto,"Jotchua in a tuxedo lies in a hospital bed hooked to an IV. Send this when you are sick, admitted, or still dressed up in the hospital.","hospital, sick, iv, drip, bed, patient, tuxedo, bow-tie, pillow, blanket, blue, cartoon",photo_567_0.jpg
566,https://t.me/jotchuacontent/566,photo,2026-06-17 05:56:06,Enmaaaa Crypto,Jotchua in a tuxedo rides a little blue tricycle with training wheels along a park path. Send this when the fit does not match the ride.,"tricycle, bike, riding, training-wheels, tuxedo, bow-tie, park, bench, sidewalk, grass, blue",photo_566_0.jpg
565,https://t.me/jotchuacontent/565,photo,2026-06-17 05:56:06,Enmaaaa Crypto,"Jotchua in a tuxedo holds thick stacks of cash, with more bills stacked behind him. Send this when you got paid or you are rich.","tuxedo, stacks, bills, dollars, money, cash, wealth, winning, success, bullish, moon, pump, rich, flex",photo_565_0.jpg
564,https://t.me/jotchuacontent/564,photo,2026-06-17 05:56:06,Enmaaaa Crypto,A giant Jotchua in a Stop Being Poor tank top crouches over a cement mixer in front of beat-up city buildings. Send this when you are flexing or done being broke.,"giant, tank-top, stop-being-poor, truck, cement-mixer, city, graffiti, flex, buildings, winning, success, bullish, moon, pump, rich, money, cash, wealth",photo_564_0.jpg
563,https://t.me/jotchuacontent/563,photo,2026-06-17 05:56:06,Enmaaaa Crypto,Jotchua in a yellow raincoat and red sneakers holds a KFC bucket and offers a piece of fried chicken to pigeons on a wet street. Send this when you are feeding the birds or out in the rain.,"raincoat, yellow, kfc, fried-chicken, pigeons, feeding, street, rain, sneakers, bucket, sidewalk",photo_563_0.jpg
562,https://t.me/jotchuacontent/562,photo,2026-06-17 05:56:06,Enmaaaa Crypto,"Jotchua in a blue suit fires a pistol in GTA, seen from below against an orange sky and palm trees. Send this when you are suited up and shooting.","gta, san-andreas, gun, pistol, suit, tie, shooting, video-game, palm-tree, muzzle-flash, city",photo_562_0.jpg
561,https://t.me/jotchuacontent/561,photo,2026-06-17 05:56:06,Enmaaaa Crypto,"Jotchua walks an alley as CJ in a white tank top, subtitled Ah shit, here we go again. Send this when the same mess is starting over.","gta, san-andreas, cj, walking, tank-top, alley, subtitle, here-we-go-again, quote, video-game, angry, mad, rage, pissed, annoyed",photo_561_0.jpg
560,https://t.me/jotchuacontent/560,photo,2026-06-17 05:56:06,Enmaaaa Crypto,"Jotchua's face sits behind a phone chart of the token against USDC, with the 4-hour pair in the green and up hard. Send this when the chart is pumping.","trading, chart, candlestick, phone, screenshot, volume, green, usdc, token, coin, winning, success, bullish, moon, pump, rich, money, cash, wealth",photo_560_0.jpg
557,https://t.me/jotchuacontent/557,photo,2026-06-17 05:54:22,Enmaaaa Crypto,"Jotchua in a tuxedo sits on outdoor stairs at sunset beside an anime girl in a Stop Being Poor tank top and a Don't Tread cap, sipping a drink. Send this when you are posted up, flexing, or done being broke.","woman, female, girl, anime, stairs, sunset, sunglasses, tank-top, stop-being-poor, cap, gadsden, dont-tread, drink, tuxedo, bow-tie, winning, success, bullish, moon, pump, rich, money, cash, wealth",photo_557_0.jpg
556,https://t.me/jotchuacontent/556,photo,2026-06-17 05:54:22,Enmaaaa Crypto,Jotchua in a suit and tie holds a red candle in one hand and a green candle in the other. Send this when you are stuck between a dump and a pump.,"trading, candles, candlestick, suit, tie, red, green, business, choice",photo_556_0.jpg
555,https://t.me/jotchuacontent/555,photo,2026-06-17 05:54:22,Enmaaaa Crypto,Jotchua floats in space above the earth while a green beam drops from him to the planet. Send this when you are coming in hot or locked on from orbit.,"space, flying, beam, laser, earth, planet, glow, green, stars, orbit, sky",photo_555_0.jpg
554,https://t.me/jotchuacontent/554,photo,2026-06-17 05:54:22,Enmaaaa Crypto,"Jotchua in camo holds a torn black flag on a burning battlefield, with a squad that includes Pepe, a penguin, a fox, and a shiba. Send this when the group is going to war.","soldier, war, squad, army, military, camo, camouflage, black-flag, battlefield, rifle, gun, helmet, fire, smoke, pepe, frog, penguin, fox, shiba, doge, cat, sunglasses, mustache",photo_554_0.jpg
552,https://t.me/jotchuacontent/552,photo,2026-06-17 05:32:00,peacefuldestroy,"Hundreds of Jotchuas fill the grass of a bright sci-fi city, with flying vehicles between the towers and a man walking one on a leash. Send this when the whole place is him.","city, crowd, sci-fi, future, skyscraper, skyline, flying-car, spaceship, clones, grass, buildings, man, male, guy, leash, walking, water",photo_552_0.jpg
551,https://t.me/jotchuacontent/551,photo,2026-06-17 02:09:51,peacefuldestroy,"A Google listing names Jotchua Tree National Park, a national park in the Jotchuan Empire, with 5.0 stars and 15,071 reviews. Send this when you are fake-rating the place or claiming the desert.","google-maps, listing, national-park, reviews, five-star, joshua-tree, desert, screenshot, jotchuan-empire, photos",photo_551_0.jpg
550,https://t.me/jotchuacontent/550,photo,2026-06-17 02:09:51,peacefuldestroy,"Jotchua is dressed as a Roman soldier in a plumed helmet and armor, holding a red shield. Send this when you are suited up for battle.","roman, soldier, centurion, helmet, armor, shield, plume, red, legion, ancient",photo_550_0.jpg
549,https://t.me/jotchuacontent/549,photo,2026-06-17 02:09:50,peacefuldestroy,Jotchua wears Giorno's gold curled hair and braid with the purple suit and heart cutout from JoJo. Send this when you want the JoJo fit.,"jojo, giorno, anime, costume, purple, hair, gold, ladybug, suit, chain, braid, wings",photo_549_0.jpg
548,https://t.me/jotchuacontent/548,photo,2026-06-17 02:09:50,peacefuldestroy,"Jotchua sleeps with his eyes shut in a blue nightcap with yellow polka dots, Zs drifting off him. Send this when you are tired, napping, or done for the night.","sleep, sleepy, sleeping, nap, tired, bedtime, nightcap, polka-dot, blue, hat, zzz",photo_548_0.jpg
547,https://t.me/jotchuacontent/547,photo,2026-06-17 02:05:50,peacefuldestroy,"Joshua trees in the desert are topped with Jotchua heads under a blue sky. Send this for Joshua Tree, the desert, or a weird nature post.","joshua-tree, desert, cactus, trees, sky, heads, faces, landscape, branches",photo_547_0.jpg
546,https://t.me/jotchuacontent/546,photo,2026-06-17 02:05:21,peacefuldestroy,Jotchua wears a black and red headset on a livestream while chat scrolls beside him. Send this when you are streaming or just got on.,"streaming, livestream, twitch, headset, headphones, chat, webcam, gamer, gaming",photo_546_0.jpg
545,https://t.me/jotchuacontent/545,photo,2026-06-17 02:05:19,peacefuldestroy,"Will Smith leans in with his hands raised in the neuralyzer pose beside Jotchua, whose head is pasted on a tuxedo with a bow tie and a red pocket square. It is the Men in Black memory wipe. Send this when you want everyone to forget what they just saw.","will-smith, men-in-black, neuralyzer, tuxedo, bow-tie, suit, movie, memory, pocket-square, man, male, guy",photo_545_0.jpg
544,https://t.me/jotchuacontent/544,photo,2026-06-17 02:05:18,peacefuldestroy,"Jotchua stands in a conspiracy collage: drones over an American flag, green Matrix code, a hypnotic spiral packed with Fox News, CNN, and NBC logos, and a column of soldiers above a row of missiles. Send this for a theory, a rabbit hole, or when the plot is everywhere at once.","conspiracy, drones, matrix, fox-news, cnn, nbc, news, spiral, hypnosis, soldier, rifle, missile, american-flag, military, collage",photo_544_0.jpg
543,https://t.me/jotchuacontent/543,photo,2026-06-17 02:05:18,peacefuldestroy,"A US election map fills every state with Jotchua's face. The bar between Democrats and Republicans marks Jotchua at 538, with 270 to win. Send this for a sweep, a unanimous vote, or when one thing takes the whole map.","election, map, usa, states, voting, landslide, winner, president, electoral, democrat, republican, sweep",photo_543_0.jpg
542,https://t.me/jotchuacontent/542,photo,2026-06-17 02:05:17,peacefuldestroy,"Jotchua's head sits on the Sphinx in front of the Great Pyramid at Giza. Send this for Egypt, an ancient wonder, or a monument edit.","sphinx, pyramid, egypt, giza, statue, monument, desert, stone",photo_542_0.jpg
541,https://t.me/jotchuacontent/541,photo,2026-06-17 02:05:17,peacefuldestroy,"Jotchua wears a camo helmet with a bullet band and holds a rifle in front of soldiers wading a jungle river. Send this for Vietnam, a war photo, or being dropped into the fight.","vietnam, war, soldier, rifle, gun, helmet, jungle, river, military, camo, wading, bullets, man, male",photo_541_0.jpg
540,https://t.me/jotchuacontent/540,photo,2026-06-17 02:05:16,peacefuldestroy,"Jotchua's face hangs in the black above a person who covers their mouth, eyes wide. Send this when something is right behind you, or the room just got creepy.","scared, fear, horror, creepy, scary, dark, lurking, hand, mouth, looming",photo_540_0.jpg
539,https://t.me/jotchuacontent/539,photo,2026-06-17 02:05:15,peacefuldestroy,"A red circle and a pointer line call out a tiny spot in an empty field, and the circle is a close-up of Jotchua's face. Send this when you spot something small in a huge empty place.","spotting, field, pointing, circle, zoom, tiny, landscape, callout, hidden",photo_539_0.jpg
538,https://t.me/jotchuacontent/538,photo,2026-06-17 02:05:15,peacefuldestroy,Jotchua is under a speech bubble that says Good Morning Bro. Send this as a morning hello.,"good-morning, morning, hello, greeting, speech-bubble, bro, text",photo_538_0.jpg
537,https://t.me/jotchuacontent/537,photo,2026-06-17 02:00:25,peacefuldestroy,"A round, chubby Jotchua stands with tiny arms and a huge belly on a plain background. Send this for a fat little pose or a silly body.","chubby, fat, round, standing, tiny-arms, belly, pose",photo_537_0.jpg
536,https://t.me/jotchuacontent/536,photo,2026-06-17 01:59:36,peacefuldestroy,"Yellow Jotchua is Chica from Five Nights at Freddy's, with a Let's Eat bib, a cupcake, and a yellow bow, standing in the dark pizzeria by the employees-only door. Another animatronic grins in the dark doorway behind him. Send this for FNAF, or when the animatronic is the creepy one in the room.","fnaf, chica, cupcake, bib, lets-eat, animatronic, yellow, bow, candle, employees-only, checkered, scared, fear, horror, creepy, scary",photo_536_0.jpg
535,https://t.me/jotchuacontent/535,photo,2026-06-17 01:59:28,peacefuldestroy,"Friend, girlfriend, boyfriend, and best friend are crossed out, and the line left is that only Jotchua has no end. Send this when the bit outlasts every other relationship.","best-friend, loyalty, girlfriend, boyfriend, crossed-out, forever, text, love, heart, crush",photo_535_0.jpg
534,https://t.me/jotchuacontent/534,photo,2026-06-17 01:58:53,peacefuldestroy,"A man in a striped shirt walks away while a blue spirit trails off his body, and a chain runs from his ankle to Jotchua's paw. Send this when something has your soul on a leash.","chain, ankle, ghost, soul, aura, leash, walking, striped-shirt, man, male, guy",photo_534_0.jpg
533,https://t.me/jotchuacontent/533,photo,2026-06-17 01:58:40,peacefuldestroy,"Jotchua's head is carved into the leftmost spot on Mount Rushmore, with the other presidents still in the rock under a clear blue sky. Send this when something belongs on the monument.","rushmore, president, monument, carved, sculpture, america, landmark, mountain",photo_533_0.jpg
532,https://t.me/jotchuacontent/532,photo,2026-06-17 01:58:19,peacefuldestroy,"A dark text thread says you have zero personality and all you do is send pictures of Jotchuas, with his photo under the bubbles. Send this when someone only posts him, or as the self-own.","texting, imessage, chat, screenshot, personality, roast, messages, bubbles",photo_532_0.jpg
531,https://t.me/jotchuacontent/531,photo,2026-06-17 01:57:12,peacefuldestroy,"White text on a nearly black close-up of Jotchua reads that the small dog kills the lion with a rock when it tries to rape him. Send this as a grim, deadpan fact.","dark, text, grim, lion, rock, overlay, black, fact",photo_531_0.jpg
530,https://t.me/jotchuacontent/530,photo,2026-06-17 01:55:33,peacefuldestroy,"Jotchua stands upright on his hind legs with both front paws out, cut out on a blank background. Send this as a blank pose, a little presentation, or a ta-da.","standing, upright, paws, arms-out, cutout, pose, presenting",photo_530_0.jpg
529,https://t.me/jotchuacontent/529,photo,2026-06-17 01:54:01,peacefuldestroy,"A collage treats Jotchua like a proof: a calculus limit sits on wood grain that is circled as a face, and a red arrow points down at him. Golden-ratio grids cover his face, a woman's face, and two men, beside a chart of hairlines. Send this when something is supposedly perfect, scientific, or mathematically inevitable.","math, calculus, equation, golden-ratio, geometry, symmetry, wood, collage, face, diagram, hairline, science, arrow, woman, female, man, male, beard, spiral",photo_529_0.jpg
528,https://t.me/jotchuacontent/528,photo,2026-06-17 01:53:47,peacefuldestroy,"Jesse yells that someone is at the door and Heisenberg asks who it is. One panel is Jotchua sitting in front of a white plastic chair, and the big one is Jotchua under a giant sombrero, while a bald Walter White screams and a tiny Heisenberg watches from the corner. Send this when whoever just showed up is the bit.","breaking-bad, heisenberg, walter-white, jesse-pinkman, sombrero, door, collage, shocked, screaming, bald, glasses, sunglasses, hat, chair, man, male, guy",photo_528_0.jpg
527,https://t.me/jotchuacontent/527,photo,2026-06-17 01:53:38,peacefuldestroy,"Two guys stand outside and one asks to be shown that dog picture. The picture is Jotchua, and the reply is Splendid. Send this when something you were just shown gets full approval.","splendid, speech-bubble, approval, showing, bandana, beanie, chain, man, male, guy, talking, outside",photo_527_0.jpg
526,https://t.me/jotchuacontent/526,photo,2026-06-17 01:53:32,peacefuldestroy,"Fedora Jotchua starts to say son I'm proud of you, and the second Jotchua answers that bro is proud of me. Send this when you are proud of someone, or when the pride is coming from the boys.","fedora, hat, proud, dad, son, bro, speech-bubble, happy, smile, smiling, joy, excited, wholesome",photo_526_0.jpg
525,https://t.me/jotchuacontent/525,photo,2026-06-17 01:53:24,peacefuldestroy,"Jotchua stands with his arms out on a magenta field under the text, this dog does 11,640 damage per second. Send this when something hits absurdly hard, or the DPS number is the whole joke.","dps, damage, gaming, standing, text, magenta, purple, numbers",photo_525_0.jpg
524,https://t.me/jotchuacontent/524,photo,2026-06-17 01:53:22,peacefuldestroy,"A simple black ink sketch shows Jotchua's face, with floppy ears, whiskers, and a dark nose, and the top of his body along the bottom edge. Send this for a drawing, a doodle, or a plain portrait.","sketch, drawing, ink, portrait, doodle, line-art, whiskers, ears",photo_524_0.jpg
523,https://t.me/jotchuacontent/523,photo,2026-06-16 19:52:07,Ayo.,"Jotchua works the McDonald's register in a red polo, visor, and glasses while line-drawn customers hang around clueless. The text says they don't know a Jotchua giga candle is imminent. Send this when a huge green candle is coming and nobody else has noticed.","mcdonalds, cashier, wojak, glasses, register, visor, uniform, they-dont-know, giga-candle, candle, trading, smug, winning, success, bullish, moon, pump, rich, money, cash, wealth",photo_523_0.jpg
522,https://t.me/jotchuacontent/522,video,2026-06-16 18:09:23,peacefuldestroy,"Jotchua snaps through a glitchy costume montage: Elvis hair and a red collar, a propeller hat, a tiara, a wizard hat with sunglasses, a Jotaro cap with JoJo menace marks, and Cell in spotted green armor. Other flashes show a pink horn, a blue-and-gold outfit, a blue helmet, a pyramid-shaped head, spiky hair with lightning, and a green scouter ringed by dragon balls. Laser eyes sit under a Windows error that says it cannot find Jotchua.xp, and a cartoon sticker stays in the corner while the shots zoom and flash. Send this for a chaotic edit that will not sit still.","montage, glitch, zoom, elvis, pompadour, propeller-hat, tiara, wizard-hat, sunglasses, jojo, jotaro, menacing, cell, dragon-ball, scouter, laser-eyes, windows, error, sticker, unicorn, horn, pyramid, helmet, lightning, super-saiyan",522_IMG_8462.MOV
520,https://t.me/jotchuacontent/520,video,2026-06-16 17:46:43,peacefuldestroy,"Jotchua stares out of the dark with a black smudge on his head. The edit cuts through a propeller hat, a big-eyed cartoon with tears, a crew of Jotchua-headed people walking at night, a green blade over an army of puppy faces, a halo over a field of puppies, a dark forest, Jotchua in diamond armor with a glowing Minecraft sword, and Jotchua aiming two pistols at the camera. Send this when the crew pulls up, or when that crying face is the mood.","montage, staring, dark, smudge, cartoon, crew, walking, night, group, minecraft, sword, diamond, armor, glowing, pixel, pistols, gun, dual-wield, aiming, army, propeller-hat, halo, blade, forest, crying, tears, sobbing, sad, upset, down, depressed, emo, down-bad, lonely",520_IMG_8460.MOV
519,https://t.me/jotchuacontent/519,video,2026-06-16 17:41:33,peacefuldestroy,"A fast montage puts Jotchua in Cell's armor, a JoJo cap with the ゴゴゴ effect, an Elvis pompadour, a propeller hat, and a blue-and-gold ice warrior. A crying cartoon with tears holds two Monster cans and also pops into the corner beside a laser-eyes inset with an Uno reverse card. Other beats show a tiara, a wizard hat and sunglasses with an eagle, Pac-Man ghosts, and an eye-in-the-pyramid, plus a green scouter and dragon balls under プライド (pride), a Mega Man helmet, a dog-faced pyramid, a lightsaber, and a Windows error that cannot find Jotchua.xp because the file has been deleted or corrupted. Send this for a chaotic edit dump, or when that crying face is the mood.","montage, cell, dragon-ball, jojo, jotaro, menacing, propeller-hat, ice, warrior, mustache, laser-eyes, uno-reverse, uno, pyramid, lightsaber, star-wars, windows, error, corrupted, computer, anime, scouter, pride, megaman, helmet, popup, elvis, wizard-hat, sunglasses, tiara, monster-energy, energy-drink, eagle, pac-man, illuminati, crying, tears, sobbing, sad, upset, down, depressed, emo, down-bad, lonely",519_IMG_8459.MOV
516,https://t.me/jotchuacontent/516,photo,2026-06-16 16:08:01,peacefuldestroy,"A collage titled JOTCHUAMAXXING, with the line return to memes, lines up Jotchua sunmaxxing, on a long walk beside a man with a sweater over his shoulders, inside a banned-job sign, relaxing on a man's lap by the ocean, and next to a high-T testosterone diagram. Lower panels put him in a flower field, on a cortisol gauge stuck at low, camping by a fire, beside a banned alarm, in front of a shirtless man reading, and asleep on a bed. Send this for skipping work, touching grass, or a maxxing routine.","collage, jotchuamaxxing, looksmaxxing, sunmaxxing, no-job, long-walks, relaxing, testosterone, high-t, low-cortisol, flowers, camping, campfire, tent, no-alarm, reading, workout, shirtless, sleep, sleepy, sleeping, nap, tired, bedtime, bed, ocean, man, male, guy, return-to-memes",photo_516_0.jpg
514,https://t.me/jotchuacontent/514,photo,2026-06-16 13:52:19,peacefuldestroy,Jotchua wears a spiky pale-purple Killua wig and a white v-neck over a purple shirt. Send this for Hunter x Hunter or anime hair.,"killua, hunter-x-hunter, hxh, anime, wig, purple, white, v-neck, spiky-hair, shirt, costume",photo_514_0.jpg
507,https://t.me/jotchuacontent/507,photo,2026-06-16 03:09:55,"remus (⚫️,◻️)","Jotchua wears a graduation cap under a rainbow, with roses and stars around the frame. The poster says you are not a failure, technically. Send this as encouragement that still gets a dig in.","graduation, graduate, cap, tassel, rainbow, roses, flowers, stars, encouragement, failure, technically, poster, cute",photo_507_0.jpg
506,https://t.me/jotchuacontent/506,photo,2026-06-16 03:09:55,"remus (⚫️,◻️)","Jotchua sits in a red beach chair on the sand, between palm trees and a sun in sunglasses, while a pixel fist bump sits beside him. The poster says hang in there, the void is temporary. Send this when someone is down and needs the soft version.","hang-in-there, beach, beach-chair, palm-tree, ocean, sun, sunglasses, vacation, stars, encouragement, void, poster, fist-bump, pixel, sad, upset, down, depressed, emo, down-bad, lonely",photo_506_0.jpg
505,https://t.me/jotchuacontent/505,photo,2026-06-16 03:09:54,"remus (⚫️,◻️)","Astronaut Jotchua sits on the moon in a helmet, holding a gas nozzle labeled premium cope. Beside him are a camera-covered lunar lander, a brain-freeze Slurpee machine, a vending machine of government cheese puffs, and a photo of his face on a stick. Send this for cope or a gas station that should not be in space.","astronaut, space, lunar-surface, helmet, gas-pump, nozzle, cope, slurpee, brain-freeze, vending-machine, cheese-puffs, government-cheese, lunar-lander, camera, stars, gas-station, photo",photo_505_0.jpg
504,https://t.me/jotchuacontent/504,photo,2026-06-16 03:09:53,"remus (⚫️,◻️)","A fake Google results page for how to become president if you are a blobby puppy says Jotchua wins the election in a landslide, free treats won the voters, and the opponent concedes he is just too blobby. People also ask if he is qualified and if a puppy can be impeached. Send this when your side won or the news is nonsense.","google, search, election, president, politics, landslide, winning, success, bullish, moon, pump, rich, suit, tie, flag, blobby, free-treats, debate, impeachment, news, qualified",photo_504_0.jpg
500,https://t.me/jotchuacontent/500,photo,2026-06-16 01:33:25,peacefuldestroy,"Several Jotchuas in tuxedos and bow ties fill a fancy club. One holds a glass of whiskey and another has a cigar. Send this when you are rich, winning, or dressed like money.","tuxedo, suit, bowtie, cigar, smoking, drink, whiskey, club, formal, group, winning, success, bullish, moon, pump, rich, money, cash, wealth",photo_500_0.jpg
499,https://t.me/jotchuacontent/499,photo,2026-06-16 01:02:45,peacefuldestroy,Jotchua wears a tan Clash Royale prince helmet and holds a blue-and-white striped lance. Send this for Clash Royale or a knight.,"clash-royale, prince, helmet, lance, knight, armor, tan, blue, striped, costume",photo_499_0.jpg
498,https://t.me/jotchuacontent/498,photo,2026-06-16 01:02:31,peacefuldestroy,Jotchua wears a blue Mega Man helmet and a glowing arm cannon. Send this for Mega Man or a game character.,"megaman, helmet, arm-cannon, blaster, blue, glowing, gaming, costume",photo_498_0.jpg
480,https://t.me/jotchuacontent/480,photo,2026-06-15 18:06:41,Pacman 🍁,"Jotchua rides a red snowboard against a clear blue sky, paws up, caught mid-jump. Send this for snowboarding or a jump.","snowboarding, snowboard, red, sky, jump, winter, midair, paws",photo_480_0.jpg
478,https://t.me/jotchuacontent/478,photo,2026-06-15 12:39:17,peacefuldestroy,"Jotchua looks off to the side with two angry eyebrows drawn on. Send this when you are mad, annoyed, or side-eyeing someone.","angry, mad, rage, pissed, annoyed, eyebrows, drawn-on, side-eye, staring, closeup",photo_478_0.jpg
476,https://t.me/jotchuacontent/476,photo,2026-06-15 12:39:14,peacefuldestroy,"Jotchua wears a blue-and-gold outfit with a drawn black mustache, thick eyebrows, and ice on the sleeves. Send this for a warrior costume or an ice fighter.","costume, warrior, mustache, eyebrows, blue, gold, ice, armor, belt, black-hair",photo_476_0.jpg
474,https://t.me/jotchuacontent/474,photo,2026-06-15 12:39:13,peacefuldestroy,"A simple tan cartoon of Jotchua's face sits on a flat green background, with a green scribble off to the left. Send this when you want the plain drawing.","drawing, sketch, portrait, cartoon, art, green, scribble, face",photo_474_0.jpg
473,https://t.me/jotchuacontent/473,photo,2026-06-15 12:39:12,peacefuldestroy,"Jotchua wears a black knight helmet and black shoulder armor. Send this for a knight, armor, or suiting up.","helmet, armor, knight, shoulder-pads, black, costume, visor, tactical",photo_473_0.jpg
472,https://t.me/jotchuacontent/472,photo,2026-06-15 12:39:11,peacefuldestroy,"Jotchua is drawn as Senku, with tall mint-green hair, a gear goggle over one eye, a white scarf, and a green coat, in front of a ruined town and a small UFO. Send this for Dr. Stone or a scientist bit.","senku, dr-stone, goggles, scientist, anime, manga, green-hair, scarf, coat, ruins, ufo",photo_472_0.jpg
471,https://t.me/jotchuacontent/471,photo,2026-06-15 12:39:11,peacefuldestroy,Jotchua has a thin halo and small wings on a sparkly pink background. Send this when someone is being sweet or too pure.,"angel, halo, wings, pink, sparkle, stars, cute, costume, innocent",photo_471_0.jpg
470,https://t.me/jotchuacontent/470,photo,2026-06-15 12:39:11,peacefuldestroy,"Jotchua sleeps with both eyes shut and blue zzz over a gray pillow. Send this when you are tired, napping, or done for the night.","sleep, sleepy, sleeping, nap, tired, bedtime, zzz, pillow, closeup, eyes-closed, cute",photo_470_0.jpg
469,https://t.me/jotchuacontent/469,photo,2026-06-15 12:39:11,peacefuldestroy,Jotchua wears a rainbow clown wig and a round red nose. Send this when somebody is being a clown.,"clown, wig, rainbow, red-nose, afro, costume, circus, colorful",photo_469_0.jpg
468,https://t.me/jotchuacontent/468,photo,2026-06-15 12:39:10,peacefuldestroy,"Jotchua wears a split wig, blonde dreads on one side and black dreads on the other. Send this for a rapper look or a wig that does not match.","dreads, wig, blonde, black, two-tone, rapper, costume, hair",photo_468_0.jpg
467,https://t.me/jotchuacontent/467,photo,2026-06-15 12:39:08,peacefuldestroy,"Jotchua squints under a wide straw hat. The text says 寒いです (it's cold) and セックス (sex). Send this when you are cold, or when the reply is just sex.","straw-hat, squinting, cold, japanese, sex, text, hat, eyes",photo_467_0.jpg
466,https://t.me/jotchuacontent/466,photo,2026-06-15 12:39:07,peacefuldestroy,"Wet Jotchua fills the frame, fur soaked, eyes wide, background almost black. Send this when you are sad, soaked, or taking it quietly.","wet, soaked, closeup, staring, eyes, sad, upset, down, depressed, emo, down-bad, lonely",photo_466_0.jpg
465,https://t.me/jotchuacontent/465,photo,2026-06-15 12:39:07,peacefuldestroy,Bald Jotchua stares straight ahead with a blank face and a shaved scalp. Send this for a dead stare or a head with nothing left on it.,"bald, shaved, hairless, staring, blank, closeup, head, face, cursed",photo_465_0.jpg
464,https://t.me/jotchuacontent/464,photo,2026-06-15 12:39:06,peacefuldestroy,"A hand throws the middle finger in front of a deadpan Jotchua. Send this when you are unimpressed, annoyed, or telling someone off.","middle-finger, flip-off, rude, hand, unimpressed, deadpan, angry, mad, rage, pissed, annoyed, gesture",photo_464_0.jpg
463,https://t.me/jotchuacontent/463,photo,2026-06-15 12:39:06,peacefuldestroy,"Jotchua cries in a black suit, white shirt, and black tie while rain streaks the picture. Send this when you are devastated, soaked, or the sad scene needs a face.","crying, tears, sobbing, sad, upset, down, depressed, emo, down-bad, lonely, suit, tie, pocket-square, rain, formal",photo_463_0.jpg
462,https://t.me/jotchuacontent/462,photo,2026-06-15 12:39:05,peacefuldestroy,"A hand holds an open flip phone with a calm Jotchua on the screen while a crying kid, face pasted over with Jotchua, sobs beside it under a cell tower and signal rings. Send this when you are crying on a call, or the person on the phone is fine and you are not.","flip-phone, phone, calling, cellphone, signal, cell-tower, crying, tears, sobbing, sad, upset, down, depressed, emo, down-bad, lonely, kid, child",photo_462_0.jpg
461,https://t.me/jotchuacontent/461,photo,2026-06-15 12:39:04,peacefuldestroy,"A finished papercraft cube Jotchua with angry eyebrows holds a sign that reads ""¿un sexo"". Send this as a blunt, awkward come-on.","papercraft, cube, cardboard, sign, spanish, sexo, sex, horny, eyebrows, come-on, craft",photo_461_0.jpg
460,https://t.me/jotchuacontent/460,photo,2026-06-15 12:39:04,peacefuldestroy,"A papercraft net lays out cube Jotchua, with fold tabs, separate ears, and a tiny photo of the finished cube. Send this when you want the template or you are about to craft it.","papercraft, cube, template, diy, craft, paper, fold, ears, printable, cutout, tabs",photo_460_0.jpg
454,https://t.me/jotchuacontent/454,photo,2026-06-15 12:17:56,peacefuldestroy,"Jotchua wears a white Milwaukee hard hat with a headlamp, with a tape measure, two screwdrivers, and red-handled pliers beside him. Send this when you are on the job, fixing something, or doing the handy work.","milwaukee, hard-hat, headlamp, construction, tools, pliers, screwdriver, tape-measure, work, repair, job",photo_454_0.jpg
453,https://t.me/jotchuacontent/453,photo,2026-06-15 12:17:55,peacefuldestroy,"Jotchua is Beast Gohan, with huge silver hair, a purple gi, and a blue sash and wristbands, in a rocky purple landscape. Send this when you just transformed or the power-up is the whole point.","beast-gohan, dragon-ball, dragon-ball-super, anime, manga, silver-hair, gi, purple, sash, wristbands, transformation, power",photo_453_0.jpg
452,https://t.me/jotchuacontent/452,photo,2026-06-15 12:17:55,peacefuldestroy,"A black fedora floats over Jotchua, with a drawn mustache, a monocle on a stick by one eye, and a glass of red wine. The text reads Momento fino. Send this when something is classy, fancy, or a fine moment.","fedora, mustache, monocle, wine, wine-glass, classy, fancy, gentleman, momento-fino, spanish, drinking, red",photo_452_0.jpg
451,https://t.me/jotchuacontent/451,photo,2026-06-15 12:17:54,peacefuldestroy,"Jotchua wears round black glasses beside a paw-print notebook and an orange pencil. Send this when you are studying, doing homework, or being a nerd.","round-glasses, nerd, notebook, pencil, eraser, orange, studying, homework, school, student, paw-prints",photo_451_0.jpg
450,https://t.me/jotchuacontent/450,photo,2026-06-15 12:17:53,peacefuldestroy,"Jotchua wears Megumi's spiky black hair and a dark blue high-collar jujutsu uniform. Send this when you are on a mission, being the serious one, or posting Jujutsu Kaisen.","megumi-fushiguro, jujutsu-kaisen, jjk, anime, manga, uniform, spiky-hair, black-hair, sorcerer, blue, costume",photo_450_0.jpg
449,https://t.me/jotchuacontent/449,photo,2026-06-15 12:17:53,peacefuldestroy,"Jotchua is El Chavo in a green checkered hat and striped shirt, in a vecindad with balloons, a barrel, a birthday cake marked 8, and a red door numbered 72. Send this for a birthday or when the party is the whole bit.","el-chavo-del-ocho, birthday, party, cake, balloons, hat, checkered, striped-shirt, vecindad, barrel, door, celebration, cute, costume",photo_449_0.jpg
448,https://t.me/jotchuacontent/448,photo,2026-06-15 12:17:53,peacefuldestroy,"Jotchua is held up, paws out, in Deku's messy green hair with green lightning cracking around him. Send this when you are powering up, locking in, or going plus ultra.","deku, my-hero-academia, mha, anime, manga, green-hair, lightning, hero, quirk, power, plus-ultra",photo_448_0.jpg
447,https://t.me/jotchuacontent/447,photo,2026-06-15 12:17:53,peacefuldestroy,"Jotchua stares ahead while orange fireworks burst in a dark blue night sky. Send this when you are celebrating, it is a big night, or something just went off.","fireworks, night, sky, celebration, celebrating, orange, blue, sparks, party",photo_447_0.jpg
446,https://t.me/jotchuacontent/446,photo,2026-06-15 12:17:52,peacefuldestroy,"Jotchua wears the blue Brazil jersey, Nike swoosh and CBF crest with BRASIL across the front, outside a shopping mall. Send this on match day, for the World Cup, or when you are repping Brazil.","soccer, football, brazil, brasil, jersey, nike, cbf, shopping, mall, national-team, blue, world-cup",photo_446_0.jpg
445,https://t.me/jotchuacontent/445,photo,2026-06-15 12:17:52,peacefuldestroy,"Jotchua wears The Flash's red cowl, lightning-bolt ears and yellow bolts at the sides. Send this when you need to be fast, you are late, or you are already gone.","flash, dc-comics, superhero, hero, mask, cowl, lightning, red, yellow, speed, costume",photo_445_0.jpg
444,https://t.me/jotchuacontent/444,photo,2026-06-15 12:17:50,peacefuldestroy,Jotchua wears a teal hat lettered DIO while Dio's gold Stand leans in and purple menace marks run down the side. Send this when the moment is menacing or something just got dramatic.,"jojo, jojos-bizarre-adventure, dio, the-world, anime, manga, hat, stand, menacing, gogogo, gold, teal, costume",photo_444_0.jpg
443,https://t.me/jotchuacontent/443,photo,2026-06-15 12:17:49,peacefuldestroy,"Jotchua is Saitama in a white hero suit and yellow glove, fist raised, with a cracked scalp and one blank white eye. Send this when you took a hit and are still standing, or for One Punch Man.","saitama, one-punch-man, opm, anime, superhero, hero, bald, suit, glove, fist, crack, injured",photo_443_0.jpg
442,https://t.me/jotchuacontent/442,photo,2026-06-15 12:17:49,peacefuldestroy,"Jotchua wears a tall black Elvis pompadour, a red collar, and a light blue jacket. Send this when you are performing, feeling like the king, or being extra.","elvis, pompadour, singer, jacket, red, blue, hair, rock-and-roll, costume, performance",photo_442_0.jpg
441,https://t.me/jotchuacontent/441,photo,2026-06-15 12:17:48,peacefuldestroy,"Jotchua wears a huge pleated ruff in a painted seascape, with ships, a coastal town, a hilltop castle, and a sea serpent behind him. Send this when you are being fancy, cultured, or dramatic.","renaissance, painting, portrait, art, ruff, collar, elizabethan, sea, ships, castle, sea-serpent, town, landscape, fancy",photo_441_0.jpg
440,https://t.me/jotchuacontent/440,photo,2026-06-15 12:17:48,peacefuldestroy,Jotchua wears an orange-red helmet with a wide orange visor and a yellow-and-orange jacket. Send this when you are suited up to race or locked into the job.,"helmet, visor, goggles, racing, racer, jacket, red, yellow, orange, motorsport, costume",photo_440_0.jpg
439,https://t.me/jotchuacontent/439,photo,2026-06-15 12:17:47,peacefuldestroy,"Jotchua wears an olive army helmet in a smoky battlefield painting, with a tank, two planes, a seated soldier, and mountains behind him. Send this when you are heading into a fight or treating something like a war.","soldier, war, military, army, helmet, tank, plane, airplane, smoke, battlefield, painting, mountains, combat",photo_439_0.jpg
438,https://t.me/jotchuacontent/438,photo,2026-06-15 12:17:46,peacefuldestroy,"Jotchua's eyes glow purple in the Minecraft End, with an enderman, an obsidian pillar, and the ender dragon behind him. Send this when you are in the End or deep in a Minecraft session.","minecraft, the-end, enderman, ender-dragon, obsidian, purple, glowing-eyes, eyes, gaming, blocks",photo_438_0.jpg
437,https://t.me/jotchuacontent/437,photo,2026-06-15 12:17:46,peacefuldestroy,"Jotchua wears a silver crown with a green jewel, framed by pink flowers, a pink butterfly, and a winged stuffed bunny. Send this when you feel like a princess or something is just cute.","princess, crown, tiara, flowers, butterfly, bunny, stuffed-animal, wings, pink, green, sparkles, cute",photo_437_0.jpg
436,https://t.me/jotchuacontent/436,photo,2026-06-15 12:17:40,peacefuldestroy,"Jotchua is Goku Black in base form, with black spiky hair, a dark gi, and one green Potara earring, against a green Namek landscape. Send this when you are the villain Goku, about to fight, or posting Dragon Ball.","goku-black, potara, earring, dragon-ball, dragon-ball-super, anime, manga, spiky-hair, black-hair, gi, namek, fighting",photo_436_0.jpg
435,https://t.me/jotchuacontent/435,photo,2026-06-15 12:17:39,peacefuldestroy,"Jotchua is cropped under huge white spiky hair, a yellow lightning bolt beside a red aura. Send this for a Super Saiyan power-up.","super-saiyan, lightning, aura, spiky-hair, white-hair, anime, dragon-ball, dbz, power-up",photo_435_0.jpg
434,https://t.me/jotchuacontent/434,photo,2026-06-15 12:17:37,peacefuldestroy,Jotchua wears a red-and-white cartoon propeller hat with a blue propeller at a playground. Send this when you are being goofy or acting like a kid.,"propeller-hat, hat, blue, playground, silly, goofy, cartoon, kid",photo_434_0.jpg
433,https://t.me/jotchuacontent/433,photo,2026-06-15 12:17:36,peacefuldestroy,"Jotchua wears a pixel burger on his head in a snowy Minecraft world, with a wooden build, a lantern, and a gold-block path behind him. Send this for Minecraft, a burger, or a snowy selfie.","minecraft, burger, hamburger, hat, snow, pixel, mountains, blocks, lantern, winter, selfie, gold-block",photo_433_0.jpg
432,https://t.me/jotchuacontent/432,photo,2026-06-15 12:17:36,peacefuldestroy,"Jotchua's face is the sun, yellow rays over a green meadow of flowers, like the Teletubbies sun. Send this for a bright, wholesome, good-morning mood.","teletubbies, sun, sunshine, meadow, flowers, sky, rays, good-morning, happy, smile, smiling, joy, excited, wholesome",photo_432_0.jpg
431,https://t.me/jotchuacontent/431,photo,2026-06-15 12:17:35,peacefuldestroy,Jotchua wears a tall white chef's hat with a wooden spoon beside his face. Send this when you are the chef or about to cook.,"chef, chef-hat, cooking, spoon, wooden, white, toque, closeup",photo_431_0.jpg
430,https://t.me/jotchuacontent/430,photo,2026-06-15 12:17:34,peacefuldestroy,"Jotchua's face sits in front of a pile of gold 20-cent euro coins. Send this when you are rich, flexing, or the bag is up.","winning, success, bullish, moon, pump, rich, money, cash, wealth, coin, euro, 20-cent, gold, flex",photo_430_0.jpg
429,https://t.me/jotchuacontent/429,photo,2026-06-15 12:17:34,peacefuldestroy,"Jotchua blushes a pink streak across the nose while two fingers point in at the blush. Send this when you are shy, embarrassed, or crushing.","blush, shy, embarrassed, love, heart, crush, cute, hands, fingers, pointing, uwu",photo_429_0.jpg
428,https://t.me/jotchuacontent/428,photo,2026-06-15 12:17:33,peacefuldestroy,"Jotchua glares through an Invincible mask, brows angled down and eyes narrowed, in the yellow-and-blue suit. Send this when you are angry, pissed, or done with someone.","invincible, superhero, mask, yellow, blue, angry, mad, rage, pissed, annoyed, cartoon, black-hair, suit, glare",photo_428_0.jpg
427,https://t.me/jotchuacontent/427,photo,2026-06-15 12:17:33,peacefuldestroy,"Jotchua is a cute Invincible, huge round eyes in a yellow mask and a yellow cape over the black suit. Send this when the superhero bit is just cute.","invincible, superhero, cute, cape, mask, yellow, round-eyes, cartoon, black-hair, suit",photo_427_0.jpg
426,https://t.me/jotchuacontent/426,photo,2026-06-15 12:17:33,peacefuldestroy,"Jotchua wears an Invincible mask and yellow-and-blue suit, black hair sticking up and wide white goggle eyes staring ahead. Send this for a blank superhero stare.","invincible, superhero, goggles, mask, yellow, blue, black-hair, cartoon, staring, suit",photo_426_0.jpg
425,https://t.me/jotchuacontent/425,photo,2026-06-15 12:17:33,peacefuldestroy,"Jotchua is Omni-Man, with black hair, a thick mustache, and a red cape over a white suit, staring under a blue sky. Send this for a stern or unimpressed Omni-Man look.","omni-man, invincible, mustache, cape, superhero, serious, cartoon, black-hair, sky, staring, suit",photo_425_0.jpg
424,https://t.me/jotchuacontent/424,photo,2026-06-15 12:17:30,peacefuldestroy,"Jotchua is a blurry yellow Among Us crewmate, the bean body and backpack barely readable against black. Send this for a crewmate or a picture that is too low-res to tell.","among-us, crewmate, blurry, backpack, low-res, video-game, yellow",photo_424_0.jpg
423,https://t.me/jotchuacontent/423,photo,2026-06-15 12:17:30,peacefuldestroy,"A blocky paper Jotchua, cube head and paper ears, stands on a gridded cutting mat on a desk. Send this for papercraft or something awkwardly assembled.","papercraft, paper, cube, desk, cutting-mat, grid, handmade, blocky, ears",photo_423_0.jpg
422,https://t.me/jotchuacontent/422,photo,2026-06-15 12:17:29,peacefuldestroy,"Jotchua wears pixel deal-with-it sunglasses. Send this when you are unbothered, smug, or telling someone to deal with it.","sunglasses, deal-with-it, pixel, mlg, thug-life, shades, smug, swag, unbothered",photo_422_0.jpg
421,https://t.me/jotchuacontent/421,photo,2026-06-15 12:17:28,peacefuldestroy,"Thick black eyebrows are drawn on Jotchua, one cocked, over a flat skeptical stare. Send this when you are unimpressed, doubtful, or not buying it.","eyebrows, unamused, skeptical, judging, unimpressed, doubt, sus, stare",photo_421_0.jpg
420,https://t.me/jotchuacontent/420,photo,2026-06-15 12:17:28,peacefuldestroy,"Jotchua is Majin Buu, with a pink antenna, dotted holes, black armbands with yellow trim, and the Majin belt, in a Dragon Ball field under several moons. Send this for a Majin Buu bit.","majin-buu, dragon-ball, dbz, anime, pink, antenna, holes, armbands, belt, yellow, cartoon, moons",photo_420_0.jpg
419,https://t.me/jotchuacontent/419,photo,2026-06-15 12:17:27,peacefuldestroy,"Jotchua wears brown Super Saiyan hair edged in yellow on a black-and-white Dragon Ball manga page, one paw reaching forward. Send this for an anime power-up or a transformation.","super-saiyan, dragon-ball, dbz, anime, manga, spiky-hair, brown, yellow, power-up, reaching",photo_419_0.jpg
418,https://t.me/jotchuacontent/418,photo,2026-06-15 12:17:27,peacefuldestroy,"Jotchua stares into the camera with red hearts for eyes. Send this when you love something, have a crush, or are heart-eyes over it.","heart-eyes, red-eyes, love, heart, crush, cute, staring, eyes, closeup",photo_418_0.jpg
417,https://t.me/jotchuacontent/417,photo,2026-06-15 12:17:26,peacefuldestroy,"Jotchua stares with droopy red eyes while a hand holds a lit joint and smoke curls up. Send this when you are high, stoned, or smoking.","smoking, joint, weed, stoned, high, smoke, red-eyes, bloodshot, hand",photo_417_0.jpg
416,https://t.me/jotchuacontent/416,sticker,2026-06-15 07:34:09,peacefuldestroy,"Jotchua's face is a tight sticker crop, eyes locked on the camera. Send this for a cute stare or a quiet little reaction.","cute, staring, closeup, sticker, eyes, face, portrait, eye-contact",416_sticker.webp
412,https://t.me/jotchuacontent/412,photo,2026-06-15 06:20:43,peacefuldestroy,"A plush penguin in a red-and-white racing vest labeled Marlboro, Esso, and Ottal stands beside hooded Jotchua, with DO IT written below them. Send this when you are telling someone to just do it.","penguin, hoodie, do-it, marlboro, esso, ottal, plush, vest, racing, red, white, peer-pressure, sponsor",photo_412_0.jpg
410,https://t.me/jotchuacontent/410,photo,2026-06-15 05:56:10,Mikasa,"Jotchua points out of a vintage wanted poster in a starred helmet and red bow tie, in the Uncle Sam pose, under WANTED and over the words DELUSIONAL JOTCHUANS. Send this when you are recruiting, calling the believers delusional, or pointing straight at someone.","wanted-poster, uncle-sam, i-want-you, pointing, helmet, bow-tie, red, patriotic, america, vintage, recruiting, delusional, propaganda, stars, sunburst",photo_410_0.jpg
402,https://t.me/jotchuacontent/402,video,2026-06-14 21:29:36,Ether,"Two party guests wear Jotchua's face in a hallway: one in a light blue blazer holding a drink, and one in white sunglasses, a black cap, and a yellow Don't Tread On Me headband. A green deadpan emoji face sits in the group while a woman and the others laugh and talk over drinks. Send this for a party, a group hang, or when the chat actually meets up.","party, drinks, sunglasses, headband, cap, dont-tread-on-me, gadsden, blazer, face-swap, talking, hallway, emoji, man, male, guy, woman, female, laughing, lol, happy, smile, smiling, joy, excited, wholesome",402_file_402_0.mp4
401,https://t.me/jotchuacontent/401,photo,2026-06-14 17:52:11,Ether,"Jotchua sits in a yellow roller coaster car in a black cap that reads $Jotchua, both paws in the air. Send this when you are hyped, hands up, or just along for the ride.","roller-coaster, hands-up, cap, ride, hype, yellow, happy, smile, smiling, joy, excited, wholesome",photo_401_0.jpg
400,https://t.me/jotchuacontent/400,photo,2026-06-14 17:52:11,Ether,"The crew hangs at a cafe table: a suited Jotchua sits on the ground by beer and gold bars, a Netherlands kit and a house-hat cartoon share the table, a blue suit and fedora counts a fan of cash, and a shirtless man in blue briefs holds a Monster. Send this when you are up and counting money.","winning, success, bullish, moon, pump, rich, money, cash, wealth, gold-bars, beer, sunglasses, fedora, counting, netherlands, soccer, suit, monster-energy, briefs, shirtless, cafe, house-hat, flip-flops, cartoon, man, male, guy",photo_400_0.jpg
399,https://t.me/jotchuacontent/399,photo,2026-06-14 17:52:11,Ether,"Jotchua in a black suit sits on a green hill with a glass of whiskey and points at four smaller ones on a flying red cape: a fedora with red sunglasses and a crocodile shirt, a Don't Tread hat with a Stop Being Poor shirt, a black pause hoodie, and one in a gold crown. Send this when you are presenting the squad.","suit, pointing, whiskey, cape, crown, king, gadsden, dont-tread-on-me, stop-being-poor, hoodie, pause, sunglasses, squad, lacoste, fedora, hill",photo_399_0.jpg
398,https://t.me/jotchuacontent/398,photo,2026-06-14 17:52:11,Ether,"A cartoon Jotchua lies on the grass, tucked into a teal blanket with his head on a pillow. Send this when you are napping, tired, or done.","sleep, sleepy, sleeping, nap, tired, blanket, grass, pillow, cartoon, cute, outdoor, teal",photo_398_0.jpg
397,https://t.me/jotchuacontent/397,photo,2026-06-14 17:52:11,Ether,"Five women pose in the back of a car packed with costumed Jotchuas, hats, and a salute, while a suited one hangs upside down from the ceiling with a pistol in each paw. Send this when the whole group is piled in.","car, selfie, woman, female, group, squad, guns, upside-down, suit, netherlands, soccer, jersey, helmet, salute, gadsden, dont-tread-on-me, stop-being-poor, sunglasses, fedora, house-hat, blue-hair, cigarette, hoodie, pause, headphones",photo_397_0.jpg
396,https://t.me/jotchuacontent/396,photo,2026-06-14 17:52:11,Ether,"Jotchua, in a Don't Tread hat, white sunglasses, and a Stop Being Poor tank top, pushes a loaded wheelbarrow across Mario bricks. Send this when you are grinding or hauling.","mario, wheelbarrow, bricks, working, grinding, hustle, gadsden, dont-tread-on-me, stop-being-poor, sunglasses, cartoon, platform, yellow-pants, tank-top",photo_396_0.jpg
395,https://t.me/jotchuacontent/395,photo,2026-06-14 17:52:11,Ether,"Four Jotchuas cross an Abbey Road zebra crossing: a Netherlands number 7 kit, a saluting soldier, a Don't Tread hat with a Stop Being Poor tank top, and a suited one aiming two pistols. Send this for the Beatles walk or the squad crossing.","abbey-road, beatles, london, crosswalk, crossing, walking, netherlands, soccer, jersey, helmet, salute, military, gadsden, dont-tread-on-me, stop-being-poor, tank-top, sunglasses, guns, suit, red-tie, vw-beetle, taxi",photo_395_0.jpg
394,https://t.me/jotchuacontent/394,photo,2026-06-14 17:52:11,Ether,"Four Jotchuas play poker under a smoky lamp: one in a Don't Tread hat smokes a cigar over a stack of cash, one in a blue suit sweats behind his cards, one in an army helmet salutes, and one in a house hat and smiley shirt holds a cigarette. Send this for a poker night or a shady table.","poker, cards, gambling, cigar, smoking, cigarette, whiskey, beer, chips, sunglasses, gadsden, dont-tread-on-me, helmet, salute, military, house-hat, blue-hair, smiley, sweat, lamp, suit",photo_394_0.jpg
393,https://t.me/jotchuacontent/393,photo,2026-06-14 17:52:11,Ether,Jotchua wears Jotaro's black-and-gold hat while purple JoJo menace marks crowd the side of the frame. Send this when the aura is menacing.,"jojo, jotaro, hat, menacing, menace, anime, gold, aura, cap",photo_393_0.jpg
392,https://t.me/jotchuacontent/392,photo,2026-06-14 12:54:29,"remus (⚫️,◻️)","Jotchua holds a gas nozzle labeled ""PREMIUM COPE"" at a pump signed ""UNLEADED DELUSION $6.66/gal,"" beside government cheese puffs and a brain-freeze Slurpee machine, while eyeball cameras watch. Send this when someone is coping or the timeline is pure delusion.","gas-station, gas-pump, nozzle, pumping, premium-cope, unleaded-delusion, 666, government-cheese-puffs, vending-machine, slurpee, brain-freeze, camera, eyeball, surveillance, surreal, weird",photo_392_0.jpg
391,https://t.me/jotchuacontent/391,photo,2026-06-14 12:54:28,"remus (⚫️,◻️)","A Google Images page for ""why does my dog look like that"" is nothing but the same wide-eyed Jotchua face, with ""how to unsee"" under People also ask. Send this when the face is cursed and you cannot explain it.","google, search, images, screenshot, cursed, stare, eyes, weird, unsee, confused, youtube, face, blobby",photo_391_0.jpg
389,https://t.me/jotchuacontent/389,photo,2026-06-14 12:54:27,"remus (⚫️,◻️)","Jotchua in a black shirt, white shorts, and sneakers squats in a bright tent workshop buried in scrap metal, while workers move through the mess. Send this when the place is a disaster or you are just sitting in it.","squatting, workshop, tent, scrap, metal, messy, junk, chaos, workers, sneakers, black-shirt, shorts",photo_389_0.jpg
388,https://t.me/jotchuacontent/388,photo,2026-06-14 06:15:56,B,"A sweating man wipes his face under two red buttons labeled buy more now and buy more later, while a hand reaches for later. Send this when you cannot decide whether to buy now or wait.","two-buttons, buttons, red, choice, indecision, sweating, panic, anxious, nervous, buy, now, later, man, male, guy, towel, hand",photo_388_0.jpg
387,https://t.me/jotchuacontent/387,photo,2026-06-14 06:15:55,B,"Drake, in an orange puffer jacket, waves off a shiba in a pink beanie, then points at a close-up of Jotchua outdoors. Send this when you are rejecting one thing and picking the other.","drake, man, male, guy, reject, approve, no, yes, pointing, choice, prefer, beanie, pink, shiba, jacket, orange, puffer, outdoor",photo_387_0.jpg
386,https://t.me/jotchuacontent/386,photo,2026-06-14 06:15:53,B,"Someone whispers ""$JOTCHUA IS ON MOONSHOT"" into an ear, and the next panel is an arm covered in goosebumps. Send this when a call gives you chills or it is actually sending.","winning, success, bullish, moon, pump, rich, whisper, ear, goosebumps, chills, moonshot, hype, secret, lips",photo_386_0.jpg
385,https://t.me/jotchuacontent/385,photo,2026-06-14 06:15:52,B,"Pablo Escobar from Narcos sits on a swing, slumps alone at a table, and stands by a pool under the text about not buying because you thought it would top at 1M. Send this when you sat out and now you are just waiting.","sad, upset, down, depressed, emo, down-bad, lonely, waiting, regret, fomo, missed, narcos, pablo-escobar, swing, alone, pool, table, mustache, man, male, guy",photo_385_0.jpg
384,https://t.me/jotchuacontent/384,photo,2026-06-14 06:15:52,B,"Mocking SpongeBob repeats ""$Jotchua is just a dog"" in plain text and then again in alternating caps. Send this when you want to mock that line.","spongebob, mocking, sarcastic, sarcasm, repeating, alternating-caps, cartoon, nickelodeon, hands",photo_384_0.jpg
383,https://t.me/jotchuacontent/383,photo,2026-06-14 06:15:51,B,"A woman in bed side-eyes her boyfriend under the line ""I bet he's thinking about other women,"" while he stares off thinking he should have bought when it dipped to 750k. Send this when you missed the dip and cannot stop thinking about it.","bed, couple, thinking, regret, fomo, dip, missed, buy, woman, female, man, male, guy, girlfriend, boyfriend, jealous, side-eye",photo_383_0.jpg
382,https://t.me/jotchuacontent/382,photo,2026-06-14 06:15:50,B,"A hand hovers over a big blue button under the text ""BUY $JOTCHUA."" Send this when you are slamming buy or telling everyone to ape in.","buy, buying, button, blue, smash, slam, hand, ape, fomo, winning, success, bullish, moon, pump, rich",photo_382_0.jpg
381,https://t.me/jotchuacontent/381,photo,2026-06-14 06:15:50,B,"Jotchua faces the camera in an orange jail jumpsuit, locked behind gray bars. Send this when you got caught, arrested, or are in trouble.","jail, prison, bars, orange, jumpsuit, arrested, mugshot, inmate, locked-up, busted, cell",photo_381_0.jpg
380,https://t.me/jotchuacontent/380,photo,2026-06-14 06:15:49,B,"Jotchua sits up in bed in light blue star pajamas, pillows and a knit blanket around him and a lamp on beside the bed. Send this when it is bedtime or you are done for the night.","pajamas, bed, bedtime, sleep, sleepy, sleeping, nap, tired, blanket, pillows, lamp, stars, blue",photo_380_0.jpg
379,https://t.me/jotchuacontent/379,photo,2026-06-14 06:15:49,B,"Jotchua stands in a neon nightclub in a black durag, pinstripe jacket, and gold chains, holding whiskey and a bag of Backwoods cigarillos while people dance. Send this when you are out, clubbing, or on one.","nightclub, club, party, nightlife, dancing, neon, bar, whiskey, backwoods, cigarillos, durag, gold-chain, pinstripe, suit",photo_379_0.jpg
378,https://t.me/jotchuacontent/378,photo,2026-06-14 06:15:42,B,"Jotchua sits outside at sunset with both paws stacked under his chin, mountains behind him and a plastic chair to the side. Send this when something is cute or you are just sitting there.","paws, sitting, sunset, golden-hour, mountains, chair, outdoor, cute",photo_378_0.jpg
377,https://t.me/jotchuacontent/377,photo,2026-06-14 06:15:42,B,"Jotchua wears a white spacesuit and helmet and floats in front of a star field, a glowing ring, and a blue planet. Send this for an astronaut costume or when the plan is space.","astronaut, space, spacesuit, helmet, stars, galaxy, planet, nebula, flag, floating, cosmos",photo_377_0.jpg
376,https://t.me/jotchuacontent/376,photo,2026-06-14 06:15:39,B,"Jotchua sits at a candlelit restaurant table and holds up a fork and a knife, ready to eat. Send this when you are hungry or it is time for dinner.","restaurant, hungry, eating, food, dinner, fork, knife, silverware, table, candles, fine-dining, wine",photo_376_0.jpg
375,https://t.me/jotchuacontent/375,photo,2026-06-14 06:15:38,B,"Spiky-haired Jotchua sits at a restaurant table with a fork and knife, about to eat a bowl of price charts, the card in front labeled dip with a red line falling. Send this when you are buying the dip, or the chart is dinner.","dip, buy-the-dip, chart, candlestick, eating, hungry, restaurant, dinner, fork, knife, bowl, trading, spiky-hair, table",photo_375_0.jpg
374,https://t.me/jotchuacontent/374,photo,2026-06-14 06:15:38,B,"Jotchua is cut into sparkling diamond facets, outdoors in the sun. Send this when you are flexing, iced out, or literally made of diamonds.","diamond, crystal, gem, jewels, shiny, sparkle, facets, iced-out, winning, success, bullish, moon, pump, rich, money, cash, wealth",photo_374_0.jpg
373,https://t.me/jotchuacontent/373,photo,2026-06-14 06:15:37,B,"A blonde woman's face is swapped for Jotchua at a microphone, with $JOT above and CHUA below, while a smiling brunette leans in beside her. Send this when you are on the mic or in the middle of an interview.","blonde, brunette, woman, female, microphone, interview, talking, happy, smile, smiling, joy, excited, wholesome",photo_373_0.jpg
372,https://t.me/jotchuacontent/372,photo,2026-06-14 06:15:37,B,"Taylor Armstrong cries and points while Kyle Richards looks on, worried, under the line that they said $Jotchua was done. On the other side Jotchua sits at dinner with a salad, calm, under the line we told you to buy more. Send this when the panic is loud and you already said to buy.","taylor-armstrong, kyle-richards, woman, female, yelling, pointing, crying, tears, sobbing, sad, upset, down, depressed, emo, down-bad, lonely, angry, mad, rage, pissed, annoyed, dinner, salad, unbothered, woman-yelling-at-cat, real-housewives, buy-more, winning, success, bullish, moon, pump, rich, money, cash, wealth",photo_372_0.jpg
371,https://t.me/jotchuacontent/371,photo,2026-06-14 06:15:36,B,"Jotchua wears a black suit at a high-rise desk, paws on the desktop, a bar chart on the paperwork in front of him, laptop open, with a framed $JOTCHUA poster on the wall. Send this when you are the boss, in the office, or looking at the paperwork.","office, boss, ceo, suit, tie, desk, laptop, paperwork, chart, skyline, business, chair, poster",photo_371_0.jpg
370,https://t.me/jotchuacontent/370,photo,2026-06-14 06:15:35,B,"Jotchua sits in class in a spinning propeller hat and a school-bus shirt, pencil on a notebook, with math on the board behind him. Send this when you are locked in, taking notes, or being the keen kid.","school, classroom, studying, notes, notebook, pencil, propeller-hat, nerd, student, chalkboard, math, school-bus, shirt",photo_370_0.jpg
369,https://t.me/jotchuacontent/369,photo,2026-06-14 06:15:35,B,"Jotchua's face is on Giorgio Tsoukalos, both hands up in the Ancient Aliens pose, with $JOTCHUA across the top and the History channel logo in the corner. Send this when you are explaining a theory that sounds unhinged.","giorgio-tsoukalos, ancient-aliens, history-channel, conspiracy, explaining, gesture, hands, suit, tie, hair, man, male, guy",photo_369_0.jpg
367,https://t.me/jotchuacontent/367,photo,2026-06-14 06:09:53,"remus (⚫️,◻️)","Surgeon Jotchua in a cap and mask operates on a teddy bear, cotton stuffing spilling out, while a monitor beeps and an IV hangs beside the table. Send this when the fix is serious and the patient is a stuffed animal.","surgeon, doctor, surgery, hospital, teddy-bear, stuffing, scissors, scalpel, iv, heart-monitor, beep, mask, surgical-cap, operating, lights",photo_367_0.jpg
366,https://t.me/jotchuacontent/366,photo,2026-06-14 06:09:53,"remus (⚫️,◻️)","Jotchua's head sits on a shining bodybuilder who holds a small gold trophy on a stage with red curtains. Send this when you are jacked, flexing, or taking the win.","bodybuilder, bodybuilding, muscles, flex, oiled, trophy, gold, stage, spotlight, curtain, trunks, champion, winning, success, bullish, moon, pump, rich, man, male, guy",photo_366_0.jpg
365,https://t.me/jotchuacontent/365,photo,2026-06-14 06:09:52,"remus (⚫️,◻️)","Jotchua's head is pasted over the left side of George Washington on Mount Rushmore, Washington's face still showing beside him, with Jefferson, Roosevelt, and Lincoln, an American flag, and scribbled clouds. Send this when something just became a national monument.","mount-rushmore, george-washington, thomas-jefferson, theodore-roosevelt, abraham-lincoln, usa, american-flag, president, monument, mountain, clouds, man, male",photo_365_0.jpg
364,https://t.me/jotchuacontent/364,photo,2026-06-14 06:09:50,"remus (⚫️,◻️)","A torn yellow poster says wanted, dead or alive, with Jotchua's face in the oval and a reward of three milk bones. Send this when there is a bounty, or someone is in trouble out west.","wanted, wanted-poster, poster, dead-or-alive, reward, milk-bones, sheriff, badge, western, outlaw, bounty, flower",photo_364_0.jpg
363,https://t.me/jotchuacontent/363,photo,2026-06-14 06:09:49,"remus (⚫️,◻️)","Cartoon Jotchua floats in a white spacesuit and helmet against a starfield, a tiny Earth in the visor, holding a pixel flag. Send this when you are suited up or leaving the planet.","astronaut, spacesuit, helmet, space, stars, earth, flag, floating, cartoon, visor, pixel",photo_363_0.jpg
362,https://t.me/jotchuacontent/362,photo,2026-06-14 06:09:49,"remus (⚫️,◻️)","Jotchua drives a Monster Energy stock car that is already on fire, helmet on and a pixel flower in one paw, with a line of traffic cones behind the car. Send this when it is going off the rails and you are still at the wheel.","racing, nascar, race-car, driving, fire, flames, helmet, traffic-cones, crash, steering-wheel, flower, pixel, monster-energy",photo_362_0.jpg
361,https://t.me/jotchuacontent/361,photo,2026-06-14 06:09:49,"remus (⚫️,◻️)","Cowboy Jotchua in a brown hat and red bandana rides a stick horse through a cactus desert at sunset. Send this for a yeehaw, a western bit, or riding out anyway.","cowboy, cowboy-hat, bandana, horse, stick-horse, riding, desert, cactus, tumbleweed, sunset, western, yeehaw",photo_361_0.jpg
360,https://t.me/jotchuacontent/360,photo,2026-06-14 06:09:48,"remus (⚫️,◻️)","Jotchua rides a pink frosted donut with blue wings through a starfield, holding a pixel flower, Earth below and Saturn to the side. Send this when the trip is ridiculous and you are still flying.","donut, wings, flying, space, stars, saturn, earth, planet, flower, pixel, sprinkles, pink, frosting",photo_360_0.jpg
359,https://t.me/jotchuacontent/359,photo,2026-06-14 06:09:48,"remus (⚫️,◻️)","Jotchua anchors the news in a black suit and red tie, a Jotchua News mug on the desk and a map behind him marked rain, sun, and chaos. Send this when the forecast is a mess, or you are reporting the situation.","news, anchor, weatherman, reporter, weather, forecast, map, rain, sun, chaos, suit, tie, mug, desk, green-screen, usa",photo_359_0.jpg
358,https://t.me/jotchuacontent/358,photo,2026-06-14 06:09:48,"remus (⚫️,◻️)","Jotchua poses as a SoundCloud rapper with a gold grill, a thick silver chain, and a purple drink, 69 drawn on his forehead, a teardrop and a star on his cheeks, and the SoundCloud logo in the corner. Send this for a rapper arc, or for a cup of lean.","rapper, hip-hop, soundcloud, grill, chain, gold, silver, lean, styrofoam, purple, ice, 69, tattoo, teardrop, star, hand",photo_358_0.jpg
357,https://t.me/jotchuacontent/357,photo,2026-06-14 06:09:48,"remus (⚫️,◻️)","Jotchua dunks a pixel basketball while stick-figure fans cheer, and the board reads Jotchua infinity, opponent negative 69. Send this when the win is not even close.","basketball, dunk, hoop, sports, scoreboard, infinity, 69, crowd, cheering, sweat, pixel, winning, success, bullish, moon, pump, rich, happy, smile, smiling, joy, excited, wholesome",photo_357_0.jpg
356,https://t.me/jotchuacontent/356,photo,2026-06-14 06:09:47,"remus (⚫️,◻️)","A giant Jotchua leans over the green Windows XP hills, holding a pixel flower, while tiny houses, cars, and stick figures sit in the grass. Send this for the old wallpaper, or when you are looming over everything.","windows-xp, bliss, wallpaper, hills, grass, sky, clouds, flower, pixel, giant, houses, cars, stick-figure, nostalgia",photo_356_0.jpg
355,https://t.me/jotchuacontent/355,photo,2026-06-14 06:09:47,"remus (⚫️,◻️)","Laser-eyed Jotchua glares in front of an explosion under the line when they say no more treats, with laughing-face emojis around the frame and the placeholder BOTTOM TEXT still underneath. Send this when you are jokingly furious about being cut off.","laser-eyes, treats, explosion, emoji, bottom-text, impact-font, angry, mad, rage, pissed, annoyed",photo_355_0.jpg
354,https://t.me/jotchuacontent/354,photo,2026-06-14 06:09:46,"remus (⚫️,◻️)","Jotchua holds a pixel flower under a rainbow and sparkles, on a poster that says believe in yourself, even if nobody else does. Send this for encouragement, or when someone needs a pep talk.","rainbow, flower, sparkles, pixel, poster, motivation, inspirational, encouragement, believe-in-yourself, happy, smile, smiling, joy, excited, wholesome",photo_354_0.jpg
351,https://t.me/jotchuacontent/351,photo,2026-06-14 03:47:55,Pʀɪᴇꜱᴛ,"Two hands open a red ring box, and the gift inside is a gold coin of Jotchua in a blue horned helmet. The rim calls it the strongest memecoin. Send this as a proposal, or when the coin is what you are offering.","proposal, ring, ring-box, gift, hands, coin, gold, helmet, horned-helmet, viking, lightning, love, heart, crush",photo_351_0.jpg
339,https://t.me/jotchuacontent/339,photo,2026-06-13 07:13:37,peacefuldestroy,"Jotchua wears a black hood and holds a scythe, with dry hills behind him. Send this when it is over, spooky, or the reaper just showed up.","grim-reaper, reaper, scythe, hood, cloak, death, halloween, black, scared, fear, horror, creepy",photo_339_0.jpg
338,https://t.me/jotchuacontent/338,photo,2026-06-13 06:54:02,peacefuldestroy,Jotchua is in the center of a circle while arrows loop the same name four times. Send this when you are stuck in a cycle and it always comes back to the same thing.,"cycle, loop, arrows, circle, spinning, stuck, repeat, endless, diagram",photo_338_0.jpg
337,https://t.me/jotchuacontent/337,photo,2026-06-13 06:50:49,peacefuldestroy,"Jotchua's head is on Tyler Durden (Brad Pitt) in Fight Club, shirtless in maroon pants, blood on his chest and arm, a lit cigarette smoking, one arm hanging while men watch under a bare bulb. Send this after a fight or when you are locked in.","fight-club, tyler-durden, brad-pitt, smoking, cigarette, shirtless, muscles, blood, scratches, sweat, basement, man, male, guy",photo_337_0.jpg
336,https://t.me/jotchuacontent/336,photo,2026-06-13 06:50:05,peacefuldestroy,"Jotchua as Sisyphus pushes a plain boulder up a cliff, sepia and muscular, with no words on the rock. Send this for a chore that never ends.","sisyphus, boulder, rock, pushing, grind, endless, struggle, uphill, myth, muscles, statue, greek, cliff, man, male",photo_336_0.jpg
335,https://t.me/jotchuacontent/335,photo,2026-06-13 06:47:22,peacefuldestroy,"Jotchua sits in a black office chair at a desk in a blue pinstripe shirt, purple patterned tie, and maroon suspenders, paws clasped. Blinds and a building fill the window behind him. Send this when you are the boss or about to have a serious talk.","boss, office, manager, suspenders, purple-tie, pinstripe, shirt, desk, meeting, corporate, work, blinds, chair, paws, business, maroon",photo_335_0.jpg
334,https://t.me/jotchuacontent/334,photo,2026-06-13 06:44:42,peacefuldestroy,"Jotchua wears a black suit, white shirt, and red tie with a phone headset in an office hallway. Send this when you are on a call or stuck at work.","headset, phone, call, suit, red-tie, office, work, business",photo_334_0.jpg
333,https://t.me/jotchuacontent/333,photo,2026-06-13 06:40:58,peacefuldestroy,"Jotchua's head is on a shirtless, sweaty fighter with blood on his chest and a cigarette, in a Fight Club basement. Tyler Durden (Brad Pitt) stands behind him in a black shirt with a crowd of men packed in. Send this when you are in the mix or fresh from a fight.","fight-club, brad-pitt, tyler-durden, smoking, cigarette, shirtless, muscles, blood, sweat, crowd, basement, fighting, man, male, guy",photo_333_0.jpg
331,https://t.me/jotchuacontent/331,photo,2026-06-13 06:40:35,peacefuldestroy,"Jotchua as Sisyphus, muscular and sepia, pushes a boulder labeled MEMECOINS up a cliff. Send this when that grind is uphill and never finished.","sisyphus, boulder, rock, pushing, grind, endless, struggle, uphill, myth, memecoins, muscles, statue, greek, cliff, man, male",photo_331_0.jpg
330,https://t.me/jotchuacontent/330,photo,2026-06-13 06:30:15,peacefuldestroy,"Every face in Michelangelo's Creation of Adam is Jotchua, from nude Adam on the rock to the pink-robed figure and the crowd inside the cloak, fingers about to touch. Send this when two things are almost connecting.","michelangelo, sistine-chapel, creation-of-adam, painting, fresco, art, reaching, fingers, hands, renaissance, god, nude, man, male",photo_330_0.jpg
329,https://t.me/jotchuacontent/329,photo,2026-06-13 06:29:49,peacefuldestroy,"Jotchua is Neo (Keanu Reeves) in The Matrix, small black sunglasses and a black coat, one palm out while silver bullets hang in the air. Send this when you dodge something or nothing can hit you.","matrix, neo, keanu-reeves, sunglasses, bullets, bullet-time, coat, black, dodge, hand, man, male",photo_329_0.jpg
328,https://t.me/jotchuacontent/328,photo,2026-06-13 06:23:44,peacefuldestroy,"Four Jotchuas walk the Abbey Road zebra crossing like the Beatles cover, left to right in denim, a barefoot black suit holding a cigarette, another black suit, and a white suit, with the white Volkswagen Beetle parked behind them. Send this when the group is heading out together.","beatles, abbey-road, crosswalk, zebra-crossing, walking, denim, barefoot, suits, vw-beetle, volkswagen, street, music, cigarette, man, male",photo_328_0.jpg
327,https://t.me/jotchuacontent/327,photo,2026-06-13 05:19:28,peacefuldestroy,Jotchua wears a Pokémon trainer's red cap and a red jacket with yellow chest panels and black sleeves in a pixel-art town. Send this when you are the trainer or starting a game.,"pokemon, trainer, cap, jacket, red, yellow, black-sleeves, pixel, game, town",photo_327_0.jpg
326,https://t.me/jotchuacontent/326,photo,2026-06-13 05:19:27,peacefuldestroy,"Jotchua wears a digital-camo cap with MARINA across the front. Send this for navy, military, or camo.","cap, hat, digital-camo, camouflage, military, navy, marina, sailor",photo_326_0.jpg
325,https://t.me/jotchuacontent/325,photo,2026-06-13 05:19:27,peacefuldestroy,"Jotchua spawns on a city street in Pokémon GO, with a second tiny one farther up the hill. The capture screen names him with CP question marks, and a Poké Ball shows a count of 70. Send this when he shows up in the wild.","pokemon-go, pokeball, ar, street, city, catch, screenshot, cp, wild, game, spawn",photo_325_0.jpg
324,https://t.me/jotchuacontent/324,photo,2026-06-13 05:17:28,peacefuldestroy,Six Jotchuas pile into a classroom. One holds a lit lighter next to a propane tank. Send this when the group is about to do something reckless.,"classroom, school, lighter, flame, propane, gas-tank, chaos, group, six, fire, explosion, desks, chalkboard",photo_324_0.jpg
323,https://t.me/jotchuacontent/323,photo,2026-06-13 05:17:27,peacefuldestroy,"A round, chubby Jotchua with tiny arms stands on a path in a foggy forest of twisted trees. Send this when you are lost or out of place in the woods.","forest, woods, fog, mist, trees, round, chubby, lost, path",photo_323_0.jpg
322,https://t.me/jotchuacontent/322,photo,2026-06-13 05:17:27,peacefuldestroy,"Jotchua wears a frayed straw hat and a red button shirt, a camera with a glowing green lens on a patterned strap, in front of banana plants. Send this when you are on vacation or playing tourist.","tourist, straw-hat, camera, red-shirt, tropical, banana, vacation, travel, photographer",photo_322_0.jpg
321,https://t.me/jotchuacontent/321,photo,2026-06-13 05:17:26,peacefuldestroy,Jotchua is a black-and-white close-up with hollow black eyes staring on a plain white background. Send this when something is creepy or you are dead inside.,"scared, fear, horror, creepy, staring, eyes, black-and-white, grayscale, dead-inside, close-up, cursed",photo_321_0.jpg
320,https://t.me/jotchuacontent/320,photo,2026-06-13 05:17:26,peacefuldestroy,Jotchua squeezes his eyes shut with bright blue tears drawn on his face. Send this when you are sad or crying.,"sad, upset, down, depressed, emo, down-bad, lonely, crying, tears, sobbing, blue",photo_320_0.jpg
318,https://t.me/jotchuacontent/318,photo,2026-06-13 05:14:01,peacefuldestroy,"Jotchua is Super Saiyan Vegeta, blonde spikes, a blue bodysuit, and white-and-yellow armor, giving a thumbs-up in a white glove. Send this when you approve or something gets a pass.","vegeta, super-saiyan, dragon-ball, thumbs-up, anime, armor, blonde, glove, approve, blue",photo_318_0.jpg
317,https://t.me/jotchuacontent/317,photo,2026-06-13 05:14:00,peacefuldestroy,"Jotchua wears Perfect Cell's green spotted armor, purple and yellow headpiece, and black chest plate in the Cell Games arena. Send this when you are the villain or the final boss.","perfect-cell, dragon-ball, anime, villain, green, armor, spots, arena, final-boss, purple, cell-games",photo_317_0.jpg
316,https://t.me/jotchuacontent/316,photo,2026-06-13 05:13:59,peacefuldestroy,"Jotchua wears the Clash Royale king crown, gold points on a blue band with a yellow gem. Send this when you are the king.","crown, king, royalty, clash-royale, gold, gem, blue",photo_316_0.jpg
315,https://t.me/jotchuacontent/315,photo,2026-06-13 05:13:58,peacefuldestroy,"Jotchua wears a shiny blue helmet with glowing cyan side pieces, and a blue glove shows at the lower right. Send this when you are suited up.","helmet, blue, glowing, cyan, sci-fi, glove, costume, battle",photo_315_0.jpg
314,https://t.me/jotchuacontent/314,photo,2026-06-13 05:13:58,peacefuldestroy,"Jotchua wears diamond armor and holds a diamond sword in Minecraft's End. Obsidian pillars and the ender dragon are behind him, and a huge glowing ring fills the purple sky. Send this when you are geared and going for the dragon.","minecraft, diamond-armor, diamond-sword, ender-dragon, the-end, obsidian, pillars, ring, purple, sky",photo_314_0.jpg
313,https://t.me/jotchuacontent/313,photo,2026-06-13 05:13:58,peacefuldestroy,"Jotchua wears P.E.K.K.A armor from Clash Royale, blue plate with purple horns, glowing purple eyes, and a sword. Send this when you are the tank or fully geared.","pekka, clash-royale, clash-of-clans, armor, sword, helmet, glowing-eyes, purple, knight, horns, blue",photo_313_0.jpg
312,https://t.me/jotchuacontent/312,photo,2026-06-13 05:13:57,peacefuldestroy,"Jotchua wears a dark cap with a white patch, a cigarette in his mouth and a red electric guitar in front of a full moon over the ocean at night. Send this when you are up late, smoking, or playing.","guitar, electric-guitar, smoking, cigarette, full-moon, night, ocean, cap, music, chill, red",photo_312_0.jpg
311,https://t.me/jotchuacontent/311,photo,2026-06-13 05:13:57,peacefuldestroy,"Super Saiyan Jotchua stands in the rain in Goku's orange gi and blue undershirt. Send this when you are powered up, locked in, or standing in the storm.","goku, super-saiyan, dragon-ball, anime, rain, storm, gi, orange, blue, costume, locked-in",photo_311_0.jpg
310,https://t.me/jotchuacontent/310,photo,2026-06-13 05:13:57,peacefuldestroy,A cartoon hand holds a pixel sunflower beside Jotchua. Send this when you are offering a flower or being sweet.,"sunflower, flower, pixel, gift, offering, hand, cartoon, cute, love, heart, crush",photo_310_0.jpg
309,https://t.me/jotchuacontent/309,photo,2026-06-13 05:13:57,peacefuldestroy,"Jotchua is Super Saiyan Gohan, with gold spiky hair, a purple gi, a blue belt, and blue wristbands. Send this for a powered-up Dragon Ball look.","gohan, super-saiyan, dragon-ball, anime, gi, purple, spiky-hair, blue-belt, wristbands, costume",photo_309_0.jpg
308,https://t.me/jotchuacontent/308,photo,2026-06-13 05:13:56,peacefuldestroy,"Jotchua blushes under a crown of hearts, snowflakes, and a sprout, with sparkles in the air and two finger-gun hands pointing in. Send this when you are shy, flirty, or being cute.","blush, finger-guns, sprout, sparkles, confetti, snowflake, shy, cute, love, heart, crush",photo_308_0.jpg
307,https://t.me/jotchuacontent/307,photo,2026-06-13 05:13:56,peacefuldestroy,Jotchua stares calmly at the camera while a huge explosion burns behind him. Send this when everything is on fire and you are fine.,"explosion, fire, staring, calm, unbothered, chaos, disaster, this-is-fine",photo_307_0.jpg
306,https://t.me/jotchuacontent/306,photo,2026-06-13 05:13:56,peacefuldestroy,"A tiny, round Jotchua stands alone on a blank white background. Send this when something is small, or you just want the little guy.","tiny, small, little, round, chonky, standing, cute, smol, white-background",photo_306_0.jpg
305,https://t.me/jotchuacontent/305,photo,2026-06-13 05:13:55,peacefuldestroy,Jotchua's head sits in front of a huge moon on a black background. Send this for a moon portrait.,"full-moon, giant, craters, night, space, black-background, portrait, close-up",photo_305_0.jpg
304,https://t.me/jotchuacontent/304,photo,2026-06-13 05:13:54,peacefuldestroy,"Jotchua wears Luffy's straw hat, with a stitch scar, an X on his chest, a purple rinnegan in one eye, and two pixel Minecraft swords. Send this for a Luffy and Minecraft crossover.","luffy, one-piece, straw-hat, scar, minecraft, diamond-sword, sword, pixel, rinnegan, naruto, purple-eye, anime, pirate, hat",photo_304_0.jpg
303,https://t.me/jotchuacontent/303,photo,2026-06-13 05:13:54,peacefuldestroy,"Jotchua is dressed as Luffy from One Piece, in the straw hat and an open red shirt, with the stitch under one eye and the X scar on his chest. Send this for a Luffy costume or a pirate pose.","luffy, one-piece, straw-hat, pirate, anime, scar, shirt, red, costume, hat",photo_303_0.jpg
302,https://t.me/jotchuacontent/302,photo,2026-06-13 04:44:14,peacefuldestroy,Jotchua holds a phone to his ear in a dark jacket. The caption reads HE SOLD? PAMP IT. Send this when someone sold and you still want it pumped.,"phone, calling, sold, pamp, text, jacket, winning, success, bullish, moon, pump, rich",photo_302_0.jpg
301,https://t.me/jotchuacontent/301,photo,2026-06-13 04:31:22,peacefuldestroy,"Jotchuas in helmets raise the American flag on a rubble hill, recreating the Iwo Jima photograph in black and white. Send this for a victory, or when your side took the hill.","iwo-jima, flag, american-flag, soldiers, marines, military, war, victory, black-and-white, helmet, hill, winning, success, bullish, moon, pump, rich",photo_301_0.jpg
300,https://t.me/jotchuacontent/300,photo,2026-06-13 04:28:00,peacefuldestroy,"Jotchua's head is on Muhammad Ali as he stands in white shorts and red gloves over Sonny Liston, knocked out on the canvas. Send this after a knockout win.","muhammad-ali, sonny-liston, boxing, knockout, ring, gloves, shorts, champion, winning, success, bullish, moon, pump, rich, man, male",photo_300_0.jpg
298,https://t.me/jotchuacontent/298,photo,2026-06-13 01:22:56,peacefuldestroy,"Jotchua holds a rosary with a cross between his paws and looks straight ahead. Send this when you are praying, begging for a blessing, or hoping.","praying, prayer, rosary, cross, crucifix, catholic, christian, religion, holy, bless, hope, paws",photo_298_0.jpg
297,https://t.me/jotchuacontent/297,sticker,2026-06-13 00:30:43,yoyi,"Jotchua is dressed as Pain, with orange spiky hair, a black forehead protector, black piercings, and a black Akatsuki cloak with red clouds. Send this for a Pain or Naruto costume.","pain, naruto, akatsuki, ninja, cloak, headband, orange-hair, piercings, costume, anime",297_sticker.webp
292,https://t.me/jotchuacontent/292,photo,2026-06-12 20:47:11,Ari,"Jotchua wears a purple and gold Los Angeles Lakers jacket and a black NBA Champions cap while holding the championship trophy. Send this when you won, or you are flexing a title.","lakers, nba, basketball, champions, trophy, jacket, cap, purple, gold, winning, success, bullish, moon, pump, rich",photo_292_0.jpg
270,https://t.me/jotchuacontent/270,photo,2026-06-12 03:25:50,J | Disconnected,A smiling cartoon with long pink hair points at a photo of Jotchua between two sparkles. The text reads U see this? and My fav one!! Send this when something is your favorite.,"pointing, favorite, sparkles, cartoon, pink-hair, text, proud, woman, female, girl, happy, smile, smiling, joy, excited, wholesome, cute",photo_270_0.jpg
269,https://t.me/jotchuacontent/269,photo,2026-06-12 03:25:50,J | Disconnected,"An anime boy in a dark school uniform blushes behind a sign that says I LIKE YOU. Below, an anime girl in a sailor uniform smiles and holds a sign that says I like over a photo of Jotchua. Send this when a confession loses, or she likes Jotchua more than the guy.","anime, confession, sign, school-uniform, sailor-uniform, blush, rejection, boy, girl, woman, female, love, heart, crush, cute",photo_269_0.jpg
268,https://t.me/jotchuacontent/268,photo,2026-06-12 02:38:36,J | Disconnected,"A cartoon man in a yellow sweater vest sits on a pink bed and reads a blue book titled How to Start the Day. He points at the page that says Say $Jotchua. Send this for a morning routine, or when that is the first thing to do.","cartoon, book, reading, morning, morning-routine, bed, sweater-vest, yellow, pointing, man, male, guy",photo_268_0.jpg
267,https://t.me/jotchuacontent/267,photo,2026-06-12 02:38:36,J | Disconnected,"Leonardo DiCaprio sits in a suit under the text Spend money on shoes. Below, in sunglasses, he throws bills printed $JOTCHUA under Spend money on $Jotchua. Send this when the money should go here instead of on something else.","leonardo-dicaprio, wolf-of-wall-street, jordan-belfort, money, cash, wealth, throwing, bills, shoes, sunglasses, suit, thinking, winning, success, bullish, moon, pump, rich, man, male, guy",photo_267_0.jpg
266,https://t.me/jotchuacontent/266,photo,2026-06-12 02:00:28,J | Disconnected,"The same Jotchua face, with two gun barrels pointed at his head, fills a color tier list. From the top the rows read CODED, goated, great r/r, og status, alright, web 3.0 hoes buy these and they top, and wank with sandpaper. Send this when you are ranking something from the top tier down to the worst.","tier-list, ranking, chart, coded, goated, risk-reward, og-status, alright, web3, hoes, sandpaper, wank, guns, gunpoint",photo_266_0.jpg
265,https://t.me/jotchuacontent/265,photo,2026-06-12 01:59:26,J | Disconnected,"Jotchua stands on the White House lawn in a navy JOTCHUA 2028 shirt, with the fountain and an American flag behind him. Send this when he is running for president, or for a 2028 campaign joke.","white-house, president, campaign, election, politics, 2028, shirt, t-shirt, navy, american-flag, flag, lawn, fountain",photo_265_0.jpg
264,https://t.me/jotchuacontent/264,photo,2026-06-12 01:59:26,J | Disconnected,"Jotchua wears a navy T-shirt that reads HUNTER BIDEN 2028, with stars and two American flags. Send this for an election joke or a Hunter Biden shitpost.","hunter-biden, politics, election, campaign, 2028, shirt, t-shirt, navy, american-flag, flag, stars",photo_264_0.jpg
263,https://t.me/jotchuacontent/263,photo,2026-06-12 00:49:35,peacefuldestroy,Jotchua wears a plain blue cap and sits buried in a pile of blue dollar tokens. Send this when you are loaded or flexing the pile.,"coins, tokens, pile, buried, dollar, money, cash, wealth, blue, cap, hat, winning, success, bullish, moon, pump, rich",photo_263_0.jpg
262,https://t.me/jotchuacontent/262,photo,2026-06-12 00:43:25,peacefuldestroy,"Jotchua sits buried to the chest in a pile of blue tokens stamped with a dollar sign. Send this when you are loaded, stacked, or sitting on a pile of money.","coins, tokens, pile, buried, dollar, money, cash, wealth, blue, winning, success, bullish, moon, pump, rich",photo_262_0.jpg
261,https://t.me/jotchuacontent/261,photo,2026-06-12 00:32:28,peacefuldestroy,"Thousands of identical Jotchua heads fill an army in ranks across a plain at sunset, with two riders on horseback at the edge. Send this when the whole crowd shows up.","army, soldiers, crowd, clones, field, sunset, horses, horseback, cavalry, riders, horde, ranks, formation, mountains, endless",photo_261_0.jpg
249,https://t.me/jotchuacontent/249,photo,2026-06-11 20:59:36,Ayo.,"Jotchua blushes with closed eyes while UWU sits across his chest. Send this when you are being cute, shy, or soft on someone.","uwu, blush, cute, shy, love, heart, crush, closed-eyes, soft, pink, affectionate, kawaii",photo_249_0.jpg
248,https://t.me/jotchuacontent/248,photo,2026-06-11 20:59:35,Ayo.,"Jotchua wears a red cap and a black crossbody bag, with blue slushie on his mouth and a blue cup and spoon beside him. Send this when you are drinking a slushie.","slushie, cap, red, blue, drinking, drink, cup, spoon, crossbody, bag, stain, mouth, hat",photo_248_0.jpg
247,https://t.me/jotchuacontent/247,photo,2026-06-11 20:59:35,Ayo.,"Jotchua side-eyes with raised cartoon eyebrows drawn over his face. Send this when you are skeptical, unimpressed, or judging.","side-eye, skeptical, suspicious, judging, unamused, unimpressed, eyebrows, raised-eyebrows, reaction, stare, doubtful",photo_247_0.jpg
246,https://t.me/jotchuacontent/246,photo,2026-06-11 20:59:34,Ayo.,"Jotchua's head sits on a shredded bodybuilder body in dark briefs, arms flexed. Send this when you are swole, in the gym, or flexing.","muscles, bodybuilder, flex, abs, gym, workout, swole, gains, pose, briefs, shirtless, jacked, strong, chest",photo_246_0.jpg
245,https://t.me/jotchuacontent/245,photo,2026-06-11 20:59:34,Ayo.,Jotchua wears a McDonald's cap and a drive-thru headset with the mic by his mouth. Send this when you are taking orders or stuck on a shift.,"mcdonalds, cap, hat, headset, mic, drive-thru, working, job, employee, fast-food, order, uniform, customer-service",photo_245_0.jpg
244,https://t.me/jotchuacontent/244,photo,2026-06-11 20:59:33,Ayo.,"Jotchua the mechanic, in blue coveralls, is under a car raised on a Rotary lift, with a wrench beside him. Send this when you are fixing something or in the shop.","mechanic, wrench, garage, car, repair, lift, coveralls, uniform, shop, rotary, tool, working, job",photo_244_0.jpg
243,https://t.me/jotchuacontent/243,photo,2026-06-11 20:59:33,Ayo.,"A hand holds a thumbs-up beside Jotchua's face. Send this when you approve, agree, or are saying yes.","thumbs-up, approve, yes, agree, like, good, ok, positive, reaction, hand",photo_243_0.jpg
242,https://t.me/jotchuacontent/242,photo,2026-06-11 19:23:37,Ayo.,"Jotchua wears a Yankees cap, a thick silver chain, an iced-out watch, and a black shirt with a cartoon crossbody bag. Send this when you are dripping, flexing, or winning.","yankees, cap, chain, cuban-link, watch, jewelry, iced-out, drip, crossbody, bag, cartoon, flex, shirt, winning, success, bullish, moon, pump, rich, money, cash, wealth",photo_242_0.jpg
241,https://t.me/jotchuacontent/241,photo,2026-06-11 19:23:34,Ayo.,"Jotchua stares deadpan in a black suit and patterned tie on a plain white background. Send this when you are locked in, serious, or all business.","suit, tie, business, formal, serious, corporate, professional, portrait, headshot, deadpan, stare, black, jacket",photo_241_0.jpg
240,https://t.me/jotchuacontent/240,photo,2026-06-11 19:23:33,Ayo.,"Jotchua wears a striped sombrero and a fake handlebar mustache while holding a Coronita Extra. Send this when you are drinking, on vacation, or in the costume.","sombrero, mustache, fake-mustache, beer, coronita, corona, mexican, mexico, hat, drinking, costume, stripes, bottle, party, vacation",photo_240_0.jpg
239,https://t.me/jotchuacontent/239,photo,2026-06-11 19:23:33,Ayo.,"Jotchua is Sukuna, with white spiky hair, black face markings, and a red high collar, set against flames. Send this when you are the villain or about to go off.","sukuna, jujutsu-kaisen, jjk, anime, villain, fire, flames, markings, tattoos, collar, red, costume, hair, spiky, white",photo_239_0.jpg
238,https://t.me/jotchuacontent/238,photo,2026-06-11 19:23:32,Ayo.,Jotchua wears a black fur ushanka with a Soviet red-star badge on the front. Send this when you are in the hat or posting as Soviet.,"ushanka, soviet, ussr, hat, russia, russian, communist, red-star, military, fur, winter, cold, badge",photo_238_0.jpg
237,https://t.me/jotchuacontent/237,photo,2026-06-11 19:23:31,Ayo.,"Jotchua wears a black tactical vest, an AK-style rifle, and a Motorola radio, plus a cap that reads JGL in green, white, and red with yellow #701. Send this when you are geared up or on comms.","tactical, vest, rifle, gun, ak-47, radio, walkie-talkie, motorola, cap, soldier, military, gear, armed, jgl",photo_237_0.jpg
236,https://t.me/jotchuacontent/236,photo,2026-06-11 19:23:31,Ayo.,Jotchua wears a white hard hat and a navy work vest with reflective stripes over a white shirt. Send this when you are on a job site or clocked in.,"construction, hard-hat, helmet, vest, worker, reflective, hi-vis, uniform, job, builder, safety, stripes",photo_236_0.jpg
235,https://t.me/jotchuacontent/235,photo,2026-06-11 19:23:30,Ayo.,"A hand holds a black umbrella over Jotchua under a gray overcast sky, with green hills behind him. Send this when it is raining or someone is covering for you.","umbrella, black, rain, cloudy, overcast, hand, shelter, covered, hills, gray",photo_235_0.jpg
234,https://t.me/jotchuacontent/234,photo,2026-06-11 19:23:30,Ayo.,"Jotchua wears a black suit and pale tie in a plain ID photo, with the name Antonio printed under him. Send this when you are introducing yourself or showing up formal.","suit, tie, business, formal, antonio, name, portrait, headshot, id-photo, professional, corporate, serious, black, jacket",photo_234_0.jpg
227,https://t.me/jotchuacontent/227,photo,2026-06-11 17:30:54,J | Disconnected,"Jotchua poses in a McDonald's cap, red polo, and black apron with a CREW name tag while a house burns behind him and firefighters work the scene. Send this when you are on the clock and everything around you is on fire.","mcdonalds, crew, uniform, cap, polo, apron, logo, name-tag, fire, flames, burning, house, firefighter, fire-truck, smoke, work, job, fast-food, employee, chaos, unbothered, this-is-fine",photo_227_0.jpg
226,https://t.me/jotchuacontent/226,photo,2026-06-11 17:30:54,J | Disconnected,"Jotchua stares into the camera up close while a house burns behind him, with firefighters, a hose, and a ladder truck on the street. Send this when everything is on fire and you are acting fine.","fire, flames, burning, house, firefighter, fire-truck, hose, smoke, ladder, staring, chaos, disaster, unbothered, this-is-fine",photo_226_0.jpg
225,https://t.me/jotchuacontent/225,photo,2026-06-11 17:30:53,J | Disconnected,"Jotchua wears a plush yellow pineapple hat with a green crown of leaves. Send this when you are a pineapple, or just being cute in a fruit costume.","pineapple, hat, fruit, costume, plush, yellow, leaves, cute, food",photo_225_0.jpg
224,https://t.me/jotchuacontent/224,photo,2026-06-11 17:29:41,J | Disconnected,"Jotchua wears a plush red apple hat with a stem and a green leaf. Send this when you are an apple, or just being cute in a fruit costume.","apple, hat, fruit, costume, plush, red, leaf, stem, cute, food",photo_224_0.jpg
223,https://t.me/jotchuacontent/223,photo,2026-06-11 17:29:41,J | Disconnected,"Jotchua wears a plush purple grape hat, a whole bunch with a stem and a leaf. Send this when you are grapes, or just being cute in a fruit costume.","grapes, hat, fruit, costume, plush, purple, leaf, stem, cute, food",photo_223_0.jpg
222,https://t.me/jotchuacontent/222,photo,2026-06-11 17:29:41,J | Disconnected,"Jotchua wears a plush yellow banana hat, with the peel flaps hanging by his ears. Send this when you are a banana, or just being cute in a fruit costume.","banana, hat, fruit, costume, plush, yellow, peel, cute, food",photo_222_0.jpg
221,https://t.me/jotchuacontent/221,photo,2026-06-11 17:29:41,J | Disconnected,"Jotchua wears a plush green avocado hat with a leaf and a brown stem. Send this when you are an avocado, or just being cute in a fruit costume.","avocado, hat, fruit, costume, plush, green, leaf, stem, cute, food",photo_221_0.jpg
220,https://t.me/jotchuacontent/220,photo,2026-06-11 17:29:41,J | Disconnected,"Jotchua wears a pale green plush melon hat with a netted rind, a stem, and a leaf. Send this for the cute melon look.","melon, hat, fruit, plush, cute, green, leaf, closeup",photo_220_0.jpg
219,https://t.me/jotchuacontent/219,photo,2026-06-11 17:29:41,J | Disconnected,"Jotchua wears a round plush orange hat with a stem, a green leaf, and little pores. Send this for the cute orange look.","orange, citrus, hat, fruit, plush, cute, leaf, closeup",photo_219_0.jpg
218,https://t.me/jotchuacontent/218,photo,2026-06-11 17:29:41,J | Disconnected,"Jotchua wears a red plush mushroom hat with white spots and a green leaf, like a toadstool. Send this for the cute mushroom look.","mushroom, toadstool, hat, plush, cute, red, spots, leaf, green, closeup",photo_218_0.jpg
217,https://t.me/jotchuacontent/217,photo,2026-06-11 17:29:41,J | Disconnected,"Jotchua wears a fuzzy plush peach hat, pink-orange with a stem and a green leaf. Send this for the cute peach look.","peach, hat, fruit, plush, cute, pink, leaf, closeup",photo_217_0.jpg
216,https://t.me/jotchuacontent/216,photo,2026-06-11 17:29:40,J | Disconnected,"Jotchua wears a plush watermelon hat, green stripes with black seeds, a ring of red flesh, and a stem with a leaf. Send this for the cute watermelon look.","watermelon, hat, fruit, plush, cute, green, red, seeds, leaf, closeup",photo_216_0.jpg
215,https://t.me/jotchuacontent/215,photo,2026-06-11 17:29:40,J | Disconnected,Jotchua wears a red plush strawberry hat with seeds and a green leafy top. Send this for the cute strawberry look.,"strawberry, hat, fruit, plush, cute, red, seeds, closeup",photo_215_0.jpg
214,https://t.me/jotchuacontent/214,photo,2026-06-11 17:28:39,J | Disconnected,"Jotchua wears a green plush cactus hat with stitched spines, two arms, and a pink flower on top. Send this for the cute cactus look.","cactus, hat, plant, plush, cute, flower, pink, green, closeup",photo_214_0.jpg
213,https://t.me/jotchuacontent/213,photo,2026-06-11 17:28:39,J | Disconnected,"Jotchua wears a plush sunflower hat, yellow petals around a brown center with green leaves underneath. Send this for the cute sunflower look.","sunflower, flower, hat, plush, cute, yellow, petals, closeup",photo_213_0.jpg
212,https://t.me/jotchuacontent/212,photo,2026-06-11 17:28:39,J | Disconnected,"Jotchua wears a plush corn-on-the-cob hat, yellow kernels wrapped in green husks. Send this for the cute corn look.","corn, corn-on-the-cob, hat, food, plush, cute, yellow, closeup",photo_212_0.jpg
211,https://t.me/jotchuacontent/211,photo,2026-06-11 17:28:39,J | Disconnected,"Jotchua wears a plush cheeseburger hat with a sesame bun, lettuce, tomato, cheese, and a patty. Send this for the cute burger look.","burger, cheeseburger, hat, food, plush, cute, cheese, lettuce, tomato, sesame, closeup",photo_211_0.jpg
210,https://t.me/jotchuacontent/210,photo,2026-06-11 17:28:39,J | Disconnected,Jotchua wears a plush pink donut hat with sprinkles around the face hole. Send this for the cute donut look.,"donut, hat, food, dessert, plush, cute, pink, sprinkles, closeup",photo_210_0.jpg
209,https://t.me/jotchuacontent/209,photo,2026-06-11 17:28:39,J | Disconnected,"Jotchua wears a plush fried-chicken drumstick hat, orange and breaded with the bone sticking out. Send this for the cute chicken look.","chicken, drumstick, fried-chicken, hat, food, plush, cute, bone, closeup",photo_209_0.jpg
208,https://t.me/jotchuacontent/208,photo,2026-06-11 17:28:39,J | Disconnected,"Jotchua wears a plush hot dog hat, a red sausage in a bun with a mustard squiggle. Send this for the cute hot dog look.","hot-dog, hat, food, plush, cute, mustard, bun, closeup",photo_208_0.jpg
207,https://t.me/jotchuacontent/207,photo,2026-06-11 17:28:39,J | Disconnected,"Jotchua wears a brown plush monkey costume with round ears, a smiling hood, and a tail. Send this for the cute monkey look.","monkey, costume, plush, cute, brown, ears, tail, onesie, closeup",photo_207_0.jpg
206,https://t.me/jotchuacontent/206,photo,2026-06-11 17:28:39,J | Disconnected,"Jotchua wears a plush mango hat, orange with a green leaf and a cut section of diced mango. Send this for the cute mango look.","mango, hat, fruit, plush, cute, orange, leaf, closeup",photo_206_0.jpg
205,https://t.me/jotchuacontent/205,photo,2026-06-11 17:28:39,J | Disconnected,"Jotchua wears a plush lychee hat, red and bumpy with a peeled white patch and green leaves. Send this for the cute lychee look.","lychee, hat, fruit, plush, cute, red, leaf, closeup",photo_205_0.jpg
204,https://t.me/jotchuacontent/204,photo,2026-06-11 16:06:31,peacefuldestroy,Jotchua wears a blue cap with the USDC logo and sits buried in a pile of green and white pills. Send this for the pill pile or the dollar cap.,"cap, blue, usdc, dollar, coin, pill, green, white, sitting",photo_204_0.jpg
203,https://t.me/jotchuacontent/203,photo,2026-06-11 14:42:04,NØƁŁƐ,"Five giant Jotchua heads with red laser eyes rise out of a snowy mountain above a city skyline. Send this when you are huge, locked in, or laser-eyes bullish.","laser-eyes, giant, city, skyline, snow, mountain, clouds, clones, red, monster, winning, success, bullish, moon, pump, rich",photo_203_0.jpg
202,https://t.me/jotchuacontent/202,photo,2026-06-11 14:42:04,NØƁŁƐ,"Jotchua's head is on Kobe Bryant in a USA number 10 jersey, one finger to his lips in the Olympic shush, with the hoop behind him. Send this to tell someone to be quiet.","kobe-bryant, basketball, usa, jersey, olympics, shush, quiet, silence, sports, nike, hoop, number-10, man, male, guy, finger, flag",photo_202_0.jpg
201,https://t.me/jotchuacontent/201,photo,2026-06-11 09:03:34,peacefuldestroy,"Five Jotchuas in white hooded robes and black gloves stand shoulder to shoulder with their hands pressed together in prayer. Send this when you are praying, hoping, or acting holy.","praying, prayer, robes, white, hood, holy, monk, clones, worship, religion, hands, gloves, black, row",photo_201_0.jpg
200,https://t.me/jotchuacontent/200,photo,2026-06-11 09:03:11,peacefuldestroy,"A giant hooded Jotchua in a black zip robe printed Jotchua stands before a large frame, with six smaller hooded clones holding a hammer, a sickle, a spear, a red lightsaber, and lightning. On the floor are a rifle, a bottle of Hennessy, a golden key marked 7, and a championship belt. Send this when the whole cult shows up.","cult, hood, robe, cloak, clones, zipper, hammer, sickle, spear, lightsaber, lightning, gun, rifle, hennessy, bottle, cognac, key, number-7, champion, championship, belt, frame, red",photo_200_0.jpg
199,https://t.me/jotchuacontent/199,photo,2026-06-11 09:02:06,peacefuldestroy,Jotchua's face sits in a glowing orange ritual circle while hooded cultists hold candles around it and fires burn in a dark stone hall. Send this when the cult is gathered or something is being summoned.,"cult, ritual, circle, fire, candles, hood, robe, cloak, worship, occult, summoning, glowing, orange, stone, dark",photo_199_0.jpg
198,https://t.me/jotchuacontent/198,photo,2026-06-11 05:14:44,J | Disconnected,"A dad tells his son he needs to earn generational wealth. The son asks how, and in the close-up the dad answers ""$Jotchua"" with a revolver beside his head. Send this when Jotchua is the plan for getting rich.","dad, father, son, man, male, guy, plaid, advice, speech-bubble, two-panel, generational-wealth, money, cash, wealth, gun, revolver, workshop, winning, success, bullish, moon, pump, rich",photo_198_0.jpg
197,https://t.me/jotchuacontent/197,photo,2026-06-11 05:14:44,J | Disconnected,"A man pushes a warehouse pallet of coin boxes, Pepe, Doge, Popcat, Floki, and dogwifhat among them, and asks if that is all you need. The other man holds Jotchua, labeled $Jotchua, and says yes. Send this when Jotchua is the only one you want.","cartoon, shopping, cart, pallet, warehouse, boxes, speech-bubble, yes, pepe, doge, popcat, shiba, floki, dogwifhat, wif, coin, man, male, guy",photo_197_0.jpg
196,https://t.me/jotchuacontent/196,photo,2026-06-11 05:14:44,J | Disconnected,"A gray-haired anime girl in a Gadsden hat, white sunglasses, and a Stop Being Poor tank top holds open a Poké Ball with a small hooded Jotchua inside. Send this when you caught one or you are showing it off.","pokemon, pokeball, trainer, sunglasses, tank-top, stop-being-poor, dont-tread-on-me, gadsden, snake, hat, cartoon, anime, hoodie, caught, gray-hair, woman, female, girl",photo_196_0.jpg
195,https://t.me/jotchuacontent/195,photo,2026-06-11 05:14:44,J | Disconnected,"Jotchua wears a gray wig, white sunglasses, a Gadsden Don't Tread On Me hat, and a tank top that says Stop Being Poor. Send this when you are telling someone to stop being poor.","gadsden, dont-tread-on-me, snake, hat, sunglasses, tank-top, stop-being-poor, wig, gray-hair, winning, success, bullish, moon, pump, rich, money, cash, wealth",photo_195_0.jpg
189,https://t.me/jotchuacontent/189,photo,2026-06-11 05:00:21,J | Disconnected,A sweating man screams here it comes as a desert dust storm rises behind a grid of $Jotchua tiles. Send this when something huge is incoming and you are not ready.,"sandstorm, storm, screaming, desert, dust, here-it-comes, sweat, grid, ticker, man, male, guy, scared, fear, horror, creepy",photo_189_0.jpg
188,https://t.me/jotchuacontent/188,photo,2026-06-11 05:00:21,J | Disconnected,Jotchua in a McDonald's crew uniform holds open a Poké Ball with a smaller Jotchua in a green-and-white hood inside. Send this when you caught one.,"mcdonalds, uniform, crew, cap, pokemon, pokeball, trainer, costume, hoodie, caught",photo_188_0.jpg
186,https://t.me/jotchuacontent/186,photo,2026-06-11 05:00:21,J | Disconnected,"An anime girl in a Don't Tread hat, white sunglasses, and a Stop Being Poor tank top is swarmed by Jotchua faces under the title Jotchua Invasion. Send this when you are overwhelmed or the invasion has started.","invasion, swarm, crowd, clones, sunglasses, hat, dont-tread-on-me, gadsden, stop-being-poor, tank-top, cartoon, anime, gray-hair, woman, female, girl, overwhelmed",photo_186_0.jpg
184,https://t.me/jotchuacontent/184,photo,2026-06-11 05:00:21,J | Disconnected,"Jotchua wears a Robin costume: red shirt, green sleeves, yellow cape, black domino mask, and a yellow R. Send this when you are the sidekick.","robin, superhero, costume, cape, mask, dc, yellow, red, green, sidekick",photo_184_0.jpg
183,https://t.me/jotchuacontent/183,photo,2026-06-11 05:00:21,J | Disconnected,"Jotchua wears a Superman suit, red cape, and S shield, plus a blue Batman cowl. Send this when you are both heroes at once or the costume is mixed up.","superman, batman, superhero, costume, cape, mask, shield, dc, mashup",photo_183_0.jpg
181,https://t.me/jotchuacontent/181,photo,2026-06-11 05:00:21,J | Disconnected,"A giant black-and-white Jotchua aims two pistols over a crowd of meme faces, including Pepe, Doge, and Wojak, in a dark city. Send this when you are the threat looming over everyone.","gun, pistol, dual-wield, crowd, giant, black-and-white, city, pepe, doge, wojak, penguin, police, scary",photo_181_0.jpg
180,https://t.me/jotchuacontent/180,photo,2026-06-11 05:00:20,J | Disconnected,"A stick figure kneels on the gravel and photographs a glowing Jotchua, with $Jotchua written underneath. Send this when you are worshipping the ticker or taking the shot.","worship, glowing, kneeling, phone, camera, photo, stick-figure, rays, gravel, ticker",photo_180_0.jpg
179,https://t.me/jotchuacontent/179,photo,2026-06-11 04:50:21,J | Disconnected,"A stick figure kneels and holds up a phone to photograph a glowing Jotchua, with light rays bursting behind him. Send this when you are worshipping or the shot feels holy.","worship, glowing, kneeling, phone, camera, photo, stick-figure, rays, aura",photo_179_0.jpg
178,https://t.me/jotchuacontent/178,photo,2026-06-11 04:50:21,J | Disconnected,"Jotchua in a McDonald's crew uniform stands with arms crossed in front of a stock board, next to a large orange arrow and the text $Jotchua. Send this when the ticker is pumping.","mcdonalds, uniform, crew, cap, arms-crossed, arrow, chart, stock, ticker, winning, success, bullish, moon, pump, rich, money, cash, wealth",photo_178_0.jpg
122,https://t.me/jotchuacontent/122,photo,2026-06-10 17:34:55,NØƁŁƐ,"Jotchua holds out a fan of hundred-dollar bills, with shut up and across the top and take my money along the bottom. Send this when you are ready to buy and do not want to hear the price.","shut-up-and-take-my-money, money, cash, wealth, dollars, hundred, buying, winning, success, bullish, moon, pump, rich",photo_122_0.jpg
119,https://t.me/jotchuacontent/119,photo,2026-06-10 12:34:47,Byte 🃏🥷,"Nine panels titled Puppy Power, Multiverse Edition show Jotchua in pixel sunglasses that read the next, a black suit and fedora, a McDonald's uniform, a red wig and tank top, the plain face, a saint with a halo and cross, a Super Saiyan aura, Survey Corps gear with a sword, and Naruto hair under an Akatsuki cloak. Send this when you want every version at once.","multiverse, collage, costume, pixel-sunglasses, sunglasses, suit, fedora, mcdonalds, wig, red-hair, tank-top, watch, saint, halo, cross, super-saiyan, dragon-ball, attack-on-titan, survey-corps, sword, cloak, naruto, akatsuki, headband, anime",photo_119_0.jpg
79,https://t.me/jotchuacontent/79,photo,2026-06-09 07:06:45,peacefuldestroy,Jotchua's face fills a giant glowing moon over a city skyline at sunset. Send this when price is going to the moon.,"moon, city, skyline, sunset, clouds, mountains, giant, glowing, winning, success, bullish, pump, rich",photo_79_0.jpg
78,https://t.me/jotchuacontent/78,photo,2026-06-09 07:06:43,peacefuldestroy,"Jotchua wears a chunky pink knitted beanie and stares into the camera, with hills behind him. Send this when something is soft, cozy, or cute.","beanie, hat, pink, knitted, yarn, cute, cozy, hills, outdoors",photo_78_0.jpg
63,https://t.me/jotchuacontent/63,photo,2026-06-09 05:30:09,Ayo.,"Jotchua in black sunglasses faces a bank of microphones on a racetrack, with grandstands behind him. Send this when you are giving a statement or facing the press.","sunglasses, microphone, interview, press-conference, racetrack, racing, nascar, grandstand, statement",photo_63_0.jpg
35,https://t.me/jotchuacontent/35,photo,2026-06-09 03:31:43,Ayo.,"A man points at you in a four-panel meme: what if you wanted to go to heaven, but God said Jotchua. Send this when the thing you wanted gets swapped for Jotchua.","heaven, god, pointing, denied, clouds, light, shirtless, religious, man, male, guy",photo_35_0.jpg
34,https://t.me/jotchuacontent/34,photo,2026-06-09 03:31:42,Ayo.,Jotchua wears a brown cowboy hat and points a pistol straight at the camera. Send this when you are drawing on someone or playing cowboy.,"cowboy, cowboy-hat, hat, gun, pistol, pointing, western, threat, brown",photo_34_0.jpg
33,https://t.me/jotchuacontent/33,photo,2026-06-09 03:31:41,Ayo.,"A line drawing of Jotchua stands butt-first in a dark trading room, facing a wall of candlestick charts and Ethereum logos. Send this when you are planted in front of the screens.","trading, chart, candlestick, candles, ethereum, eth, monitors, office, desk, gaming-chair, butt, standing",photo_33_0.jpg
32,https://t.me/jotchuacontent/32,photo,2026-06-09 03:31:41,Ayo.,Jotchua sits in a white spacesuit inside a capsule while an astronaut behind him gives a thumbs-up. Send this when the mission is a go or you are headed to space.,"astronaut, spacesuit, helmet, space, capsule, nasa, thumbs-up, cockpit, man, male, guy",photo_32_0.jpg
31,https://t.me/jotchuacontent/31,photo,2026-06-09 03:31:40,Ayo.,Jotchua hangs on the rim in a white Spurs jersey numbered 1 after a dunk in a dark arena. Send this when you just won or slammed it.,"basketball, dunk, jersey, spurs, nba, number-1, hoop, rim, arena, winning, success, bullish, moon, pump, rich",photo_31_0.jpg
30,https://t.me/jotchuacontent/30,photo,2026-06-09 03:31:22,Ayo.,"Jotchua's head pokes out of an orange jack-o'-lantern costume. Spiders hang on webs over a brick wall, with a black tree and green leaves behind him. Send this for Halloween or a cute costume.","halloween, pumpkin, jack-o-lantern, costume, spider, spiderweb, orange, tree, cute, spooky",photo_30_0.jpg
28,https://t.me/jotchuacontent/28,photo,2026-06-09 03:19:59,Ayo.,"Jotchua stands in a black Jedi robe holding a blue lightsaber, with lava and fire behind him. Send this for a Star Wars fight or when you are ready.","jedi, lightsaber, star-wars, robe, cape, lava, volcano, fire, blue, black",photo_28_0.jpg
27,https://t.me/jotchuacontent/27,photo,2026-06-09 03:19:59,Ayo.,Hands in dark sleeves ring Jotchua with fried chicken drumsticks. The corner text reads Puppy Wick: The Feast Begins. Send this when you are hungry or the feast is starting.,"fried-chicken, chicken, drumstick, feast, hungry, food, hands, suit, offering, john-wick",photo_27_0.jpg
26,https://t.me/jotchuacontent/26,photo,2026-06-09 03:19:57,Ayo.,"A white pup hugs Jotchua in the snow. Text above reads peace, harmony, love, friendship, happy, kindness, lovely, smiling, comfort, bliss, joy, blessings, love and smile. Send this for a soft, wholesome, we-are-good moment.","hug, hugging, friends, friendship, together, snow, mountains, winter, peace, kindness, text, cute, happy, smile, smiling, joy, excited, wholesome, love, heart, crush, harmony, blessings, bliss",photo_26_0.jpg
25,https://t.me/jotchuacontent/25,photo,2026-06-09 03:19:57,Ayo.,"Four pups crowd together in the snow under white mountains: a black pug, a tiny brown-and-white dog, a fluffy white one, and Jotchua. Send this when the group is all here.","friends, group, squad, snow, mountains, winter, pug, huddle, together, cute, cold",photo_25_0.jpg
24,https://t.me/jotchuacontent/24,photo,2026-06-09 03:19:56,Ayo.,Jotchua wears a tan cowboy hat and a plaid shirt with a Tecate can in front of a sunset city and mountains. Send this for a beer at sunset or a cowboy evening.,"cowboy-hat, plaid, flannel, beer, tecate, can, drink, sunset, city, skyline, mountains, western",photo_24_0.jpg
23,https://t.me/jotchuacontent/23,photo,2026-06-09 03:19:56,Ayo.,"Jotchua stands with his brain out, one paw raised in a wave, next to a hooded figure in a plain blue mask at a computer. The backdrop is a blue network over a night city. Send this for a big-brain moment or when someone is in the system.","big-brain, waving, hacker, hoodie, mask, computer, monitor, network, city, night, cyber, desk, blue",photo_23_0.jpg
22,https://t.me/jotchuacontent/22,photo,2026-06-09 03:19:55,Ayo.,"Jotchua in a green fedora and pinstripe suit gives a thumbs-up, a big ring on his finger, while he fans out a stack of cash. A pocket watch hangs from the jacket. Send this when you are winning, paid, or flexing.","fedora, suit, thumbs-up, ring, pocket-watch, gloves, green, pinstripe, dollars, flex, money, cash, wealth, winning, success, bullish, moon, pump, rich",photo_22_0.jpg
21,https://t.me/jotchuacontent/21,photo,2026-06-09 03:19:55,Ayo.,"Jotchua is held up to the camera in a white cowboy hat, hills behind him. Send this for a howdy, a cowboy moment, or yeehaw.","cowboy-hat, western, country, yeehaw, howdy, outdoors, hills, white, held",photo_21_0.jpg
20,https://t.me/jotchuacontent/20,photo,2026-06-09 03:19:54,Ayo.,"Jotchua is propped up in bed in a starry nightcap, a teddy bear beside him, a lamp on the nightstand, and a crescent in the window. Big text says me tonight: no overthinking, no stress, just good vibes, then good night everyone, while the clock reads 10:30 PM, time to sleep. Send this when you are signing off for the night.","sleep, sleepy, sleeping, nap, tired, bedtime, goodnight, bed, blanket, nightcap, teddy-bear, lamp, clock, crescent, good-vibes, stars, pillow, text, me-tonight",photo_20_0.jpg
19,https://t.me/jotchuacontent/19,photo,2026-06-09 03:19:54,Ayo.,"Jotchua, in a bloodstained suit and a cap that reads I love peeing, holds a blue mug in a kitchen beside Doge, who wears a pink beanie and a bloodstained suit and holds a yellow mug. Send this for a cursed coffee break.","coffee, mug, kitchen, doge, shiba, suit, blood, beanie, cap, hat, i-love-peeing, tie, stained, pink",photo_19_0.jpg
17,https://t.me/jotchuacontent/17,photo,2026-06-09 03:19:52,Ayo.,A tight crop of Jotchua's face sits on white with the text Jotchua is him. Send this when this one is the guy.,"is-him, closeup, staring, portrait, text, face, cute, eyes",photo_17_0.jpg
16,https://t.me/jotchuacontent/16,photo,2026-06-09 03:19:52,Ayo.,"A tiny blank Jotchua stands with his back to us in a dark trading room, facing a wall of monitors and a huge cyan chart that runs upward. Ethereum marks sit on the side screens. Send this when you are parked in the charts or feeling small in the market.","trading, chart, candlestick, ethereum, eth, monitors, screens, desk, chair, staring, tiny, back-view, green, gaming-chair",photo_16_0.jpg
15,https://t.me/jotchuacontent/15,video,2026-06-09 03:18:24,peacefuldestroy,"A shaky montage slaps looks onto Jotchua: a black hat and suit, a white cap, the blue-and-gold Clash Royale crown, a Luigi hat with headphones beside another pup, then a black cap and sunglasses. It zooms into the painting of many Jotchuas at a table under gold Jotchua letters and cuts to black. Send this when the crown lands or the whole group shows up.","montage, crown, clash-royale, king, luigi, nintendo, headphones, sunglasses, cap, painting, table, text, zoom, suit, hat, gold",15_IMG_8014.MOV
14,https://t.me/jotchuacontent/14,photo,2026-06-09 03:18:21,peacefuldestroy,"Every face in the old Cossack painting is a Jotchua, packed around the table in hats and vests, with Jotchua in gold letters across the top. Drinks, pipes, and a shirtless figure fill the scene. Send this when the whole group is us.","painting, table, group, crowd, hats, pipe, drinking, gold, text, cossacks, vest, shirtless, ilya-repin",photo_14_0.jpg
13,https://t.me/jotchuacontent/13,photo,2026-06-09 03:18:20,peacefuldestroy,"Jotchua looks straight into the camera outdoors, a plastic chair and dry hills behind him. Send this when you are staring someone down or have nothing to say.","staring, portrait, plastic-chair, outdoors, hills, cute, face, eyes, closeup",photo_13_0.jpg
12,https://t.me/jotchuacontent/12,video,2026-06-09 03:18:18,peacefuldestroy,"Jotchua flashes through costumes while the words run the Bitter Sweet Symphony line: but I'm a million different people from one day to the next, I can't change my mould, then a string of nos. A Yankees chain, sombrero, Luigi hat, clown face, Rudolph, birthday hat, KFC bucket, and Dragon Ball looks are in the pile. Send this when you are all over the place or you cannot change.","montage, costumes, text, lyrics, bitter-sweet-symphony, the-verve, change, mould, no, kfc, yankees, chain, sombrero, luigi, clown, rudolph, christmas, birthday, dragon-ball, goku, nezuko, demon-slayer, crown, clash-royale",12_IMG_8023.MP4
11,https://t.me/jotchuacontent/11,photo,2026-06-09 03:18:17,peacefuldestroy,"A tiny glowing Jotchua head floats in a sunburst beside an open hand, against a blue sky. Send this when something is tiny, precious, or you are holding it up to the light.","tiny, small, smol, glowing, hand, fingers, sky, clouds, sun, floating, light, head, cute",photo_11_0.jpg
10,https://t.me/jotchuacontent/10,photo,2026-06-09 03:18:17,peacefuldestroy,"Jotchua wears a white hard hat and a navy safety vest with reflective stripes. Send this when you are on the job, building, or clocked in.","hard-hat, construction, worker, builder, vest, safety, reflective, uniform",photo_10_0.jpg
9,https://t.me/jotchuacontent/9,photo,2026-06-09 03:18:16,peacefuldestroy,"Square glasses and a tiny black mouth are drawn on Jotchua, and a finger points up beside his face. Send this when you are about to say actually.","nerd, glasses, pointing, finger, actually, ackchyually, doodle, know-it-all, mouth, emoji",photo_9_0.jpg
8,https://t.me/jotchuacontent/8,photo,2026-06-09 03:18:16,peacefuldestroy,"Jotchua's face fills the frame in the dark, eyes and mouth sunk into black holes, the fur smeared red. Send this when something is creepy, cursed, or watching you.","scared, fear, horror, creepy, scary, dark, distorted, stare, cursed, red, black",photo_8_0.jpg
7,https://t.me/jotchuacontent/7,photo,2026-06-09 03:18:15,peacefuldestroy,"Jotchua wears a Minecraft diamond helmet in a lava cave, a pixel sword in the corner and a blocky white wolf behind him. Send this when you are geared up in the Nether.","minecraft, diamond, helmet, sword, armor, lava, nether, wolf, cave, pixel",photo_7_0.jpg
6,https://t.me/jotchuacontent/6,photo,2026-06-09 03:18:14,peacefuldestroy,"Jotchua stands in Jedi robes and a black cape, holding a blue lightsaber, with lava and fire behind him. Send this when you are locked in or the vibe is Star Wars.","jedi, lightsaber, star-wars, cape, robe, lava, blue, volcano, fire, costume",photo_6_0.jpg
5,https://t.me/jotchuacontent/5,photo,2026-06-09 03:18:14,peacefuldestroy,"Jotchua sits calmly at the table in Ilya Repin's Reply of the Zaporozhian Cossacks while the men around him laugh, shout, smoke, and drink. Send this when the group is feral and you are just sitting in the middle of it.","painting, cossacks, ilya-repin, table, crowd, laughing, lol, pipe, smoking, drinking, shouting, chaos, man, male, guy, happy, smile, smiling, joy, excited, wholesome",photo_5_0.jpg
4,https://t.me/jotchuacontent/4,photo,2026-06-09 03:17:57,peacefuldestroy,"Jotchua wears a black Batman hood with pointed ears and a cape, and a large black crow sits on his head between the ears. Send this when you are Batman or the bird is the sidekick.","batman, cape, hood, crow, raven, bird, costume, black, pointed-ears",photo_4_0.jpg
3,https://t.me/jotchuacontent/3,photo,2026-06-09 03:17:56,peacefuldestroy,"Jotchua wears a wide-brim hat and red sunglasses, with a Pepe patch on his gray shirt, while a tattooed arm rests a gold baseball bat on his shoulder. Send this when you are posted up or flexing.","hat, wide-brim, sunglasses, pepe, tattoo, shirt, baseball-bat, gold, arm, flex, red, gray",photo_3_0.jpg
2,https://t.me/jotchuacontent/2,photo,2026-06-09 03:17:56,peacefuldestroy,"Jotchua wears a dark suit, light blue shirt, and patterned tie, and stares ahead with a straight face. Send this when you are in the meeting, keeping it professional, or playing it serious.","suit, tie, shirt, business, formal, serious, professional, meeting, straight-face",photo_2_0.jpg
